region,comuna,año,n_incendios,superficie_total_ha,superficie_media_ha,superficie_max_ha,n_catastroficos,t2m_medio,tp_medio,t2m_anomaly_medio,tp_anomaly_medio,n_incendios_temporada_alta,t2m_anomaly_z,tp_anomaly_z,estres_hidrico_score,ranking_severidad_anio
Metropolitana,San Pedro,2010,29,5328.61,183.74517241379309,3500.0,3,18.92376031034482,0.003279989671310345,-0.32666923079310345,-3.1974856724137926,28,-0.799396428725743,0.09028269963444423,-0.8896791283601873,1
Biobío,Coihueco,2010,24,3536.2099999999996,147.3420833333333,3231.6,2,16.947250145833333,0.1581147423925,-0.4852086283333332,-22.333937908333336,19,-1.0479202180757643,-0.6803479755722245,-0.3675722425035398,2
O'Higgins,Pichidegua,2010,6,3291.82,548.6366666666667,2889.7,2,20.123702166666664,0.005994612680666666,-0.5222070966666666,-3.95083215,5,-1.1059184172174854,0.05994521087061182,-1.1658636280880972,3
Valparaíso,La Ligua,2010,41,3113.4999999999995,75.93902439024389,3047.0,1,17.457074402439027,0.008447867992926829,-0.527654157317073,-2.2278515902439042,38,-1.1144571411855446,0.1293301551520042,-1.243787296337549,4
Valparaíso,Cartagena,2010,26,2675.9100000000003,102.9196153846154,2642.4,1,15.567278192307693,0.05385472770623077,-0.6177731207692309,-3.9242407499999983,23,-1.2557261672883029,0.06101605452982613,-1.316742221818129,5
Metropolitana,Melipilla,2010,139,2470.02,17.769928057553958,1300.0,4,17.617083615107894,0.028762925274086318,-0.7671483678920856,-1.7806456388489134,98,-1.489884383012868,0.14733927304027628,-1.6372236560531443,6
Biobío,Cabrero,2010,82,2440.3400000000006,29.760243902439033,1446.12,2,17.2008072195122,0.17640623436604885,-0.8628453090243899,-6.25838339634146,66,-1.6398973564970847,-0.03298057041418965,-1.606916786082895,7
O'Higgins,Coltauco,2010,12,2031.1599999999999,169.26333333333332,1770.52,2,20.949309666666668,0.027903045525,-0.41112931583333334,-8.866183441666667,12,-0.9317946887714621,-0.1379974609515478,-0.7937972278199144,8
Valparaíso,Quilpué,2010,37,1577.2299999999996,42.62783783783782,1324.1999999999998,1,16.232280121621613,0.041084111227621616,-0.5868400297297298,-2.3193019378378374,35,-1.2072359552607517,0.12564742220624348,-1.3328833774669953,9
O'Higgins,Las Cabras,2010,17,1549.1,91.12352941176471,1214.25,2,18.580611176470587,0.004148932527529412,-0.7521480087058826,-5.228663505882353,14,-1.466370063137768,0.008486558637493114,-1.4748566217752612,10
Metropolitana,Tiltil,2010,19,1349.72,71.0378947368421,650.0,3,17.80522894736842,0.17708948074347367,-1.1131836446315788,7.7635304768421,13,-2.032323672920349,0.5316861098338155,-2.5640097827541646,11
Biobío,Santa Juana,2010,15,1113.03,74.202,566.95,1,15.685514266666667,0.005846346506666667,-1.1670709633333332,8.586099719999998,12,-2.1167965600982757,0.5648112201439266,-2.681607780242202,12
Biobío,San Fabián,2010,12,1024.98,85.415,772.32,2,15.3180215,0.013177903974999997,-0.5494109,-44.537253858333344,6,-1.1485626582959039,-1.5744821730416285,0.42591951474572465,13
Maule,Sagrada Familia,2010,6,1007.5000000000001,167.91666666666669,1000.0,1,17.254768000000002,0.0076505045806666665,-1.3003409583333332,-0.2589209000000001,5,-2.325708443692723,0.20861958500827357,-2.5343280287009966,14
Metropolitana,Lampa,2010,42,951.2400000000002,22.648571428571433,800.0,1,18.36151266666667,0.18954560793395236,-1.0938475634285711,11.282813697619053,27,-2.0020127455022494,0.6734087014216246,-2.675421446923874,15
Biobío,Ránquil,2010,14,813.1499999999999,58.08214285714285,430.1,2,18.77606907142857,0.016862393748857143,-0.4537423642857142,-4.326801107142857,13,-0.9985942126844655,0.04480482812213604,-1.0433990408066016,16
Maule,San Javier,2010,30,741.89,24.729666666666667,450.0,2,18.35846823333333,8.681478569999999E-4,-0.7583679797333336,-5.8127481234,23,-1.4761203888824919,-0.0150347042186689,-1.461085684663823,17
Valparaíso,Puchuncavi,2010,18,731.2,40.62222222222223,689.0,1,15.135988722222221,0.013764585371333331,-0.6900980227777779,-1.0429072766666665,16,-1.3691015111486327,0.17704821831212947,-1.5461497294607622,18
Valparaíso,Villa Alemana,2010,36,665.2400000000001,18.478888888888893,471.0,1,16.77314919444444,0.00740116762438889,-0.7411111466666667,-1.5218746999999997,30,-1.4490688571342365,0.15776005641592686,-1.6068289135501634,19
Maule,San Clemente,2010,19,660.68,34.77263157894737,400.0,1,15.704518736842104,0.17261814051410526,-0.8072883588578946,-12.533044147368418,15,-1.5528071821030254,-0.28566304215158145,-1.2671441399514438,20
O'Higgins,Lolol,2010,8,656.55,82.06875,517.0,1,17.883990875000002,0.0013683457,-0.6483430975,-6.194863450000001,7,-1.30364716721228,-0.030422603109971712,-1.2732245641023083,21
O'Higgins,San Fernando,2010,24,597.35,24.889583333333334,560.0,1,16.895028466666663,0.09372077443558335,-0.7911765761666668,-5.387591286666667,14,-1.5275506127597998,0.0020864892042976708,-1.5296371019640975,22
O'Higgins,Marchigue,2010,8,575.2,71.9,250.0,1,17.868302125,8.475035524999999E-5,-0.8250110095,-2.875262137499999,7,-1.580588921930723,0.10325873809846019,-1.6838476600291832,23
Biobío,Quillón,2010,46,539.7800000000001,11.734347826086958,327.5,1,17.336784086956524,0.3006223571809131,-0.6933497769565218,-10.562849721739125,32,-1.3741989082819297,-0.2063227212920415,-1.1678761869898882,24
Metropolitana,Talagante,2010,12,514.7,42.89166666666667,500.0,1,17.456269499999998,0.12879306812366667,-0.8612119443333334,-5.843092869999999,9,-1.637336920487424,-0.016256696272004635,-1.6210802242154194,25
Valparaíso,San Antonio,2010,157,468.3799999999998,2.983312101910827,71.0,0,15.716089251592358,0.012804290896280256,-0.6336807107006373,-2.7621217901910877,142,-1.280662647371597,0.10781493384283787,-1.3884775812144348,26
Biobío,San Carlos,2010,18,395.73,21.985,183.5,0,17.13110988888889,0.009524222146666666,-1.0461487305555552,-5.146408852777778,15,-1.9272408283819813,0.011798978206146917,-1.9390398065881282,27
O'Higgins,Mostazal,2010,8,393.6,49.2,370.0,1,19.315115875,0.0076883005875,-0.3092988675,-8.4980347,7,-0.772166928835073,-0.12317200062747867,-0.6489949282075943,28
Valparaíso,Olmué,2010,13,365.38000000000005,28.106153846153852,250.0,1,18.531110692307692,0.018524793623076925,-0.23943344780769227,-1.948672769230769,12,-0.6626470295806561,0.14057277006768457,-0.8032197996483407,29
Biobío,Hualqui,2010,39,347.86999999999995,8.919743589743588,100.0,0,17.09663092307692,0.06515972271933333,-0.6103929823153847,1.0853470410256398,33,-1.2441571818945478,0.2627536584655676,-1.5069108403601155,30
Biobío,Chillán,2010,113,345.86999999999995,3.0607964601769906,130.0,0,17.208263323008847,0.07059439065892034,-0.9884130746902646,-6.2950584557522165,91,-1.8367353502555757,-0.034457486064411666,-1.802277864191164,31
Valparaíso,Limache,2010,12,337.96,28.16333333333333,204.7,1,16.192892625000002,0.021609633161333335,-0.8045131358333334,-3.2684442750000002,7,-1.548456787481522,0.08742517541059201,-1.635881962892114,32
O'Higgins,Pumanque,2010,7,325.8,46.542857142857144,210.0,1,18.665773714285713,0.027621164285714286,-0.784768237142857,-4.040705857142856,7,-1.5175050043977985,0.05632596970903307,-1.5738309741068315,33
O'Higgins,Malloa,2010,4,308.3,77.075,300.0,1,18.637941,1.20606275E-4,-1.50962305,-3.8583705100000003,4,-2.653775657716925,0.06366866886509685,-2.717444326582022,34
Metropolitana,Colina,2010,40,295.84999999999997,7.396249999999999,210.0,1,17.883824375,0.46050169386445006,-1.0566614102499998,13.960508392249997,25,-1.9437203346398717,0.7812402704648926,-2.7249606051047643,35
Valparaíso,Hijuelas,2010,6,292.9,48.81666666666666,150.0,0,18.560960166666668,0.10427615032800001,-0.20510944025,3.390773333333334,4,-0.6088412717925843,0.35559386721363995,-0.9644351390062242,36
Valparaíso,Zapallar,2010,5,285.8,57.160000000000004,265.0,1,17.4123978,0.010367110294,-0.709993934,-3.09095658,4,-1.4002900190289123,0.09457265815987567,-1.4948626771887878,37
Valparaíso,Valparaíso,2010,98,276.20000000000005,2.8183673469387758,186.0,0,15.535113535714279,0.016152306726346936,-0.531200756081633,-2.6370724153061214,77,-1.1200167319115588,0.11285070970211082,-1.2328674416136696,38
Metropolitana,San Bernardo,2010,23,275.83000000000004,11.992608695652176,230.0,1,20.512161260869565,0.09850752915008694,-0.6908985730434782,-1.8424113052173912,21,-1.3703564407666573,0.1448519511171046,-1.515208391883762,39
Valparaíso,Santo Domingo,2010,13,256.91999999999996,19.76307692307692,115.0,0,16.968612769230766,0.015060918621846156,-0.13998516353846158,-2.5665835230769227,11,-0.5067535114116108,0.11568931854890614,-0.622442829960517,40
Maule,Rauco,2010,11,255.25,23.204545454545453,200.0,1,20.101678727272724,0.0019026073636363634,-0.9591978163636363,-4.349629227272728,11,-1.7909379849392921,0.043885532872812834,-1.834823517812105,41
Maule,Río Claro,2010,17,250.05,14.708823529411765,200.0,1,18.429217382352945,0.033801532763764706,-0.932152132352941,-7.367572870588234,13,-1.7485416091476174,-0.07764796345721614,-1.670893645690401,42
Maule,Curicó,2010,25,239.96999999999997,9.598799999999999,203.7,1,18.165379039999994,0.009247437219759999,-0.5098705687999999,-11.518094811999998,21,-1.0865798761329695,-0.2447907277866747,-0.8417891483462947,43
Biobío,Lebu,2010,88,227.66999999999996,2.5871590909090902,208.38,1,13.787959454545454,0.0686454806045682,-0.3085658969318184,4.045189395454545,74,-0.7710179360552796,0.3819473984534562,-1.1529653345087358,44
Maule,Curepto,2010,13,226.17999999999998,17.398461538461536,201.0,1,14.92672153846154,0.003141279320307692,-0.5406614435384616,-12.895561240000003,6,-1.1348471521926162,-0.3002617142787095,-0.8345854379139067,45
Maule,Cauquenes,2010,14,215.4,15.385714285714286,82.0,0,17.374457392857146,0.008150403106,-0.6346670571428572,-2.8810621571428565,10,-1.282208828063814,0.10302516956660884,-1.3852339976304229,46
O'Higgins,Paredones,2010,6,211.8,35.300000000000004,198.0,0,17.807561166666662,7.450580666666667E-6,-0.53406096,-2.2203764383333335,6,-1.1245003412044852,0.12963118176305508,-1.2541315229675403,47
Maule,Empedrado,2010,3,200.22,66.74,200.0,1,14.4263445,0.0,-0.7901309366666668,-11.251802066666665,2,-1.5259114852314632,-0.23406703900628134,-1.291844446225182,48
Coquimbo,Coquimbo,2010,2,198.0,99.0,190.0,0,16.723996,0.0,-0.70986367,-0.203328492,2,-1.4000858192943466,0.2108583079640883,-1.6109441272584348,49
Valparaíso,Nogales,2010,6,184.5,30.75,67.9,0,18.557484499999997,1.0554989166666668E-4,-0.4357658953333334,-2.1813841333333333,6,-0.9704145913884716,0.13120141358866025,-1.101616004977132,50
Valparaíso,Concón,2010,17,181.16,10.656470588235294,97.0,0,15.138305470588236,0.001724809427647059,-0.5571122917647059,-2.3083884823529406,10,-1.1606352351716174,0.12608691033421413,-1.2867221455058315,51
Biobío,Ñiquén,2010,5,149.0,29.8,50.0,0,20.3614748,8.9406968E-6,-0.23872185000000004,-12.214321360000001,5,-0.6615315403937115,-0.27282797984194157,-0.38870356055176997,52
Metropolitana,Pudahuel,2010,15,146.97,9.798,130.0,0,18.487599799999998,0.025907158898933337,-0.7283547539999999,8.735866783333334,8,-1.4290721427960709,0.5708423847358488,-1.9999145275319197,53
O'Higgins,Peumo,2010,13,136.97000000000003,10.536153846153848,82.0,0,20.33488053846154,0.709989787191077,-0.3782462341538462,-5.5724059384615385,11,-0.8802477030298348,-0.00535605229424795,-0.8748916507355868,54
Valparaíso,Quintero,2010,7,132.02,18.860000000000003,80.0,0,16.533933,0.011367723100000001,-0.34506430000000005,-2.1429813942857145,7,-0.8282322409943861,0.13274790341640913,-0.9609801444107953,55
Valparaíso,Casablanca,2010,27,131.01,4.852222222222222,30.0,0,15.988696018518523,0.006879024508296296,-0.46840908481481486,-3.4739542518518514,23,-1.0215855260096276,0.07914922696045136,-1.100734752970079,56
Maule,Maule,2010,41,127.71,3.1148780487804877,62.0,0,18.337491975609755,0.0017894113951707322,-0.7634198648780487,-8.496208824097561,31,-1.4840396421343978,-0.12309847205686417,-1.3609411700775336,57
Biobío,Bulnes,2010,20,122.21999999999998,6.110999999999999,73.0,0,18.293312450000002,0.19388728344129996,-0.8409111369999998,9.744429985,19,-1.6055137040275247,0.6114575275798346,-2.216971231607359,58
Araucanía,Ercilla,2010,91,111.22000000000003,1.2221978021978026,30.0,0,15.908122142857142,0.04238516428316483,-0.9168494795604396,-11.68844065054945,73,-1.7245534187160554,-0.2516506058331188,-1.4729028128829365,59
Valparaíso,Viña del Mar,2010,44,99.27000000000002,2.2561363636363643,70.0,0,15.773982181818186,0.026966972724863637,-0.48778901681818193,-2.284115581818183,35,-1.0519651932314633,0.1270643873240824,-1.1790295805555457,60
O'Higgins,La Estrella,2010,8,98.0,12.25,60.0,0,18.7656886875,5.5879355E-6,-0.16027546125,-2.3559347625,4,-0.5385602531587655,0.12417220736202378,-0.6627324605207894,61
Biobío,El Carmen,2010,9,94.86999999999999,10.54111111111111,42.0,0,15.976026222222222,0.0018388446444444445,-0.5571538044444444,-17.31451088888889,7,-1.1607003097753739,-0.4782141429548851,-0.6824861668204887,62
O'Higgins,Chimbarongo,2010,3,88.0,29.333333333333332,72.0,0,21.041934333333334,0.0,-0.3186016,-9.70717,3,-0.7867497414865651,-0.17186424207159623,-0.6148854994149688,63
O'Higgins,Machalí,2010,17,78.35000000000001,4.608823529411765,30.0,0,13.538445205882354,0.3228853720569412,-0.29107458541176473,-12.078511164705882,12,-0.7435988396848499,-0.26735886251501045,-0.4762399771698394,64
Metropolitana,Alhué,2010,5,75.6,15.12,67.0,0,18.992622,0.008350983340000001,-0.63327542,-0.5374696800000001,2,-1.2800273202398338,0.19740234203329438,-1.4774296622731282,65
Biobío,Tucapel,2010,29,75.17999999999999,2.592413793103448,18.0,0,15.935168482758622,0.38481603478344834,-1.1910181499999999,0.2000185517241312,24,-2.1543357816861595,0.22710121447652445,-2.381436996162684,66
Araucanía,Victoria,2010,37,74.76,2.0205405405405408,45.0,0,15.37676687837837,0.20345396754994596,-0.967649071621622,5.571387572972968,33,-1.8041860356703157,0.4434078571393446,-2.24759389280966,67
Maule,Hualañé,2010,10,74.17000000000002,7.417000000000002,60.0,0,18.733994900000003,0.014088302665999999,-0.734327173,-9.368465948,10,-1.4384344099958655,-0.1582245282380121,-1.2802098817578533,68
Biobío,Curanilahue,2010,165,69.41000000000011,0.42066666666666735,36.0,0,14.846883877575761,0.562333050624012,-0.6857234820727253,2.624733597212127,130,-1.362244052059262,0.3247452171188144,-1.6869892691780763,69
Maule,Linares,2010,12,67.8,5.6499999999999995,20.0,0,17.362625333333334,4.5914203333333333E-4,-0.9587392833333336,-7.787555658333332,11,-1.7902191959947074,-0.09456079637447352,-1.695658399620234,70
Biobío,Yumbel,2010,59,66.29,1.1235593220338984,12.5,0,17.539469661016945,0.005334015809898306,-0.9793488828813556,3.852230584745762,50,-1.8225264701242259,0.3741768892310377,-2.1967033593552636,71
O'Higgins,Litueche,2010,11,65.1,5.918181818181818,50.0,0,16.557489,0.05891985627272727,-0.5118811290909091,-2.207569027272727,8,-1.08973159784988,0.13014694005051644,-1.2198785379003965,72
Biobío,Tirúa,2010,58,63.72,1.0986206896551725,20.0,0,13.781499858620688,0.07629832647558624,-0.3755461613793102,1.848401853448275,48,-0.8760151127219382,0.29348210478714865,-1.169497217509087,73
O'Higgins,Nancagua,2010,3,63.5,21.166666666666668,60.0,0,20.537536,0.0,-0.17979367666666668,-2.7217875333333335,2,-0.569156691217445,0.10943920647253186,-0.6785958976899769,74
Biobío,San Pedro de la Paz,2010,46,61.86000000000001,1.3447826086956522,32.0,0,15.358915000000005,0.16923824354839134,-0.47968990586956517,3.8820270567391315,42,-1.0392691582108577,0.3753768021014038,-1.4146459603122614,75
Maule,Vichuquén,2010,6,61.61,10.268333333333333,60.0,0,18.040854166666666,0.01621743058066667,-0.223009275,-3.1695914883333334,6,-0.6369007625553164,0.09140600679959966,-0.728306769354916,76
Biobío,Mulchén,2010,50,60.45000000000001,1.2090000000000003,15.0,0,15.989871760000002,0.02942487670712,-1.2384884400000005,4.390995891999998,40,-2.228749438703816,0.39587312986063256,-2.6246225685644484,77
Biobío,Tomé,2010,117,59.89999999999997,0.5119658119658117,10.0,0,15.116062683760687,0.08394384236247865,-0.5442715861538459,-9.00007664991453,69,-1.1405063532290125,-0.14338938063475648,-0.997116972594256,78
Biobío,Los Angeles,2010,120,59.799999999999976,0.49833333333333313,6.5,0,16.387852340000013,0.0923087426368167,-0.7802150534166675,-8.906111036666656,86,-1.5103675074046465,-0.139605357186173,-1.3707621502184735,79
Maule,Constitución,2010,38,59.629999999999995,1.5692105263157894,22.0,0,14.814917342105266,0.04262378903784211,-0.6177628718947367,-1.3383117815789478,29,-1.2557101013188001,0.16515219023581015,-1.4208622915546103,80
Maule,Teno,2010,8,57.85,7.23125,30.0,0,19.94495075,0.0806265716855,-0.773774031375,-7.880503174999999,8,-1.5002706656737068,-0.0983038207681576,-1.4019668449055491,81
Araucanía,Lumaco,2010,39,56.35,1.4448717948717948,19.2,0,14.045642833333332,0.30591304903333333,-0.9675950153846156,-6.476592512564102,25,-1.8041012979895419,-0.04176791701834586,-1.762333380971196,82
Coquimbo,Illapel,2010,3,56.0,18.666666666666668,45.0,0,16.95278933333333,0.4430938130666666,-0.9186951200000001,5.897424061666666,2,-1.7274466147476653,0.45653744439650756,-2.183984059144173,83
Metropolitana,Peñaflor,2010,6,54.51,9.084999999999999,50.0,0,20.705124333333334,0.0,0.257930439,-2.5380391,5,0.11701253613667374,0.11683881103361364,1.737251030601017E-4,84
Coquimbo,Los Vilos,2010,6,51.800000000000004,8.633333333333335,22.0,0,18.486034333333333,0.0017161170806666666,-0.49890517166666665,-0.6884346900000001,6,-1.0693906973573133,0.19132293576955067,-1.260713633126864,85
Biobío,Florida,2010,52,47.199999999999996,0.9076923076923076,17.0,0,16.769377721153855,0.04844620453392308,-0.5051063965,-12.227943009807696,33,-1.0791116368720506,-0.273376527768136,-0.8057351091039147,86
Aysén,Chile Chico,2010,1,45.0,45.0,45.0,0,10.164697,2.4498198,-1.8004599,9.893318,1,-3.109686788742148,0.6174532926315335,-3.7271400813736815,87
Metropolitana,Paine,2010,13,42.010000000000005,3.231538461538462,25.0,0,18.61143984615385,0.10489306619384615,-0.5035095230769231,-2.355376092307692,11,-1.0766084039824801,0.1241947051783488,-1.2008031091608289,88
Biobío,Nacimiento,2010,24,41.78000000000001,1.7408333333333337,10.5,0,16.832184145833335,0.33267400068549996,-0.54630339375,-14.662432533333337,15,-1.1436913818771643,-0.37141415157473995,-0.7722772303024243,89
Biobío,Coronel,2010,52,40.699999999999996,0.7826923076923076,9.0,0,15.310950269230771,0.01489274361415385,-0.5786315640384615,4.931631503269232,44,-1.19436849751842,0.41764468819426953,-1.6120131857126894,90
Maule,Parral,2010,17,37.33,2.1958823529411764,8.0,0,16.088092470588236,0.24751399776282348,-1.0556361411764708,-11.230100194117647,13,-1.9421131394618267,-0.23319309808507407,-1.7089200413767527,91
O'Higgins,Rengo,2010,21,35.3,1.6809523809523808,12.0,0,14.969574661904764,0.15425672806590476,-0.6786578276190476,-7.706944895238097,16,-1.3511680466857698,-0.09131457674989739,-1.2598534699358725,92
O'Higgins,San Vicente,2010,17,34.38,2.0223529411764707,7.53,0,20.239024176470586,0.01769885502658823,-0.9267531093529413,-5.343895391764705,16,-1.7400781882215517,0.003846136007002972,-1.7439243242285547,93
Maule,Talca,2010,39,33.67,0.8633333333333334,7.0,0,18.120859128205126,0.013123720059487178,-0.9998024142564105,-3.473693789282049,33,-1.8545890943159717,0.07915971586631323,-1.933748810182285,94
Biobío,Chillán Viejo,2010,19,32.61000000000001,1.7163157894736845,13.8,0,17.837222157894736,0.025329229149578945,-1.0567922036842106,3.4709552105263164,16,-1.9439253643069228,0.3588228154742054,-2.302748179781128,95
Metropolitana,Calera de Tango,2010,5,31.52,6.304,30.0,0,19.0414458,0.068556140954,-1.7940335000000005,7.240589968,4,-3.0996128682866755,0.5106271385859747,-3.61024000687265,96
Araucanía,Collipulli,2010,85,30.760000000000012,0.3618823529411766,5.0,0,14.721132081176476,0.19919211670541181,-0.8491682293529406,-5.107964263058823,63,-1.6184573881363609,0.013347153372991707,-1.6318045415093525,97
Metropolitana,Huechuraba,2010,21,30.150000000000006,1.435714285714286,8.0,0,18.190213,0.5558553589285713,-0.22716527761904765,4.880410761904762,13,-0.6434156448839958,0.4155820135659914,-1.0589976584499872,98
Valparaíso,Llay-Llay,2010,2,30.0,15.0,20.0,0,17.1279335,0.13053417,-0.21893883075,2.5284155000000004,0,-0.6305200001388873,0.3208664584349096,-0.9513864585737969,99
Coquimbo,Rio Hurtado,2010,1,30.0,30.0,30.0,0,11.032928,0.0,-0.8393173,1.6100397,0,-1.6030152309855437,0.28388318932512946,-1.8868984203106731,99
Maule,Molina,2010,11,29.71,2.700909090909091,11.5,0,17.866194727272728,0.12093054048036365,-0.5439016218181819,-11.538270590909091,11,-1.1399264031342717,-0.24560321245895642,-0.8943231906753153,101
Magallanes,Natales,2010,5,27.34,5.468,25.8,0,9.294574800000001,9.99293552,-0.9160320183999999,43.33467974,4,-1.7232719798535963,1.9641469670814944,-3.6874189469350904,102
O'Higgins,Pichilemu,2010,7,26.349999999999998,3.764285714285714,23.0,0,15.644287857142857,0.7040705691199999,-0.2146655464285714,-3.1971704142857145,4,-0.6238212689149215,0.09029539517388435,-0.7141166640888059,103
Metropolitana,Curacaví,2010,43,22.79000000000001,0.5300000000000002,8.0,0,18.83883030232558,0.023255428409906975,-0.6479007596279073,-2.5890288837209305,37,-1.3029537655351504,0.1147854371389611,-1.4177392026741116,104
Los Ríos,Corral,2010,8,22.75,2.84375,8.5,0,13.735060625,0.01376226976925,-0.8975957556250002,29.339226775000004,7,-1.6943715932154229,1.4005458755480893,-3.094917468763512,105
Biobío,San Nicolás,2010,9,22.36,2.4844444444444442,13.0,0,18.75573288888889,0.0,-0.8624150999999999,7.799804666666666,9,-1.6392229678049814,0.5331468823454835,-2.172369850150465,106
Araucanía,Galvarino,2010,20,21.88,1.0939999999999999,5.5,0,14.088338275000002,0.14348738162419997,-0.3321700985,-19.770238635,13,-0.8080194997632383,-0.5771070363595031,-0.23091246340373517,107
Araucanía,Purén,2010,23,20.740000000000002,0.9017391304347827,6.5,0,13.581262652173912,0.011013415969565215,-0.5246446565217391,-3.5208582130434785,18,-1.1097394965286793,0.07726039036538361,-1.186999886894063,108
Maule,Retiro,2010,5,20.5,4.1,12.0,0,16.675314800000002,0.89657126684,-0.673156748,-10.908768652000001,3,-1.3425446434582222,-0.22025298043868408,-1.122291663019538,109
Coquimbo,Salamanca,2010,1,20.0,20.0,20.0,0,18.338253,2.3364403,0.24680519,0.29626083,1,0.09957277616634247,0.23097691990910965,-0.13140414374276718,110
O'Higgins,Santa Cruz,2010,2,20.0,10.0,17.0,0,19.681741,2.933666E-4,-0.13192558499999998,-2.9220864000000004,1,-0.4941194467562667,0.10137311099362518,-0.5954925577498918,110
Maule,Pencahue,2010,9,19.77,2.1966666666666668,13.0,0,17.73282077777778,0.011293010575999999,-0.8707953600000001,-2.7525751157777782,8,-1.6523597275205593,0.10819938128682635,-1.7605591088073855,112
Araucanía,Villarrica,2010,8,19.620000000000005,2.4525000000000006,14.2,0,15.612125125,0.9036822900625,-0.9594974437500001,15.481612275,5,-1.7914076759726094,0.8424955803714415,-2.633903256344051,113
Biobío,Quilleco,2010,15,19.6,1.3066666666666669,8.9,0,16.191261533333332,0.7551546555656,-0.7870479006666666,-24.125933,12,-1.5210785679799133,-0.7525121557678625,-0.7685664122120508,114
Maule,Romeral,2010,7,19.3,2.757142857142857,9.0,0,19.216142714285713,0.006896576471428571,-0.44473894,-9.212245014285713,7,-0.9844805907373156,-0.15193346434876698,-0.8325471263885487,115
Biobío,Yungay,2010,19,18.71,0.9847368421052632,5.0,0,17.235475684210524,8.668162210526316E-4,-0.6314704315789473,-10.2233589,16,-1.2771978496533878,-0.19265132400491952,-1.0845465256484683,116
Valparaíso,La Cruz,2010,5,18.36,3.6719999999999997,11.2,0,17.685701,4.4703484E-6,-0.6242408747999999,2.1040903,3,-1.2658649136519804,0.30377875527280396,-1.5696436689247844,117
Biobío,Negrete,2010,10,18.240000000000002,1.8240000000000003,10.0,0,16.287023800000004,0.5780233356583999,-0.8744639280000002,2.559515840000001,9,-1.6581105152426894,0.32211887846124915,-1.9802293937039386,118
Valparaíso,Petorca,2010,2,17.9,8.95,11.0,0,15.57390075,0.210293991742,-1.5724768500000001,-1.3915856999999998,2,-2.7523042556137636,0.16300683355121737,-2.915311089164981,119
Biobío,Arauco,2010,66,17.75000000000001,0.2689393939393941,6.0,0,14.724608651515148,0.1674579214713031,-0.4994205239393938,-9.697483827272727,45,-1.070198555225171,-0.17147417698863507,-0.8987243782365358,120
Biobío,Ninhue,2010,6,17.7,2.9499999999999997,6.7,0,17.141306166666666,1.4901161666666667E-5,-0.73068397,4.3571806833333335,5,-1.432723384036519,0.3945113812582384,-1.8272347652947574,121
Araucanía,Angol,2010,49,16.830000000000002,0.34346938775510205,3.2,0,16.301162857142856,0.190883785538449,-0.9836445391836738,5.38654439755102,42,-1.8292602713027406,0.4359641669857755,-2.265224438288516,122
Metropolitana,Buin,2010,5,15.899999999999999,3.1799999999999997,13.0,0,20.7535692,0.2562005,-0.8339474000000001,4.397340292000001,4,-1.5945974628021364,0.39612862075285793,-1.9907260835549945,123
Biobío,Los Alamos,2010,89,15.86999999999999,0.17831460674157293,4.5,0,13.313085022471917,0.4489916279485168,-0.4067224505617977,-3.8626754629213536,68,-0.9248865582157172,0.06349530711885383,-0.9883818653345711,124
Coquimbo,Ovalle,2010,7,15.55,2.2214285714285715,8.0,0,16.95595,8.259500571428571E-4,-0.3194469657142857,-0.33601322285714286,3,-0.788074923075246,0.20551505402811954,-0.9935899771033655,125
Maule,Licantén,2010,4,15.5,3.875,12.0,0,16.1995295,1.1175871E-5,-0.620971205,-6.782158135,3,-1.2607394322812497,-0.05407313634712637,-1.2066662959341234,126
Biobío,Laja,2010,10,15.329999999999998,1.533,4.9,0,18.956585800000003,8.0280006E-5,-0.5084491780000001,-0.49642892999999944,9,-1.0843517269584175,0.19905506535387538,-1.283406792312293,127
O'Higgins,Navidad,2010,2,15.3,7.65,15.0,0,15.890663250000001,0.18908362,-0.27659798,-0.8010688850000001,1,-0.7209055477354854,0.18678712293057076,-0.9076926706660562,128
Biobío,Talcahuano,2010,22,15.249999999999998,0.6931818181818181,2.0,0,16.64957568181818,0.002038749770090909,-0.4620205686363636,0.16229259363636336,19,-1.0115709916186428,0.2255819788211596,-1.2371529704398023,129
Biobío,Cañete,2010,39,14.28,0.36615384615384616,5.5,0,13.98427608974359,0.15372125307507695,-0.45674993984615386,6.117247291641026,35,-1.0033088393743224,0.46538979184590984,-1.4686986312202321,130
Metropolitana,Renca,2010,13,13.5,1.0384615384615385,3.5,0,19.067986384615388,0.07018131807876923,-0.37736789692307693,14.47727338076923,7,-0.8788708358264472,0.8020505516557942,-1.6809213874822415,131
Los Lagos,Osorno,2010,1,13.2,13.2,13.2,0,10.732513,5.3457916E-4,-0.40712166,-14.556412,0,-0.9255123524590764,-0.3671446728761188,-0.5583676795829575,132
O'Higgins,Quinta de Tilcoco,2010,2,13.0,6.5,10.0,0,18.233674,0.34572835,-0.0502615,-2.2670495,1,-0.36610415104497707,0.12775164356116028,-0.4938557946061374,133
Biobío,Portezuelo,2010,12,12.83,1.0691666666666666,4.0,0,17.009819416666666,0.005438613373666668,-0.6237716716666667,5.736280666666667,12,-1.2651293984268686,0.45004815151384603,-1.7151775499407145,134
Biobío,Penco,2010,59,12.599999999999996,0.21355932203389824,1.0,0,15.931196677966105,7.58317573220339E-4,-0.42567363084745796,-4.230615940677967,41,-0.9545941211957807,0.048678233644951455,-1.003272354840732,135
O'Higgins,Requínoa,2010,15,12.479999999999999,0.832,5.0,0,16.058129733333335,0.054794422864533336,-0.5119656313333334,-7.272200520000002,9,-1.0898640621951576,-0.07380729027371448,-1.016056771921443,136
Biobío,Hualpén,2010,9,12.440000000000001,1.3822222222222225,7.0,0,16.105372277777782,0.5395310781648889,-0.37562921099999996,-1.5469969411111109,7,-0.8761452999609347,0.15674837622612545,-1.0328936761870602,137
Aysén,Coihaique,2010,7,12.399999999999999,1.7714285714285711,6.0,0,8.199933157142857,6.777366542999999,-0.9705545691428572,11.708154938571427,4,-1.8087406464808005,0.6905373208578395,-2.49927796733864,138
Metropolitana,Peñalolén,2010,10,12.2,1.22,4.8,0,14.612610400000003,0.9479879098599999,-1.558307101,15.266151619999999,8,-2.7300919868007383,0.8338189151256515,-3.56391090192639,139
Araucanía,Carahue,2010,10,11.55,1.155,6.2,0,14.767209750000001,0.01436639625,-0.7491967180000001,9.92955017,9,-1.4617436676734277,0.6189123729922543,-2.0806560406656818,140
Maule,Pelarco,2010,11,11.230000000000002,1.0209090909090912,2.5,0,17.467583181818185,0.07277904972036363,-1.2897161936363635,-8.888449545454545,9,-2.3090532348019916,-0.13889412363409387,-2.170159111167898,141
Los Ríos,La Unión,2010,5,11.149999999999999,2.2299999999999995,6.2,0,13.402158539999999,0.3912219814,-1.00624636,7.425897168000001,5,-1.8646905191946457,0.5180895151485757,-2.3827800343432215,142
Biobío,Quirihue,2010,13,11.11,0.8546153846153846,4.1,0,14.736861423076924,0.06001161996307692,-0.8046032830769232,-5.0475549869230765,8,-1.5485981008391103,0.01577985305438065,-1.564377953893491,143
Maule,Pelluhue,2010,4,10.3,2.575,4.0,0,15.450308250000003,0.0,-0.7448878225,-10.447599,3,-1.45498911294326,-0.20168154013594566,-1.2533075728073142,144
Los Lagos,Puerto Montt,2010,23,10.01,0.43521739130434783,1.5,0,12.76986231304348,0.19190873311669562,-0.6488114891304347,12.783043121739128,17,-1.304381410338604,0.7338233906138301,-2.038204800952434,145
Araucanía,Temuco,2010,9,9.889999999999999,1.0988888888888888,5.0,0,13.77476922222222,1.2423711098888885,-0.8099154366666667,17.60362366666667,8,-1.5569253466859814,0.9279496160200587,-2.48487496270604,146
Biobío,Pinto,2010,9,9.68,1.0755555555555556,7.3,0,17.23680322222222,5.198849504444445E-4,-1.1443485777777778,13.137403599999999,7,-2.0811773168757455,0.7480935934321015,-2.829270910307847,147
Los Lagos,Castro,2010,5,9.5,1.9,2.5,0,14.4816454,0.292138006,0.13321398599999998,-5.04169774,5,-0.07849095368823718,0.016015726145982765,-0.09450667983421994,148
Metropolitana,Puente Alto,2010,9,9.499999999999998,1.0555555555555554,2.5,0,13.987669333333335,1.245026774777778,-1.4494025177777776,12.305948555555554,8,-2.5593749276981037,0.7146106492371727,-3.273985576935276,149
Metropolitana,San José de Maipo,2010,3,9.2,3.0666666666666664,7.0,0,14.597316,0.010641912666666668,-0.134969078,-10.032512333333335,2,-0.49889037704208616,-0.1849658754840517,-0.3139245015580345,150
Valparaíso,Quillota,2010,4,9.069999999999999,2.2674999999999996,5.0,0,16.643055750000002,1.7369166E-4,-0.9678838350000001,-0.07596874999999992,3,-1.804554046936287,0.21598712300052342,-2.0205411699368105,151
Biobío,Pemuco,2010,16,8.919999999999998,0.5574999999999999,2.0,0,17.28010175,0.6609629468567503,-0.9725267837499998,-3.6629176,12,-1.8118322581254969,0.0715396162145584,-1.8833718743400554,152
Metropolitana,Maipú,2010,4,8.9,2.225,7.0,0,19.89000975,0.093585810871,-0.5476002375,-4.21494425,4,-1.145724293115288,0.04930933733229652,-1.1950336304475846,153
Biobío,Concepción,2010,33,8.829999999999997,0.26757575757575747,1.16,0,16.22153540909091,0.004845248162666668,-0.4147458809090908,-9.340126757575755,24,-0.9374639575526185,-0.15708330053382696,-0.7803806570187914,154
Biobío,Coelemu,2010,29,8.78,0.30275862068965514,2.1,0,16.547954379310344,0.5068598939117931,-0.5904880006896552,-0.9577859779310343,24,-1.212954455396779,0.18047607856074868,-1.3934305339575277,155
Valparaíso,Calera,2010,3,8.5,2.8333333333333335,4.5,0,18.513550666666667,1.4901161333333334E-5,-0.9283638,-1.6724297333333336,3,-1.7426030807674315,0.15169716003560127,-1.8943002408030327,156
Metropolitana,Quilicura,2010,8,8.3,1.0375,2.6,0,19.909274749999994,0.29760183321399997,-0.7735223787500001,12.111884437499999,4,-1.4998761790985389,0.7067956289561497,-2.2066718080546885,157
O'Higgins,Rancagua,2010,3,8.08,2.6933333333333334,7.0,0,19.745561999999996,0.012983878333333332,-0.17032115,-1.3119591999999998,2,-0.5543077119829821,0.16621341660552902,-0.7205211285885111,158
Maule,Longaví,2010,6,7.6499999999999995,1.275,2.5,0,18.727105166666664,0.08215135006666667,-1.2035630566666669,1.2218057333333332,6,-2.1740009739993273,0.268248890961877,-2.4422498649612043,159
Maule,Yerbas Buenas,2010,3,7.53,2.5100000000000002,6.0,0,17.248540333333334,1.3406238666666666,-1.15521175,0.06255333333333309,3,-2.09820624953801,0.221565448872747,-2.319771698410757,160
Metropolitana,Isla de Maipo,2010,5,7.199999999999999,1.44,5.0,0,15.868995799999999,0.22429823414000002,-1.0656543840000001,15.130075372000002,2,-1.9578175744966602,0.828339083776401,-2.786156658273061,161
Valparaíso,Algarrobo,2010,7,6.99,0.9985714285714286,4.0,0,15.622935071428573,0.005829280885714287,-0.4743510571428571,-3.598023285714286,6,-1.030900065500061,0.07415292972839796,-1.1050529952284591,162
Araucanía,Los Sauces,2010,10,6.779999999999999,0.6779999999999999,4.0,0,14.5793789,0.21781586785,-1.0791405580000002,7.2090730999999995,8,-1.9789582822217746,0.5093579448520572,-2.488316227073832,163
Maule,Chanco,2010,8,6.419999999999999,0.8024999999999999,3.0,0,14.589561625,0.00131246635,-0.94975302,-10.283239937500001,5,-1.776132475278297,-0.1950627513579001,-1.5810697239203968,164
Los Ríos,Valdivia,2010,21,6.39,0.30428571428571427,1.5,0,14.048455857142859,1.4505274093638096,-1.0193802156190477,17.784387304761896,20,-1.8852789383375501,0.9352290219810374,-2.8205079603185874,165
Araucanía,Traiguén,2010,14,6.09,0.435,2.0,0,16.08340792857143,0.0028094010357142857,-0.7464691553571426,6.3589933857142835,13,-1.457467984693615,0.47512497961256206,-1.932592964306177,166
Biobío,San Rosendo,2010,9,6.08,0.6755555555555556,1.9,0,16.592857666666667,0.010050212453777777,-1.6234658777777777,28.180985866666667,8,-2.8322338289262348,1.3539031665319678,-4.186136995458202,167
O'Higgins,Chépica,2010,2,6.0,3.0,5.0,0,19.7889465,0.0,-0.3971491,-7.2920505,2,-0.9098795290777996,-0.07460665492614074,-0.8352728741516589,168
Maule,Colbún,2010,3,6.0,2.0,2.0,0,8.639943333333333,0.0,-0.9555857866666667,-70.86461403333334,1,-1.7852758257443957,-2.634692869253496,0.8494170435091004,168
Biobío,Contulmo,2010,15,5.92,0.39466666666666667,1.45,0,12.807458566666666,0.06952036816466665,-0.7449942895333332,-4.767131599999999,9,-1.4551560089386741,0.027072587012801755,-1.4822285959514758,170
Maule,Villa Alegre,2010,2,5.7,2.85,5.0,0,17.630706,3.8649887E-4,-1.32481195,-12.2203995,1,-2.3640687735067027,-0.27307274836405077,-2.090996025142652,171
O'Higgins,Doñihue,2010,4,5.65,1.4125,4.2,0,17.203422749999998,0.1585155275,-1.3835887900000001,-3.070092825,4,-2.4562063950030457,0.09541284783582914,-2.551619242838875,172
Metropolitana,Lo Barnechea,2010,4,5.45,1.3625,3.2,0,14.216166375,0.563619675,-0.9004194775000001,9.2150565,3,-1.6987980138486127,0.5901394984513045,-2.2889375122999174,173
Los Lagos,San Juan de la Costa,2010,2,5.3999999999999995,2.6999999999999997,5.3,0,16.6156465,0.0023199245,-1.04724075,5.243032400000001,2,-1.9289526603593197,0.43018489577031943,-2.3591375561296393,174
Biobío,Lota,2010,78,5.279999999999992,0.0676923076923076,0.7,0,14.708768692307691,0.2780842146261282,-0.6339796434615383,4.281005357692309,61,-1.2811312495213003,0.39144377803120745,-1.6725750275525078,175
Valparaíso,Cabildo,2010,2,5.1,2.55,5.0,0,18.686162,0.0010477379,0.4353943,-3.874751,2,0.3952020076036252,0.0630090216163126,0.3321929859873126,176
Magallanes,Punta Arenas,2010,8,5.009999999999999,0.6262499999999999,3.4,0,8.6679044125,2.016760025,-0.9067056724999999,-2.5503869625,6,-1.7086521512190833,0.11634155890461802,-1.8249937101237013,177
Coquimbo,Canela,2010,1,5.0,5.0,5.0,0,13.8270035,0.046033412,0.11735916,2.9011633,0,-0.10334472188806504,0.3358771242184357,-0.4392218461065007,178
Maule,San Rafael,2010,1,5.0,5.0,5.0,0,19.593237,4.4703484E-5,-1.5388374,-3.09683,1,-2.6995715991551115,0.0943361337736116,-2.793907732928723,178
Biobío,Santa Bárbara,2010,2,4.95,2.475,2.95,0,13.937268,0.14177709700000002,-0.68342876,-4.24905,1,-1.3586468829399956,0.047935888543205074,-1.4065827714832007,180
Araucanía,Lautaro,2010,9,4.63,0.5144444444444445,1.81,0,15.761195222222224,0.0015611036093333332,-1.2623716933333335,16.23277915555555,9,-2.266188439434851,0.8727452961086593,-3.1389337355435103,181
Los Ríos,Paillaco,2010,3,4.6000000000000005,1.5333333333333334,4.2,0,14.906898666666669,0.05700501333333333,-1.5518890999999997,24.96916686666667,3,-2.7200312324815,1.224562251397984,-3.944593483879484,182
O'Higgins,Codegua,2010,3,4.5,1.5,2.5,0,16.926505333333335,0.8299599072473334,-2.226917266666667,11.939152933333332,3,-3.778194443019928,0.6998396794392603,-4.478034122459189,183
Biobío,San Ignacio,2010,4,4.41,1.1025,3.0,0,17.38711325,5.5879355E-6,-0.5501418275,-24.793366000000002,3,-1.1497084483951376,-0.7793898830029964,-0.37031856539214125,184
O'Higgins,Placilla,2010,3,4.0,1.3333333333333333,3.0,0,18.823426666666666,0.03352078333333333,-0.8785451223333333,-7.031244773333333,3,-1.6645081293154713,-0.06410393003434255,-1.6004041992811289,185
Biobío,Alto Biobío,2010,1,4.0,4.0,4.0,0,14.42332,0.0,0.5226145,4.0880127,1,0.5319269791134121,0.3836719057806034,0.14825507333280874,185
Los Lagos,Fresia,2010,1,4.0,4.0,4.0,0,9.862796,4.4619045,0.03677368,-10.405846,0,-0.22966921388765357,-0.20000013429408806,-0.029669079593565517,185
Aysén,Río Ibáñez,2010,1,4.0,4.0,4.0,0,6.636472,0.23491494,-0.61090374,-8.323639,0,-1.2449578373605688,-0.11614903344488473,-1.128808803915684,185
Biobío,Treguaco,2010,5,3.7,0.74,1.4,0,16.792268,0.051559140696799996,-0.6855724240000001,-7.896107579999999,4,-1.3620072558734053,-0.09893221484105562,-1.2630750410323497,189
Los Lagos,Dalcahue,2010,1,3.5,3.5,3.5,0,15.478194,0.42608005,0.603673,-2.451271,1,0.6589929695964204,0.1203329884634243,0.5386599811329961,190
Valparaíso,El Quisco,2010,7,3.13,0.4471428571428571,1.0,0,15.548347785714284,1.5007597885714283E-4,-0.31716659428571425,-2.4344872285714283,7,-0.7845002497931031,0.12100887597637915,-0.9055091257694822,191
Aysén,Aisén,2010,2,2.77,1.385,2.7,0,11.60479675,0.20559691,-1.6731732,56.194901,2,-2.9101542213887734,2.4820319371230553,-5.392186158511828,192
Los Ríos,Mariquina,2010,4,2.45,0.6125,1.2,0,15.880431000000002,4.61936E-4,-0.7032136924999999,1.840065,4,-1.3896614223745023,0.2931463771965411,-1.6828077995710433,193
Metropolitana,El Monte,2010,3,2.4,0.7999999999999999,1.0,0,19.33323366666667,0.02786517133333333,-0.7372557333333333,-4.502243366666667,3,-1.4430251736967017,0.03773971567340108,-1.4807648893701029,194
Metropolitana,Recoleta,2010,18,2.2600000000000002,0.12555555555555556,0.5,0,17.905551722222224,0.14102106335844444,-0.5146852044444444,-1.2147422388888884,12,-1.09412722091453,0.17012837280843338,-1.2642555937229634,195
Araucanía,Padre Las Casas,2010,5,2.25,0.45,0.7,0,14.199394600000002,0.0047001987999999995,-1.13253708,4.28411316,3,-2.0626618044468064,0.3915689301629224,-2.4542307346097285,196
Los Lagos,Ancud,2010,1,2.0,2.0,2.0,0,12.535038,0.32832283,-1.1811666,86.47348,1,-2.138892651619074,3.7013594013471067,-5.84025205296618,197
Metropolitana,Las Condes,2010,2,1.7,0.85,1.5,0,16.264756,1.2002475,-0.9763016999999998,3.3356529999999998,2,-1.8177497556402136,0.3533741548463416,-2.171123910486555,198
Biobío,Cobquecura,2010,5,1.6400000000000001,0.328,0.8,0,15.691969600000002,4.298985E-4,-0.543714724,3.2700891670000005,5,-1.1396334251444695,0.3507338796129267,-1.4903673047573962,199
Araucanía,Cholchol,2010,4,1.6099999999999999,0.40249999999999997,0.7,0,13.056473875,0.7324628192499999,-0.09660483249999999,-21.908309849999995,3,-0.43875120775582027,-0.6632078059139919,0.2244565981581716,200
Araucanía,Loncoche,2010,2,1.53,0.765,1.5,0,14.271253,0.0,-0.635402215,-9.10128215,2,-1.2833612496023228,-0.14746495649928906,-1.1358962931030336,201
Coquimbo,La Serena,2010,4,1.52,0.38,1.0,0,17.73608925,0.06653554601749999,-0.416781435,-0.37071817630000004,4,-0.9406548591452104,0.20411747513653775,-1.1447723342817482,202
Metropolitana,María Pinto,2010,4,1.5,0.375,0.5,0,18.569978499999998,0.0,-0.423900126,0.8964231250000001,3,-0.9518140037488915,0.25514563566308335,-1.2069596394119748,203
O'Higgins,Peralillo,2010,1,1.5,1.5,1.5,0,15.172444,0.0,-1.8707066,-1.6434765,1,-3.2198043768256035,0.15286311543203587,-3.3726674922576394,203
Araucanía,Renaico,2010,3,1.45,0.48333333333333334,0.74,0,14.928741,0.0024350980999999997,-1.1598418400000001,-3.6504647333333318,2,-2.105464303559186,0.07204109689286199,-2.177505400452048,205
Biobío,Chiguayante,2010,5,1.45,0.29,0.8,0,16.120034,0.2597044907,-0.59580173,-0.8599535999999987,4,-1.2212841713177196,0.18441581778370425,-1.405699989101424,205
Metropolitana,La Florida,2010,2,1.3,0.65,1.0,0,11.333139,4.23446345,-2.4918137,19.731403,2,-4.193441797423428,1.0136359284107979,-5.207077725834226,207
Los Lagos,Río Negro,2010,2,1.23,0.615,1.08,0,15.4485615,0.0,-1.1821332,12.869612,2,-2.1404078781085953,0.7373095453244112,-2.8777174234330065,208
Araucanía,Pitrufquén,2010,2,1.2,0.6,1.0,0,14.0196305,1.28423335,-0.14385891,-10.78992675,1,-0.5128259335637039,-0.21546718137561627,-0.2973587521880876,209
Coquimbo,Vicuña,2010,2,1.1,0.55,1.0,0,18.4650405,0.00366568565,0.053784365,1.78401326,1,-0.20300353985816313,0.2908891568032212,-0.49389269666138436,210
Valparaíso,Papudo,2010,2,1.05,0.525,1.0,0,18.6120215,0.0410731897,-0.27183532,-1.4572661500000001,2,-0.713439679131529,0.16036186211621062,-0.8738015412477396,211
Magallanes,Torres del Paine,2010,2,1.01,0.505,1.0,0,5.74028,11.14233,-1.028149945,19.1999815,2,-1.8990262239406472,0.9922354251035209,-2.8912616490441683,212
Coquimbo,Combarbalá,2010,1,1.0,1.0,1.0,0,16.10229,2.3005204,-1.4003983,2.2388043,1,-2.4825567103639767,0.30920372848622585,-2.7917604388502024,213
Metropolitana,Pirque,2010,3,0.71,0.23666666666666666,0.5,0,20.310840666666667,0.21244273333333333,0.27045758333333336,-5.516817433333334,3,0.1366498845040702,-0.00311748650825188,0.1397673710123221,214
Biobío,Antuco,2010,1,0.7,0.7,0.7,0,9.139646,0.0,-0.49874878,-87.8308,0,-1.0691455403160617,-3.3179262704078023,2.248780730091741,215
Valparaíso,El Tabo,2010,7,0.61,0.08714285714285715,0.35,0,14.905925785714288,1.6391276914285712E-4,-0.15862410085714282,-3.755511452857143,4,-0.5359716073787079,0.06781083396863348,-0.6037824413473414,216
Los Lagos,Palena,2010,1,0.6,0.6,0.6,0,5.8503013,0.0,-0.38363504,-13.681747,0,-0.8886951077111718,-0.3319216508018157,-0.5567734569093561,217
Araucanía,Gorbea,2010,1,0.55,0.55,0.55,0,14.581771,0.011481345,-1.2323761,-3.1778831,1,-2.219167833612814,0.09107210110911641,-2.3102399347219302,218
Magallanes,Cabo de Hornos (Ex-Navarino),2010,2,0.51,0.255,0.5,0,8.09844435,2.0955832,0.81501508,-39.233256,0,0.9902893879355106,-1.360888587330377,2.3511779752658875,219
Metropolitana,La Reina,2010,1,0.5,0.5,0.5,0,11.154342,1.573407,-2.4918137,19.731403,1,-4.193441797423428,1.0136359284107979,-5.207077725834226,220
Los Lagos,Chonchi,2010,1,0.5,0.5,0.5,0,10.4197235,0.0039804727,0.7323828,-3.989708,1,0.8607563654385578,0.05837966872280976,0.8023766967157481,220
Araucanía,Nueva Imperial,2010,1,0.35,0.35,0.35,0,17.756573,0.0,-0.71454334,0.7487488,1,-1.4074215941197334,0.24919874627196473,-1.6566203403916981,222
Metropolitana,Vitacura,2010,2,0.30000000000000004,0.15000000000000002,0.2,0,15.053275,0.41747371499999997,-0.5728426099999999,13.103791,1,-1.185293827018007,0.7467400039415253,-1.9320338309595322,223
Los Ríos,Río Bueno,2010,2,0.30000000000000004,0.15000000000000002,0.2,0,14.073741250000001,0.0,-1.4995337000000002,32.321984,2,-2.637959756225043,1.5206624042516068,-4.15862216047665,223
Metropolitana,Providencia,2010,1,0.3,0.3,0.3,0,17.694082,0.10062754,-0.47299957,37.77648,0,-1.028781496165171,1.740316595298691,-2.769098091463862,225
Araucanía,Perquenco,2010,1,0.25,0.25,0.25,0,15.600346,5.159527E-4,-1.4157543,11.31184,1,-2.5066285270131505,0.6745775993305377,-3.1812061263436884,226
Araucanía,Curacautín,2010,1,0.03,0.03,0.03,0,15.921088,5.0043917,-1.6121616,61.725258,1,-2.814513426346266,2.7047410734092634,-5.5192544997555295,227
Biobío,Florida,2011,40,24917.440000000002,622.936,24895.65,1,16.873865737499994,0.06398377416169997,-0.5953451675250003,-6.5969871925,32,-1.2205684713836817,-0.046616246914947174,-1.1739522244687346,1
Magallanes,Torres del Paine,2011,5,17606.340000000004,3521.268000000001,17606.300000000003,1,6.8432148,12.9208666448,-0.11080941660000002,-50.591149400000006,4,-0.46101808350686047,-1.8182743635370182,1.3572562800301577,2
Maule,Hualañé,2011,16,4097.9400000000005,256.12125000000003,3891.6,1,18.490568312500002,0.00279268718175,-0.4499503231250001,0.4734774818749998,13,-0.9926498704373419,0.23811348767039792,-1.2307633581077397,3
O'Higgins,Pichilemu,2011,14,2233.1100000000006,159.50785714285718,1580.0,2,16.452327535714286,0.008842907863142856,-0.19188383785714283,3.9086299385714285,11,-0.588109031894451,0.37644810813745083,-0.9645571400319017,4
O'Higgins,Las Cabras,2011,13,2024.2,155.7076923076923,1945.0,1,18.55926423076923,0.009206052034923078,-0.40528275261538454,3.6858599138461536,8,-0.9226297110552424,0.3674770923789703,-1.2901068034342127,5
Valparaíso,La Ligua,2011,19,1289.12,67.84842105263158,1200.0,1,17.88741121052632,0.05080040343326316,-0.003558960421052634,0.8392308157894737,17,-0.292894007140626,0.2528424842053221,-0.5457364913459481,6
Araucanía,Carahue,2011,15,1227.3500000000001,81.82333333333334,1149.7,1,14.403759099999998,0.021237631589600004,0.2839124708,-4.534054986666666,14,0.15774154796674722,0.03645865218797602,0.1212828957787712,7
Metropolitana,Melipilla,2011,115,1166.24,10.141217391304348,400.0,2,18.751169686956523,0.10462066827619128,-0.10845917437391266,-2.805060649565212,88,-0.457333881895274,0.10608577308805726,-0.5634196549833312,8
Maule,Romeral,2011,15,1064.1,70.94,750.0,2,18.686677866666663,0.0814209387656,-0.37077821066666666,7.975074790666664,14,-0.8685409504826147,0.5402050628450094,-1.4087460133276242,9
O'Higgins,San Vicente,2011,14,967.41,69.10071428571429,530.0,2,21.310269928571426,0.016862393107142857,-0.3407122714285714,-4.829223857142857,12,-0.8214100715607185,0.02457211318112198,-0.8459821847418405,10
Valparaíso,Zapallar,2011,7,923.11,131.87285714285716,492.24,2,18.991822142857142,0.005272882167142856,0.028585979142857147,-1.9541804142857142,7,-0.24250412101264887,0.14035097554824255,-0.38285509656089145,11
Valparaíso,Santo Domingo,2011,18,824.63,45.812777777777775,745.0,1,16.564540944444445,0.2096698627844444,-0.23808071177777781,-4.672523036666669,13,-0.6605265025106619,0.03088250225430335,-0.6914090047649653,12
Araucanía,Ercilla,2011,152,799.17,5.257697368421052,266.45,2,16.24061046710525,0.5137529123695659,0.26797345606578943,-5.654670707894735,118,0.13275580687203506,-0.0086688792504917,0.14142468612252676,13
Valparaíso,Casablanca,2011,28,703.2399999999999,25.115714285714283,476.6,1,16.42686955357143,0.00737966705742857,-0.04930148817857143,-4.099234985714285,20,-0.36459925207737687,0.05396898413437172,-0.4185682362117486,14
Araucanía,Los Sauces,2011,9,671.0,74.55555555555556,391.85,2,15.833522222222221,0.012401491374222222,0.3900327533333333,0.3626606444444423,9,0.3240939824484447,0.23365086036620608,0.09044312208223859,15
Metropolitana,Curacaví,2011,22,649.2499999999999,29.51136363636363,350.0,2,18.411593863636366,0.007837460311454547,-0.27628590777272727,0.42956873181818195,17,-0.7204163483713145,0.23634526912671966,-0.9567616174980342,16
Araucanía,Lumaco,2011,51,645.51,12.657058823529411,184.51,0,15.123537941176474,0.21861801421196084,0.2734397421960784,-3.441695053333334,42,0.1413246683906753,0.08044831456715458,0.06087635382352073,17
O'Higgins,Santa Cruz,2011,7,546.6,78.08571428571429,220.0,1,18.787123,6.386212E-6,-0.3509336157142858,2.316532528571429,6,-0.8374328851550009,0.31233386758035664,-1.1497667527353577,18
O'Higgins,Rengo,2011,11,469.2,42.654545454545456,350.0,1,14.14160241818182,0.06522068588181819,-0.4995454509090911,-13.833516045454546,9,-1.0703943887175578,-0.33803343581463935,-0.7323609529029185,19
Biobío,Mulchén,2011,97,435.31999999999994,4.487835051546391,150.0,0,18.429407639175256,0.04835264533676289,-0.052348658835051534,3.156412668041249,90,-0.36937594739787255,0.34615609288068794,-0.7155320402785605,20
Biobío,Arauco,2011,89,352.67,3.9625842696629214,154.5,0,15.799665331460677,0.0197010934669663,0.10856212464606749,-2.5810462550561803,70,-0.11713481189172259,0.1151068999912182,-0.2322417118829408,21
Coquimbo,Andacollo,2011,1,350.0,350.0,350.0,1,18.724508,0.0,0.21928215,-0.63234186,0,0.05642810486470905,0.19358181086950335,-0.13715370600479432,22
Valparaíso,San Antonio,2011,219,334.75999999999993,1.5285844748858444,48.9,0,16.051774068493142,0.09552594875255715,-0.09537819752511399,-0.39024169223744287,184,-0.43682835465534353,0.20333125728989637,-0.64015961194524,23
Valparaíso,Quillota,2011,19,324.25,17.06578947368421,250.0,1,17.692991,0.13333156218526318,-0.0370405113157895,-2.8836490589473684,15,-0.345379143521721,0.10292099425450149,-0.44830013777622246,24
Metropolitana,San Pedro,2011,22,320.53000000000003,14.569545454545455,150.0,0,17.053676545454547,0.20752960717290908,-0.24265032754545457,-0.4408145136363633,14,-0.6676897581056533,0.20129467459309935,-0.8689844326987527,25
Valparaíso,Puchuncavi,2011,13,317.69,24.43769230769231,270.0,1,16.269103153846153,0.6234613949726154,-0.12792932053846154,-3.2130502,10,-0.4878549673736303,0.08965591143696852,-0.5775108788105988,26
Maule,San Clemente,2011,17,313.15,18.420588235294115,255.0,1,17.289637411764705,0.05260109713847059,-0.5593529211764707,5.093004752941177,13,-1.1641476095125103,0.4241432373935595,-1.58829084690607,27
Valparaíso,Nogales,2011,14,310.66,22.19,175.0,0,16.699922214285717,0.0010432143214285715,-0.19704838907142858,-12.107440414285715,9,-0.5962048986504782,-0.26852385207849305,-0.32768104657198516,28
Valparaíso,Limache,2011,20,294.42,14.721,150.0,0,17.862667025,0.014203041826799994,0.040461057550000026,-0.2396094909999999,17,-0.22388894061988326,0.2093972612448818,-0.4332862018647651,29
Metropolitana,Alhué,2011,10,279.59999999999997,27.959999999999997,168.0,0,15.1825354,0.017064065015200004,-0.621801099,-28.50981314,5,-1.2620403606614432,-0.929052324795226,-0.33298803586621717,30
O'Higgins,Pumanque,2011,1,265.0,265.0,265.0,1,19.200127,0.0,-0.55765915,-1.2085168,1,-1.1614924812756215,0.17037907310100886,-1.3318715543766304,31
O'Higgins,Litueche,2011,12,253.5,21.125,150.0,0,18.14141366666667,0.003331961704333333,-0.20002881316666665,0.14360998000000016,11,-0.6008769631436635,0.22482962436257342,-0.8257065875062368,32
Maule,San Javier,2011,45,251.07,5.5793333333333335,65.0,0,19.108578222222224,2.2873282524444444E-4,-0.29201691777777783,1.42120757777778,41,-0.7450760246247593,0.27627886308666016,-1.0213548877114196,33
Biobío,San Nicolás,2011,27,236.61,8.763333333333334,41.4,0,18.333046574074075,0.2694192953845926,-0.10077441444444449,-6.354005881481482,25,-0.44528737681484437,-0.036831316591167944,-0.4084560602236764,34
Metropolitana,Las Condes,2011,2,231.2,115.6,231.0,1,12.6135835,0.14905724,0.8258325799999999,-33.1206432,1,1.0072467255626556,-1.1147318352183484,2.121978560781004,35
O'Higgins,Coltauco,2011,13,228.54999999999998,17.580769230769228,220.0,1,21.20441476923077,0.10593671937153845,-0.28172346615384625,-3.650768776923078,11,-0.7289401767360889,0.07202885296624645,-0.8009690297023353,36
Maule,Teno,2011,9,222.8,24.755555555555556,100.0,0,19.004533333333335,0.10649756415044445,-0.6490796411111112,13.227151342222223,7,-1.3048017610362437,0.7517077619485188,-2.0565095229847623,37
Valparaíso,Quilpué,2011,79,218.75999999999996,2.7691139240506324,82.4,0,16.751564999999996,0.07089024797116457,-0.04639793399999999,-1.967603907341771,61,-0.3600476876193464,0.13981040745391188,-0.4998580950732583,38
Biobío,Chillán,2011,103,212.54000000000016,2.0634951456310695,62.0,0,18.57101839320388,0.08260365161466021,-0.03026362446601927,-2.4220018903883496,97,-0.3347558055626257,0.12151166429239467,-0.45626746985502037,39
O'Higgins,Mostazal,2011,10,209.8,20.98,80.0,0,18.911192900000003,0.1201398656,-0.18106670400000002,-1.283384522,8,-0.5711522682269129,0.16736412746506965,-0.7385163956919826,40
Biobío,Chillán Viejo,2011,23,208.05,9.045652173913044,173.13,0,18.76423560869565,1.2147685678260869E-4,-0.1947436122391303,5.144609595652171,18,-0.5925919678531125,0.42622137989834735,-1.0188133477514598,41
O'Higgins,Pichidegua,2011,9,188.1,20.9,90.0,0,19.143006444444445,9.809931088888889E-5,-0.09302181777777777,-1.8714678222222223,6,-0.43313453196494867,0.143681836456219,-0.5768163684211677,42
Biobío,San Carlos,2011,26,179.72,6.912307692307692,151.6,0,18.267396730769228,0.3367978869218462,-0.47268008500000014,6.888573753846151,24,-1.0282806766586488,0.49645133998690694,-1.5247320166455558,43
Araucanía,Victoria,2011,106,179.04000000000005,1.6890566037735855,57.0,0,16.731684377358487,0.09439389196811317,-0.03495705471698096,10.222121235849023,104,-0.34211315073433946,0.6306942976270603,-0.9728074483613998,44
Biobío,Los Angeles,2011,128,178.71000000000004,1.3961718750000003,50.51,0,18.47112683593749,0.04708592789542186,0.17075562078125,-2.806616671093752,116,-0.019641295628553306,0.10602311163407448,-0.1256644072626278,45
Metropolitana,Buin,2011,8,176.69999999999996,22.087499999999995,172.0,0,20.76985675,0.0105774961375,0.14490365375000003,-2.03386679125,8,-0.06016642003573887,0.13714198123060747,-0.19730840126634636,46
O'Higgins,San Fernando,2011,15,169.8,11.32,80.0,0,18.367214866666664,0.024640559666666666,-0.6507944013333334,5.997871939999999,14,-1.3074897913609789,0.4605825106056869,-1.7680723019666658,47
Biobío,Treguaco,2011,14,146.67,10.47642857142857,120.0,0,15.948099142857144,8.588124345714286E-4,-0.40859460742857134,-6.547280699999999,10,-0.9278213209687433,-0.04461455154293192,-0.8832067694258113,48
Maule,Talca,2011,48,145.83999999999997,3.0383333333333327,74.0,0,18.910257270833334,0.1428808874307083,-0.2555567041666662,-0.6051246395833322,42,-0.6879215848594299,0.19467785650473227,-0.8825994413641621,49
Los Lagos,Puerto Montt,2011,37,139.72999999999996,3.7764864864864855,100.0,0,15.490103905405405,0.1592214885686487,0.07653288005405404,6.094147694594591,37,-0.16734333645739705,0.46445956413967476,-0.6318029005970718,50
Araucanía,Galvarino,2011,61,137.92,2.2609836065573767,39.0,0,16.12090980327869,0.15842269890390162,0.10612771845901638,4.772478498032793,56,-0.12095094756405322,0.4112355489047876,-0.5321864964688408,51
Maule,Linares,2011,31,136.74999999999997,4.411290322580644,25.0,0,18.6109466451613,0.0528564311763871,-0.3410363454838709,2.3860817193548405,29,-0.8219180847959312,0.31513463436788564,-1.137052719163817,52
Valparaíso,Quintero,2011,10,135.33,13.533000000000001,39.6,0,16.510455399999998,0.06645219171540001,-0.07507181300000002,1.2451646600000001,8,-0.4049963954800265,0.2691895619497547,-0.6741859574297813,53
Valparaíso,Valparaíso,2011,115,135.13,1.1750434782608696,49.6,0,14.846700260869568,0.09247178104627829,-0.16859632573913055,-6.002060049565218,67,-0.5516039054344216,-0.022658352305932394,-0.5289455531284892,54
Coquimbo,La Serena,2011,10,135.01999999999998,13.501999999999999,100.0,0,18.1557647,0.010729767577000001,0.147387509,4.023182445999999,7,-0.056272768813995726,0.3810611719936967,-0.43733394080769245,55
Biobío,Pinto,2011,19,132.69,6.983684210526316,98.0,0,17.071876578947364,0.1222305902071579,-0.1765560878947367,-4.190782205789472,18,-0.5640814995462207,0.05028235010471535,-0.614363849650936,56
Aysén,Aisén,2011,3,132.11,44.03666666666667,131.60000000000002,0,12.525574,0.040285911,1.2243995866666666,-6.755396666666665,3,1.6320339036617781,-0.05299544398508395,1.685029347646862,57
Maule,Vichuquén,2011,14,130.07,9.290714285714285,84.0,0,17.871924357142856,0.06711057434885713,-0.3526202615,1.3845596857142852,13,-0.8400768437448559,0.27480304147366647,-1.1148798852185224,58
Maule,Río Claro,2011,17,123.60000000000001,7.2705882352941185,39.0,0,20.548266941176472,0.024515150527529412,-0.1418324611764705,-2.2727952941176475,17,-0.509649305240642,0.12752025870748454,-0.6371695639481265,59
Biobío,Tirúa,2011,85,122.71000000000005,1.44364705882353,15.7,0,14.808190000000009,0.08150400580127061,0.2171433059764705,-7.597712385058824,80,0.05307528764827351,-0.086915750779639,0.13999103842791252,60
Metropolitana,Paine,2011,16,122.71,7.669375,45.0,0,19.300233749999997,0.00263191752825,-0.18416064374999994,-6.365989353750001,12,-0.5760022780201917,-0.03731389461617274,-0.5386883834040189,61
Coquimbo,Ovalle,2011,34,111.37,3.275588235294118,21.0,0,19.698387882352943,7.285133834705883E-4,0.22934224029411765,-0.6367193441176473,30,0.07219813931600724,0.19340552827021587,-0.12120738895420863,62
Metropolitana,Lampa,2011,26,110.08,4.233846153846153,40.0,0,19.972709807692304,0.6759927226981539,-0.4259528107692306,-4.420700853846152,25,-0.9550317591150983,0.04102345713907209,-0.9960552162541704,63
Coquimbo,Los Vilos,2011,5,109.11,21.822,105.0,0,17.4385084,0.1196909636,-0.023745345799999998,-0.12712008,5,-0.32453785759983333,0.21392724358872584,-0.5384651011885592,64
Maule,Colbún,2011,6,106.31,17.718333333333334,95.0,0,15.279745416666666,0.020003256747333335,-0.4309236216666667,-10.203335166666664,4,-0.962823921691342,-0.19184496225360897,-0.770978959437733,65
Maule,Rauco,2011,7,103.5,14.785714285714286,60.0,0,20.288969285714284,0.003977545640571429,-0.3912715871428572,-0.8153853942857144,7,-0.9006660352089337,0.1862105928046395,-1.0868766280135733,66
Biobío,Bulnes,2011,29,103.0,3.5517241379310347,17.5,0,18.948435275862074,2.820943966896552E-4,-0.3037232696551725,-0.17468058620689772,28,-0.7634267120448791,0.21201196772883593,-0.975438679773715,67
Maule,Maule,2011,40,98.40999999999998,2.4602499999999994,20.0,0,18.845037400000002,0.0024790176484500003,-0.5328331805,2.2436327500000024,35,-1.122575693964995,0.30939817161694994,-1.431973865581945,68
Biobío,Quilleco,2011,35,94.92999999999999,2.712285714285714,40.0,0,16.206001571428573,0.4846330062252571,-0.17126922162857153,9.46872453857143,24,-0.5557938936978336,0.6003547865011827,-1.1561486801990162,69
Maule,Curepto,2011,13,93.69,7.2069230769230765,56.0,0,17.048890692307694,0.003614964461538461,-0.3717033653846154,-0.14905216153846096,9,-0.8699912080199018,0.21304403208241812,-1.08303524010232,70
Biobío,Coihueco,2011,19,86.66000000000001,4.561052631578948,35.71,0,16.93206757894737,0.13102169459757895,-0.33247204789473683,8.231345694736843,16,-0.8084928307392367,0.5505251690697531,-1.35901799980899,71
O'Higgins,Marchigue,2011,8,85.6,10.7,50.0,0,17.769529375,0.0013174721940000002,-0.40304040625,8.68880495625,4,-0.9191146452456905,0.5689471908339399,-1.4880618360796305,72
O'Higgins,Lolol,2011,4,83.0,20.75,50.0,0,14.533940999999999,8.540227919999999E-4,-0.67615366,5.819711849999999,3,-1.3472425541236108,0.4534079503079388,-1.8006505044315495,73
Araucanía,Purén,2011,40,75.10000000000001,1.8775000000000002,12.0,0,15.177795862500002,0.36527930117425,0.11234049375000006,-0.455599625000003,32,-0.11121190173915885,0.20069927372084254,-0.31191117546000136,74
Valparaíso,Cartagena,2011,52,73.83999999999999,1.4199999999999997,22.0,0,16.059517076923076,0.15626848609111546,-0.1839975219230769,-0.490278913461538,42,-0.5757465708888313,0.19930272836576168,-0.775049299254593,75
Valparaíso,Viña del Mar,2011,78,72.74000000000004,0.932564102564103,30.0,0,15.989703198717942,0.12791393525176925,-0.08319893858974346,-2.67607280128205,55,-0.4177363457978902,0.11128015245317953,-0.5290164982510698,76
Biobío,Nacimiento,2011,25,72.00000000000003,2.8800000000000012,43.0,0,18.114693199999998,0.02412155256032,0.007863877999999875,-1.020596748,20,-0.27498775081835997,0.17794666999787814,-0.45293442081623814,77
Biobío,Cabrero,2011,72,71.33,0.9906944444444444,22.0,0,18.506743819444445,0.07237217537805553,0.11492725780555552,-4.630933686111113,63,-0.10715693234218016,0.03255731788391501,-0.13971425022609518,78
Valparaíso,Cabildo,2011,1,70.0,70.0,70.0,0,19.899736,0.0,-0.29030418,-2.536076,1,-0.7423911646511476,0.11691786565982376,-0.8593090303109714,79
Maule,Parral,2011,19,66.91000000000001,3.521578947368422,25.0,0,18.679245684210528,0.04701187990442106,-0.19089141052631595,-1.3956346473684207,18,-0.5865533188998368,0.1628437812254291,-0.7493971001252658,80
Biobío,Santa Bárbara,2011,11,66.07999999999998,6.007272727272726,57.4,0,15.495178363636365,0.23423017240763636,0.5172506878181818,-18.428943431818183,7,0.5235187540950915,-0.5230926759474254,1.0466114300425169,81
Biobío,Negrete,2011,17,64.19,3.7758823529411765,22.0,0,18.088037852941177,0.07682588746788234,0.08807272470588236,-5.1341091294117644,17,-0.14925366306466697,0.01229429175776831,-0.16154795482243528,82
Biobío,Cañete,2011,67,63.49999999999999,0.9477611940298506,8.620000000000001,0,14.670225992537315,0.08327734621597016,0.08793239935820892,0.9280718046268694,57,-0.14947363480473122,0.25642013749077713,-0.4058937722955084,83
Maule,Pencahue,2011,24,63.36000000000001,2.64,23.0,0,17.781947666666664,0.007950079720166666,-0.2998279724999999,3.289947883333333,18,-0.757320507374824,0.3515335960801184,-1.1088541034549424,84
Metropolitana,Colina,2011,30,61.9,2.0633333333333335,12.0,0,20.068004200000004,0.5454838496021334,-0.19413957699999992,-5.626455796666665,23,-0.5916450920048456,-0.0075326563068380545,-0.5841124356980075,85
Maule,Curicó,2011,23,61.09000000000002,2.6560869565217398,25.8,0,18.714044608695648,0.03910728845443478,-0.3993357778260869,1.1746876373913047,20,-0.9133073297876445,0.26635143109613957,-1.179658760883784,86
Maule,Cauquenes,2011,27,60.980000000000004,2.258518518518519,16.7,0,17.43183351851852,0.3080507374685925,-0.5900744351851851,4.500170448148147,24,-1.2123061568166782,0.40026962200466315,-1.6125757788213413,87
Valparaíso,Villa Alemana,2011,46,60.01,1.3045652173913043,10.0,0,17.565792282608694,0.09211903313721737,0.007330267413043427,-4.484171706521739,32,-0.2758242301236005,0.03846746685151396,-0.3142916969751145,88
Araucanía,Angol,2011,58,59.05999999999998,1.0182758620689651,6.0,0,16.501100905172414,0.36322083343434486,0.05635024917241367,3.0446124879310346,52,-0.19898130142749373,0.3416538660716431,-0.5406351674991369,89
Biobío,Coelemu,2011,21,58.66000000000001,2.793333333333334,45.0,0,16.51000295238095,5.941838072380952E-4,-0.3257967985714284,-7.905106642857143,19,-0.7980288181188796,-0.0992946098033157,-0.6987342083155639,90
Biobío,Tomé,2011,105,58.480000000000004,0.556952380952381,14.0,0,15.821190880952376,0.24051603396577143,-0.1601602076095239,-2.436122842857143,82,-0.5383795834204425,0.12094300929817575,-0.6593225927186182,91
Valparaíso,Concón,2011,7,57.400000000000006,8.200000000000001,55.7,0,16.28512814285714,0.07397388885714286,-0.04646437571428571,-0.8007526285714286,6,-0.3601518405735105,0.18679985867187138,-0.5469516992453819,92
Biobío,Quirihue,2011,8,56.59,7.07375,15.0,0,16.443061625,0.105592189098,-0.4073491050000001,0.8673459125000001,7,-0.9258688915537477,0.2539746875883957,-1.1798435791421436,93
Araucanía,Collipulli,2011,74,55.739999999999945,0.7532432432432425,20.0,0,15.800773736486496,0.22061343615362164,0.18378035904054046,-4.8367972121621605,56,7.760729102017158E-4,0.0242671319014075,-0.023491058991205786,94
Maule,San Rafael,2011,10,55.4,5.54,20.0,0,20.3777669,0.0045662746,0.21871661899999997,-7.47238869,10,0.05554158763747377,-0.08186892796462959,0.13741051560210338,95
Biobío,Lebu,2011,149,54.160000000000004,0.3634899328859061,5.69,0,14.008248885906035,0.24831734526519467,0.17317607189261733,-3.483712273020131,124,-0.01584703570662548,0.07875626851920604,-0.09460330422583152,96
Maule,Longaví,2011,15,52.9,3.5266666666666664,15.0,0,17.88088073333333,1.9483007086589335,-0.7432921186666668,16.71510694666667,14,-1.4524877134836103,0.8921687810238631,-2.3446564945074733,97
Maule,Villa Alegre,2011,8,52.3,6.5375,30.0,0,19.0234055,0.0086771324355,-0.7635109574999999,17.140245375,6,-1.4841824374517787,0.9092892331350364,-2.3934716705868153,98
Maule,Yerbas Buenas,2011,9,50.8,5.644444444444444,37.0,0,17.632517444444446,0.5334015974855555,-0.6551303899999998,-6.231447166666667,7,-1.3142868168999793,-0.03189584036047339,-1.2823909765395058,99
Biobío,Curanilahue,2011,418,49.84,0.11923444976076555,9.0,0,15.171146046650703,0.1083953440386221,0.23539733702631555,-7.065728933253597,319,0.08169001078842718,-0.06549261750449997,0.14718262829292716,100
Biobío,Quillón,2011,35,49.31,1.408857142857143,7.99,0,18.93022674285714,0.05981809801559998,-0.11931365171428576,2.311290262857145,31,-0.4743491846017129,0.3121227599666147,-0.7864719445683276,101
Araucanía,Traiguén,2011,17,49.099999999999994,2.8882352941176466,20.0,0,17.777503058823527,0.011728638075529416,-0.1478866134117647,10.055249978823532,16,-0.519139696135028,0.6239743420214563,-1.1431140381564844,102
Araucanía,Villarrica,2011,14,48.00999999999999,3.429285714285714,44.3,0,16.44211164285714,0.6633151372395715,-0.13622066142857145,15.508156864285711,13,-0.5008523389340969,0.8435645389491413,-1.3444168778832382,103
Maule,Molina,2011,15,44.34,2.9560000000000004,13.0,0,19.83096533333333,0.023808207455999996,-0.49341850133333326,1.3027431626666675,15,-1.0607898818924486,0.27150826553390783,-1.3322981474263564,104
Araucanía,Lautaro,2011,28,43.75,1.5625,12.0,0,16.25921494642857,0.4104597690013571,0.4336748627500001,-7.40897794642857,26,0.3925066456459697,-0.07931535828873718,0.47182200393470686,105
Valparaíso,San Felipe,2011,3,43.0,14.333333333333334,40.6,0,17.006204,0.17788386666666667,0.27452850999999995,-9.601081,1,0.1430314031490449,-0.16759200619975878,0.31062340934880367,106
Coquimbo,Salamanca,2011,2,41.8,20.9,32.0,0,9.655068,0.73646563,-0.19371103500000003,6.935363499999999,1,-0.5909733165131507,0.49833557710812254,-1.0893088936212731,107
Los Lagos,Purranque,2011,5,41.3,8.26,36.0,0,15.012611999999999,0.0065084546,-0.004823302000000007,4.9787202,4,-0.2948759685023314,0.41954096414494546,-0.7144169326472769,108
Los Ríos,La Unión,2011,11,40.25,3.659090909090909,30.4,0,16.157749272727273,0.17689414068545453,0.5456189136363636,-24.744763454545456,11,0.5679883249831897,-0.7774326439098432,1.345420968893033,109
Araucanía,Temuco,2011,38,39.07000000000001,1.0281578947368424,7.7,0,15.818002644736842,0.14957604509600003,0.2658047581578947,-1.7473750710526288,34,0.12935619119045857,0.14867908879135025,-0.019322897600891675,110
O'Higgins,Rancagua,2011,6,38.699999999999996,6.449999999999999,25.0,0,14.413331166666666,0.0028101106,-0.28343725,-40.011697805,3,-0.7316266765095278,-1.3922366724613418,0.6606099959518139,111
Biobío,Penco,2011,65,37.40999999999999,0.5755384615384613,20.31,0,16.563957500000004,0.08995584561618461,-0.24075156699999994,0.8395761123076901,54,-0.6647132918572247,0.2528563893997489,-0.9175696812569736,112
Biobío,Los Alamos,2011,176,35.68000000000004,0.20272727272727298,2.38,0,14.193002326704539,0.12905421641957962,0.14895799093749998,-5.71017323289773,141,-0.05381090678935786,-0.010903982591039266,-0.0429069241983186,113
Valparaíso,El Quisco,2011,9,34.599999999999994,3.8444444444444437,30.0,0,14.655497222222225,0.03404625555555555,-0.10374641272222224,0.36188076666666663,7,-0.4499462331331777,0.2336194544540204,-0.6835656875871982,114
Araucanía,Nueva Imperial,2011,11,34.35,3.122727272727273,12.0,0,15.04475327272727,0.18937293127127272,0.06775189000000002,8.168295418181817,9,-0.18110827410909078,0.5479861155088028,-0.7290943896178936,115
Biobío,Coronel,2011,65,31.20000000000001,0.48000000000000015,3.5,0,15.456899200000006,0.5784367502054459,-0.15287879846153876,-0.2476601830769241,58,-0.5269653644859598,0.2090730574585877,-0.7360384219445475,116
Metropolitana,Isla de Maipo,2011,3,31.0,10.333333333333334,18.0,0,19.441187666666668,1.4190649666666666,-0.19975407999999997,0.8895890066666667,3,-0.6004462958855593,0.2548704236665894,-0.8553167195521487,117
Metropolitana,La Florida,2011,3,30.5,10.166666666666666,18.0,0,16.740939666666666,2.3717681466666667E-4,-0.68513616,8.924839666666665,3,-1.3613233754996985,0.5784523794665111,-1.9397757549662096,118
Los Ríos,Valdivia,2011,40,29.930000000000003,0.7482500000000001,3.0,0,15.851188687500002,0.10488135765010001,0.23039704854999993,-16.415112025000003,37,0.07385163963742124,-0.4419950807580882,0.5158467203955094,119
Valparaíso,Los Andes,2011,3,29.18,9.726666666666667,22.0,0,17.778383,0.5826229567,-0.1977074933333333,7.022064433333334,3,-0.5972380998060696,0.501827049716107,-1.0990651495221766,120
Valparaíso,Algarrobo,2011,27,28.55,1.0574074074074074,12.0,0,14.909214703703704,0.12084747651051853,-0.03832612203703705,-1.9657893888888889,21,-0.3473944460460817,0.13988347865662387,-0.4872779247027056,121
Biobío,Concepción,2011,41,27.48,0.6702439024390244,20.0,0,16.88078452439025,0.28647134532117075,-0.02148910673170746,-3.0518132609756106,36,-0.3210010138144308,0.09614897136556877,-0.41714998517999957,122
Metropolitana,Talagante,2011,7,27.42,3.9171428571428573,20.0,0,18.560794285714284,0.00398047275,-0.28243868999999994,-7.497984085714286,6,-0.7300613500421405,-0.08289966223231474,-0.6471616878098257,123
Biobío,Contulmo,2011,34,25.87,0.7608823529411765,6.5,0,16.165372970588237,0.060849958895823536,0.16694944529411765,-0.674309038235296,29,-0.02560779461662512,0.19189178000582638,-0.2174995746224515,124
Metropolitana,Tiltil,2011,12,25.809999999999995,2.150833333333333,5.0,0,18.33857108333333,0.058077741691666664,0.03205919041666666,-8.282795441666666,9,-0.23705957132738012,-0.11450425109190604,-0.12255532023547408,125
Maule,Pelarco,2011,11,25.5,2.3181818181818183,5.0,0,18.41521359090909,0.004496594815454545,-0.2977744036363637,-0.8009468181818185,6,-0.7541013661165601,0.1867920385979764,-0.9408934047145365,126
Valparaíso,Olmué,2011,10,25.24,2.524,13.5,0,18.619010300000003,0.009250454896999999,-0.04474983829999997,-0.417264242,8,-0.35746415951888455,0.2022430511003375,-0.559707210619222,127
Biobío,Talcahuano,2011,43,24.32,0.5655813953488372,3.7,0,16.911477255813956,0.13661973909855815,-0.07775068269767466,-0.8374213255813959,38,-0.4091957481883784,0.18532319923743878,-0.5945189474258172,128
Metropolitana,Huechuraba,2011,25,23.230000000000008,0.9292000000000002,7.0,0,17.97753642,0.8904350769393601,-0.14166311760000003,-3.483845624000001,19,-0.5093838449955578,0.07875089843522236,-0.5881347434307801,129
Valparaíso,Catemu,2011,2,23.0,11.5,20.0,0,16.0439765,0.167353076742,-0.11653948,0.2564158000000001,1,-0.4700004379971536,0.22937234859181532,-0.699372786588969,130
O'Higgins,Chimbarongo,2011,7,22.9,3.2714285714285714,15.0,0,20.983610714285714,0.004881194662857143,-0.5986687857142856,1.2258926399999999,7,-1.225778521374847,0.26841347191999876,-1.4941919932948458,131
Biobío,Santa Juana,2011,18,22.880000000000003,1.2711111111111113,7.0,0,18.404915388888885,0.14819115949077777,0.24537571888888898,-4.179159377777777,16,0.09733196042709034,0.05075040487725312,0.04658155554983722,132
Metropolitana,Puente Alto,2011,11,22.81,2.0736363636363637,16.0,0,17.15412772727273,0.37795320239727276,-0.4350019827272728,2.1504851363636366,9,-0.9692170943717302,0.30564708925823847,-1.2748641836299686,133
Biobío,Yumbel,2011,40,21.96,0.549,7.4,0,18.020990212500003,0.012207939324599999,-0.07750861292499996,-3.06168798375,32,-0.4088162835371585,0.09575131331561827,-0.5045675968527767,134
Biobío,San Pedro de la Paz,2011,46,21.699999999999996,0.4717391304347825,4.279999999999999,0,15.415952771739132,0.18489822282478266,0.06903791128260872,-2.5245506939130427,40,-0.17909232799539632,0.11738199319518187,-0.2964743211905782,135
Maule,Retiro,2011,6,20.62,3.436666666666667,12.0,0,18.319757999999997,0.0,-0.68266248,4.992052083333333,5,-1.3574456748348946,0.42007784308824614,-1.7775235179231408,136
Biobío,Yungay,2011,21,20.44000000000001,0.9733333333333337,7.5,0,17.983639285714286,0.4510380469746667,0.061839971428571394,1.5688079666666699,18,-0.19037570181788713,0.28222277504839305,-0.4725984768662802,137
Los Lagos,Osorno,2011,6,20.3,3.3833333333333333,13.5,0,16.971681666666665,0.0025373883333333334,-0.025793079999999996,1.7126961666666662,6,-0.32774785253397265,0.28801719604938386,-0.6157650485833566,138
Maule,Constitución,2011,39,19.619999999999997,0.503076923076923,5.0,0,16.159362102564106,0.003257002198769231,-0.215688433846154,-0.1583318897435903,33,-0.6254247306477161,0.21267033464235502,-0.8380950652900712,139
O'Higgins,Machalí,2011,8,19.45,2.43125,13.0,0,16.580838749999998,0.0856630555,-0.7133849875,4.6562335310875005,7,-1.4056057795198957,0.4065543291958239,-1.8121601087157195,140
Metropolitana,San José de Maipo,2011,6,19.21,3.2016666666666667,15.0,0,14.27525775,1.0175092918333333,-0.8775389216666666,6.749975333333334,5,-1.6629308254628874,0.4908699399935535,-2.153800765456441,141
Metropolitana,Pudahuel,2011,10,18.9,1.89,5.0,0,20.667405999999996,0.007283128696999999,-0.38847532599999995,-1.49048881,9,-0.8962826615742587,0.1590239756264722,-1.055306637200731,142
Biobío,Hualqui,2011,27,18.34,0.6792592592592592,5.5,0,17.45614225925926,0.01965304319866667,0.17895298629629633,-2.192519388888888,23,-0.006791238342511551,0.13075299350527256,-0.1375442318477841,143
Coquimbo,Coquimbo,2011,2,17.0,8.5,12.0,0,18.582987,0.00242423265,0.3040056325,-0.19190099500000002,2,0.18923926249817513,0.21131849669815794,-0.02207923419998281,144
Valparaíso,Hijuelas,2011,10,16.800000000000004,1.6800000000000004,4.5,0,18.3970252,0.0164123251,-0.046497725,-16.394521750000003,5,-0.360204118373139,-0.44116590420381774,0.08096178583067876,145
Araucanía,Perquenco,2011,4,16.770000000000003,4.192500000000001,16.3,0,18.01180775,0.258105331525,-0.4195969115,19.871222875,4,-0.945068354462224,1.0192665167429606,-1.9643348712051847,146
Los Lagos,Castro,2011,7,16.35,2.335714285714286,5.0,0,15.442491142857142,0.0530808716,0.4968452442857143,-14.0069504,7,0.49153151162578745,-0.3450176893272379,0.8365492009530253,147
Maule,Pelluhue,2011,4,16.2,4.05,10.0,0,15.257156250000001,0.0118156895,0.0019881724999999822,-0.6175740750000003,3,-0.2841984115034694,0.19417651400389604,-0.4783749255073655,148
O'Higgins,Malloa,2011,3,15.6,5.2,10.5,0,19.56712466666667,2.63293139899,-0.7388928733333332,6.407219333333334,3,-1.4455915278194567,0.4770670529978468,-1.9226585808173033,149
Los Lagos,San Pablo,2011,5,15.12,3.024,12.2,0,17.4257402,0.011307374,0.36726741,-6.080494599999999,5,0.2884073993098998,-0.025816935193497724,0.3142243345033975,150
Los Lagos,Dalcahue,2011,6,14.87,2.478333333333333,6.75,0,13.989054833333334,0.0020203491000000003,0.06823333899999999,15.173506483333334,6,-0.18035356246192177,0.8300880676653247,-1.0104416301272465,151
O'Higgins,La Estrella,2011,3,14.65,4.883333333333334,14.0,0,20.124947333333335,4.1536986666666667E-4,-0.17500623333333334,-0.5022658733333332,3,-0.5616519726619417,0.19882000989392618,-0.7604719825558679,152
Los Ríos,Mariquina,2011,20,14.540000000000001,0.7270000000000001,4.5,0,15.99916885,0.033797693927,0.24290185009999998,-10.7673076,19,0.09345396381988468,-0.21455630141614385,0.30801026523602854,153
Biobío,Lota,2011,157,14.189999999999975,0.09038216560509538,1.0,0,15.458759936305736,0.0907419271351211,-0.04114211409554186,-2.2986853773248406,118,-0.35180874954424907,0.12647765728601174,-0.4782864068302608,154
Metropolitana,Maipú,2011,6,13.61,2.268333333333333,5.5,0,21.533742,0.04666143666666667,-0.12595684999999998,-0.43414330000000007,6,-0.4847629545351473,0.2015633263685517,-0.686326280903699,155
Biobío,Portezuelo,2011,11,13.56,1.2327272727272727,4.0,0,16.478395272727273,0.08056614848181819,-0.5606193463636363,1.9380783818181824,11,-1.166132837104679,0.297093405500359,-1.463226242605038,156
Metropolitana,San Bernardo,2011,29,13.559999999999997,0.4675862068965516,2.0,0,20.955435551724143,0.11311093118517239,-0.0743603212413793,-2.5611080275862066,25,-0.4038810725338871,0.11590981839574721,-0.5197908909296343,157
Araucanía,Padre Las Casas,2011,18,13.250000000000002,0.7361111111111112,4.7,0,16.383202611111116,0.6289147152777779,-0.010562005666666676,2.5584388333333345,15,-0.30387186733457566,0.32207550707952687,-0.6259473744141025,158
Araucanía,Cholchol,2011,9,12.690000000000001,1.4100000000000001,5.0,0,16.572063999999997,0.4920488567093334,-0.07153119177777778,4.025032855555555,9,-0.3994461750524732,0.3811356885418859,-0.7805818635943591,159
Metropolitana,El Monte,2011,4,12.600000000000001,3.1500000000000004,10.0,0,21.890365499999998,6.123446E-4,-0.10432768125000001,-5.2805714,3,-0.45085742025382125,0.00639621216160065,-0.4572536324154219,160
Metropolitana,Lo Barnechea,2011,7,12.01,1.7157142857142857,4.5,0,14.723145928571428,0.64447710971,-0.01777704857142857,-1.15496542857143,4,-0.3151820516221084,0.1725356029014899,-0.4877176545235983,161
Valparaíso,La Cruz,2011,4,11.93,2.9825,4.7,0,17.918588999999997,1.30850825E-4,-0.27264642499999997,-1.3984699,3,-0.7147111541799287,0.16272960475097506,-0.8774407589309038,162
Araucanía,Vilcún,2011,7,11.72,1.6742857142857144,4.8,0,17.914592142857142,0.035961024981142856,0.8661640491428572,-20.87508828571428,6,1.0704696827389177,-0.6215996634063099,1.6920693461452276,163
Araucanía,Pitrufquén,2011,5,11.420000000000002,2.2840000000000003,4.7,0,15.5336424,6.9402159E-4,0.047578609999999966,0.8273790000000005,4,-0.2127315807887242,0.25236520802624424,-0.4650967888149684,164
Metropolitana,Peñalolén,2011,8,11.299999999999999,1.4124999999999999,5.8,0,16.300959250000002,0.19379530412125,-0.36078346125,-5.4086442,4,-0.8528733433315051,0.0012386820654863599,-0.8541120253969915,165
Metropolitana,Peñaflor,2011,9,11.100000000000001,1.2333333333333334,5.0,0,19.78712588888889,2.4711092222222224E-4,-0.19661945777777776,-2.1943661777777774,8,-0.5955325129083673,0.1306786227624168,-0.7262111356707841,166
Coquimbo,Monte Patria,2011,2,11.1,5.55,10.1,0,17.224474,0.0,0.066658498,-2.0915832,1,-0.18282225768226573,0.13481772412708698,-0.3176399818093527,167
Magallanes,Porvenir,2011,2,11.0,5.5,8.0,0,10.808422,1.76196935,-0.492491725,1.9204940000000001,2,-1.0593370823371742,0.29638527716671725,-1.3557223595038914,168
Biobío,Ninhue,2011,4,10.620000000000001,2.6550000000000002,8.0,0,17.37329325,0.028067268371,-0.577967165,8.9851665,3,-1.193326996356937,0.5808817591515022,-1.7742087555084392,169
Valparaíso,El Tabo,2011,27,10.4,0.3851851851851852,3.5,0,15.27741187037037,0.045939070342370374,-0.1215587545185185,-0.11226814074074067,20,-0.4778685713601159,0.21452533564039714,-0.6923939070005131,170
Metropolitana,Pirque,2011,13,10.319999999999999,0.7938461538461538,2.5,0,16.86335030769231,0.20469353729107692,-0.1381345992307693,4.465080384615384,12,-0.5038525968041431,0.39885653461417286,-0.902709131418316,171
Metropolitana,Padre Hurtado,2011,4,10.3,2.575,5.0,0,20.756797,0.002953224,0.0073962225000000215,-3.236905825,3,-0.27572083999854846,0.08869523825812714,-0.3644160782566756,172
Biobío,Laja,2011,18,10.18,0.5655555555555556,2.6,0,18.91853272222222,0.040505958368888886,-0.3577780261111111,1.9635071777777782,18,-0.8481620719317707,0.29811743074591907,-1.1462795026776897,173
Aysén,Lago Verde,2011,1,10.0,10.0,10.0,0,10.289197,0.0,2.41296,-86.04232,1,3.495201938711694,-3.24590364400861,6.741105582720304,174
Biobío,Pemuco,2011,26,9.469999999999999,0.3642307692307692,1.7,0,16.968358884615387,0.17457684735069232,-0.2729693176923077,7.439256514999997,17,-0.7152173155296676,0.5186275000619758,-1.2338448155916435,175
Biobío,Tucapel,2011,19,8.45,0.4447368421052631,3.2,0,17.766469631578946,0.008936285076421054,0.08341041298789466,-3.4161658947368405,17,-0.15656222732858308,0.08147638144622561,-0.2380386087748087,176
Biobío,San Ignacio,2011,6,8.38,1.3966666666666667,2.2,0,17.491177833333335,0.0,-0.14029741166666662,1.6102515150000005,4,-0.5072429865152315,0.2838917191787542,-0.7911347056939857,177
Biobío,San Rosendo,2011,12,7.960000000000001,0.6633333333333334,1.3,0,19.340096250000002,0.005885958666666667,-0.30548169166666683,-0.590382183333333,12,-0.7661831858826339,0.19527153964276014,-0.961454725525394,178
O'Higgins,Peumo,2011,11,7.950000000000001,0.7227272727272728,5.0,0,20.93260281818182,4.063953090909091E-6,-0.6033710127272728,2.8386648454545456,11,-1.233149656208099,0.3333602926954362,-1.5665099489035352,179
Los Lagos,Puerto Varas,2011,7,7.799999999999999,1.114285714285714,3.0,0,14.143669714285712,0.012859967985714286,0.04245553585714286,18.018903285714288,7,-0.22076242876000457,0.9446730509222468,-1.1654354796822515,180
Biobío,Ránquil,2011,12,7.77,0.6475,1.95,0,16.158362916666665,0.15601422633066667,-0.5355383511666666,0.2307614166666664,10,-1.1268162756459483,0.22833923887500643,-1.3551555145209548,181
Los Ríos,Paillaco,2011,7,7.66,1.0942857142857143,2.5,0,15.952340285714286,0.05132013247857143,0.41065257,-16.575196000000002,6,0.35641727276751106,-0.44844171047937254,0.8048589832468835,182
Araucanía,Gorbea,2011,3,7.4,2.466666666666667,6.0,0,19.086696,0.0,1.6152597666666668,-53.380073333333335,3,2.244739985220984,-1.9305851674074739,4.175325152628458,183
Los Ríos,Río Bueno,2011,4,6.999999999999999,1.7499999999999998,5.6,0,17.850198250000002,0.004773493875,0.66235588,-30.6171795,4,0.7509833009200386,-1.0139166006230271,1.7648999015430658,184
Maule,Chanco,2011,11,6.95,0.6318181818181818,3.5,0,14.687813681818183,0.034350901014,-0.31651401545454544,-1.1362044727272727,9,-0.7834772777969433,0.17329111222429777,-0.9567683900212411,185
Araucanía,Renaico,2011,7,5.77,0.8242857142857142,3.0,0,18.152271428571428,0.0014624425954285712,0.4952024842857143,-6.262411528571428,6,0.4889563476821434,-0.033142784508104865,0.5220991321902483,186
Metropolitana,Renca,2011,3,5.7,1.9000000000000001,4.5,0,21.434359666666666,2.9833366666666666E-4,0.23903529999999998,-2.852395,3,0.08739282256747222,0.10417960458898924,-0.016786782021517024,187
Maule,Sagrada Familia,2011,2,5.5,2.75,3.0,0,18.2092625,0.1917621065,-0.2947588,-0.7752060000000003,2,-0.7493741547450355,0.18782862907207656,-0.9372027838171121,188
Araucanía,Freire,2011,2,5.2,2.6,4.2,0,19.334305999999998,9.322539E-4,1.4321012,-37.52209,2,1.9576235854732944,-1.2919794189164164,3.249603004389711,189
Valparaíso,Llay-Llay,2011,1,5.0,5.0,5.0,0,20.289507,0.057775527,-0.18501854,-3.562564,1,-0.5773471022735138,0.07558088580695753,-0.6529279880804714,190
Coquimbo,Punitaqui,2011,1,5.0,5.0,5.0,0,18.601204,4.4703484E-5,0.64946365,-0.22442052,1,0.7307736501803289,0.21000892566591034,0.5207647245144186,190
Los Lagos,Río Negro,2011,3,4.8999999999999995,1.633333333333333,3.8,0,15.838881999999998,0.40895644000000003,0.3656088566666667,-10.820348000000001,3,0.28580747799296335,-0.21669225424383204,0.5024997322367954,192
O'Higgins,Navidad,2011,1,4.5,4.5,4.5,0,14.099708,0.0,-0.43235588,23.063335,0,-0.9650691066349636,1.1478138301058203,-2.112882936740784,193
O'Higgins,Quinta de Tilcoco,2011,1,4.0,4.0,4.0,0,21.37554,0.0,-0.38410378,-10.237576,1,-0.8894298969359787,-0.19322385088907817,-0.6962060460469006,194
Los Lagos,Maullín,2011,1,4.0,4.0,4.0,0,11.304868,0.0,-0.441823,-36.237846,0,-0.9799096104664123,-1.2402625275799717,0.26035291711355935,194
Valparaíso,Petorca,2011,1,4.0,4.0,4.0,0,17.52458,0.0,-0.42482758,-2.904084,1,-0.9532678656034462,0.1020980730449139,-1.05536593864836,194
Los Lagos,San Juan de la Costa,2011,5,3.9200000000000004,0.784,1.51,0,15.9049752,0.005136430368,0.47787247999999993,-19.6137062,5,0.461790113917158,-0.5708034282199875,1.0325935421371455,197
Biobío,Hualpén,2011,4,3.8,0.95,2.0,0,15.5410775,0.0718752436125,-0.42000461075,6.628879974999999,3,-0.9457074571969208,0.4859933935675839,-1.4317008507645048,198
Biobío,El Carmen,2011,5,3.5,0.7,2.12,0,15.321837200000001,1.3858079400000002E-4,-0.47638149199999996,18.487903068,4,-1.0340829422647937,0.9635598129217473,-1.997642755186541,199
O'Higgins,Codegua,2011,4,3.4,0.85,1.1,0,15.025364750000001,0.01402408825,-1.0559060875000001,8.544734259675,2,-1.942536302942233,0.5631454206410986,-2.5056817235833315,200
Valparaíso,Papudo,2011,2,3.25,1.625,3.0,0,16.6459275,0.0457800925,-0.058470248,-5.730532,1,-0.3789720513298998,-0.011723836252782754,-0.367248215077117,201
Araucanía,Loncoche,2011,3,3.1999999999999997,1.0666666666666667,3.1,0,17.89109433333333,0.0,0.61942736,-26.623448666666665,2,0.6836892489233989,-0.8530878612755914,1.5367771101989902,202
Araucanía,Curacautín,2011,2,3.0999999999999996,1.5499999999999998,2.8,0,18.904702999999998,0.4406255,-0.46999358999999996,22.1980535,2,-1.0240693706499922,1.112968684392906,-2.1370380550428982,203
Valparaíso,Calera,2011,4,2.9,0.725,1.5,0,17.989075250000003,0.00102678315,-0.11169481149999999,-3.36653615,3,-0.4624060141981155,0.08347498616278311,-0.5458810003608986,204
Los Ríos,Corral,2011,4,2.74,0.685,1.5,0,14.4680675,0.0019953585,0.15333056099999998,-5.293408500000001,3,-0.04695653684730476,0.005879258291638946,-0.05283579513894371,205
Biobío,Quilaco,2011,3,2.7,0.9,1.5,0,20.287963333333334,0.082825,0.3852694833333333,-6.178636,3,0.31662715761837745,-0.029769118827921246,0.3463962764462987,206
Los Lagos,Chonchi,2011,3,2.6,0.8666666666666667,1.5,0,16.678038666666666,0.012536223333333332,0.1479489,17.70780166666667,3,-0.05539274138364301,0.9321448953483235,-0.9875376367319665,207
Metropolitana,Quilicura,2011,6,2.5100000000000002,0.4183333333333334,1.2000000000000002,0,19.913090166666667,0.15058678333333333,-0.3325751643333334,-7.0284417333333336,4,-0.8086544743966614,-0.06399105077223059,-0.7446634236244308,208
Metropolitana,Vitacura,2011,4,2.4000000000000004,0.6000000000000001,1.5,0,16.7859675,1.30993425,-0.9068234199999999,17.75226575,4,-1.7088367302911658,0.9339354773297261,-2.642772207620892,209
Aysén,Coihaique,2011,8,2.25,0.28125,1.82,0,13.71701525,0.7595443625,0.5957021875,3.9788110000000003,8,0.6464980531438973,0.3792743205455118,0.2672237325983855,210
Metropolitana,La Reina,2011,1,2.2,2.2,2.2,0,13.432593,0.0,0.2702217,-18.79072,0,0.1362801176148675,-0.5376615269326983,0.6739416445475658,211
O'Higgins,Chépica,2011,1,2.0,2.0,2.0,0,21.492792,0.0,-0.92788506,8.615275,1,-1.7418526157047445,0.5659861174262737,-2.3078387331310184,212
Maule,Licantén,2011,5,1.9600000000000002,0.392,1.1,0,16.9284654,9.473413168000001E-4,-0.299565502,-0.40538938000000024,4,-0.7569090628741849,0.20272125535723048,-0.9596303182314154,213
Magallanes,San Gregorio,2011,2,1.85,0.925,1.5,0,10.409119,0.141181992,-0.29091596,2.3048076835,2,-0.7433501810609959,0.31186170455020373,-1.0552118856111996,214
Maule,Empedrado,2011,7,1.6800000000000002,0.24000000000000002,1.0,0,15.188628428571429,0.030014796212000004,-0.42958804857142857,-7.766398142857143,4,-0.9607302989595015,-0.09370877687597384,-0.8670215220835276,215
Biobío,San Fabián,2011,7,1.6700000000000002,0.2385714285714286,1.0,0,16.72050871428571,0.8657814484891428,-0.3453208399999999,9.36449614285714,7,-0.8286343889393701,0.5961574777223775,-1.4247918666617476,216
Los Lagos,Curaco de Vélez,2011,1,1.65,1.65,1.65,0,14.28024,0.00402797,0.020456314,2.5511246,1,-0.25524805229280245,0.32178096070787987,-0.5770290130006823,217
Los Ríos,Lanco,2011,1,1.6,1.6,1.6,0,10.864028,4.306648,-0.4386692,50.003296,1,-0.9749657647156851,2.2326941454080953,-3.2076599101237804,218
Coquimbo,Vicuña,2011,1,1.6,1.6,1.6,0,17.435934,0.0,-0.07029915,-5.050804,0,-0.39751484633543827,0.015649014322605414,-0.41316386065804367,218
Magallanes,Natales,2011,4,1.56,0.39,1.0,0,9.422038925,4.3858202,0.06652283325,-36.300503,2,-0.1830349235449745,-1.2427857437760121,1.0597508202310377,220
Metropolitana,Recoleta,2011,10,1.5299999999999998,0.15299999999999997,0.5,0,16.28834723,0.8137046437999998,-0.43194799269999995,-2.5934948400000004,8,-0.964429709116135,0.11460559173917884,-1.0790353008553137,221
Biobío,Ñiquén,2011,3,1.4,0.4666666666666666,1.0,0,18.418030666666667,0.008647640666666666,-0.8047631433333332,13.153903666666665,3,-1.5488486951854108,0.7487580560691424,-2.2976067512545533,222
Metropolitana,Providencia,2011,4,1.3300000000000003,0.3325000000000001,1.2000000000000002,0,12.980907325,0.494490385871,0.051588404999999976,-14.541115125000001,3,-0.20644589115335205,-0.36652866312862364,0.1600827719752716,223
Los Lagos,Los Muermos,2011,1,1.3,1.3,1.3,0,20.848969,0.0,-0.09658432,-2.0524483,1,-0.43871905269336803,0.136393698296141,-0.5751127509895091,224
Los Lagos,Ancud,2011,1,1.2000000000000002,1.2000000000000002,1.2000000000000002,0,13.828153,0.37823614,-0.04330349,24.155212,1,-0.35519688737194244,1.1917840446147165,-1.546980931986659,225
Los Ríos,Máfil,2011,1,1.2000000000000002,1.2000000000000002,1.2000000000000002,0,12.874665,4.4703484E-5,-0.11109924,-20.948397,1,-0.4614724059700956,-0.6245518273336702,0.16307942136357462,225
Biobío,Chiguayante,2011,11,1.16,0.10545454545454545,0.35,0,16.67393327272727,9.040602258181818E-4,0.06525073545454552,0.9671785181818173,7,-0.185029043425933,0.25799497658322895,-0.44302402000916197,227
O'Higgins,Doñihue,2011,2,1.1,0.55,1.0,0,20.851696500000003,0.0,-0.89512634,10.842123,2,-1.690500577315735,0.6556619547584154,-2.3461625320741506,228
Aysén,Cisnes,2011,1,1.0,1.0,1.0,0,13.977933,0.0,2.5641756,-126.1757,1,3.7322450617707488,-4.862086902349112,8.59433196411986,229
O'Higgins,Paredones,2011,4,0.9500000000000001,0.23750000000000002,0.5,0,17.230374,0.005370937371,-0.3964421775,9.241798375,3,-0.9087713688273975,0.5912164017839328,-1.4999877706113303,230
Coquimbo,Canela,2011,1,0.7,0.7,0.7,0,14.632735,0.012131408,-0.005142212,-3.70948,1,-0.2953758866481759,0.06966453439119456,-0.36504042103937046,231
Magallanes,Punta Arenas,2011,6,0.63,0.105,0.3,0,9.067799283333333,3.0170275266666664,0.032023273333333324,-16.471018433333334,5,-0.23711587436492723,-0.4442464486015711,0.20713057423664386,232
O'Higgins,Requínoa,2011,2,0.6200000000000001,0.31000000000000005,0.6000000000000001,0,19.530476,0.099687835,-0.7303734,-2.12870763065,2,-1.432236539539467,0.13332271216218514,-1.565559251701652,233
Metropolitana,María Pinto,2011,4,0.44999999999999996,0.11249999999999999,0.2,0,18.074268500000002,9.0291725E-4,0.021213533749999985,-1.106975425,3,-0.2540610468887172,0.17446817474915996,-0.4285292216378772,234
Los Ríos,Futrono,2011,1,0.4,0.4,0.4,0,14.413697,0.0,1.0872068,-38.407394,1,1.416972715446797,-1.3276308767139375,2.7446035921607344,235
Los Lagos,Calbuco,2011,1,0.4,0.4,0.4,0,15.801533,0.060575083,-0.36653137,70.69835,1,-0.8618836719031502,3.0660901814572052,-3.9279738533603554,235
Biobío,Antuco,2011,1,0.3999999999999999,0.3999999999999999,0.3999999999999999,0,15.83425,0.0057127327,-0.6825342,42.384323,1,-1.3572445851865647,1.9258758159190692,-3.283120401105634,237
Biobío,Cobquecura,2011,2,0.31,0.155,0.23,0,15.637061,0.0013345852349999998,-0.044352049999999976,-8.93231475,2,-0.3568405930287318,-0.14066058858695968,-0.2161800044417721,238
Los Lagos,Chaitén,2011,1,0.25,0.25,0.25,0,13.792516,0.0012144446,0.9932833,-4.0974884,1,1.269739759530628,0.054039319665310934,1.215700439865317,239
Coquimbo,Rio Hurtado,2011,1,0.2,0.2,0.2,0,16.917318,0.1759138,0.22659683,-4.0913615,0,0.06789447864742461,0.05428605176725516,0.013608426880169451,240
O'Higgins,Peralillo,2011,1,0.2,0.2,0.2,0,19.215988,0.058442354,-0.23591805,5.309396,1,-0.6571363489687991,0.4328573778608686,-1.0899937268296678,240
Araucanía,Pucón,2011,1,0.2,0.2,0.2,0,22.129599,0.0,0.23966599,-2.9477081,1,0.08838148198675251,0.10034131744445933,-0.011959835457706819,240
Araucanía,Cunco,2011,1,0.02,0.02,0.02,0,13.522008,0.0,-0.33555317,36.24713,1,-0.8133227478004253,1.6787292117754729,-2.4920519595758983,243
Los Lagos,Cochamó,2011,1,0.01,0.01,0.01,0,19.862926,6.689639,0.09113884,62.216873,1,-0.14444727043734032,2.724538557013911,-2.8689858274512514,244
Magallanes,Cabo de Hornos (Ex-Navarino),2011,1,0.01,0.01,0.01,0,8.770368,1.5411414,1.8476324,-47.64409,1,2.6090035580189617,-1.6995953969606916,4.3085989549796535,244
Biobío,Quirihue,2012,16,5057.109999999999,316.0693749999999,4210.25,2,18.269151750000002,0.20802300195962498,-0.10061423968749998,10.37431681875,15,-0.4450362894626046,0.6368232594308738,-1.0818595488934784,1
O'Higgins,Pichilemu,2012,9,4794.250000000001,532.6944444444446,4773.0,1,17.01996822222222,1.4901161333333332E-5,0.40327103777777784,5.016307811111111,5,0.34484610252504544,0.42105462852603653,-0.0762085260009911,2
Maule,Cauquenes,2012,26,4729.200000000001,181.89230769230772,4375.0,2,18.276288346153844,0.01619190249630769,0.33070684823076923,3.0671697215384617,24,0.23109565539874288,0.34256225263940293,-0.11146659724066005,3
O'Higgins,Litueche,2012,15,2610.0,174.0,2460.0,1,17.941833400000004,0.014634306258000001,0.3361330688666666,3.385875486666667,12,0.23960171089791493,0.3553966294583204,-0.11579491856040547,4
Araucanía,Galvarino,2012,53,1022.7699999999999,19.297547169811317,550.0,2,15.262982141509433,0.40658387354969805,0.19180446683018867,21.88533435081132,42,0.013354534194756344,1.1003753903947122,-1.087020856199956,5
Araucanía,Lumaco,2012,36,961.2999999999998,26.702777777777772,448.0,2,15.001003875,0.7463550872121112,0.18484390877777782,27.432427925,27,0.002443276236071392,1.3237585135468593,-1.321315237310788,6
Maule,Retiro,2012,9,756.9999999999999,84.1111111111111,581.4,1,18.483892,0.22852090333333333,-0.0742110091111111,5.2640941111111115,7,-0.40364701325912067,0.43103305719828233,-0.834680070457403,7
Biobío,Mulchén,2012,88,641.6993,7.2920375,120.7,0,17.856683852272724,0.4617504816413638,0.1436255658977273,37.1608686818182,79,-0.06216992983265512,1.715525742744275,-1.77769567257693,8
Valparaíso,Cartagena,2012,29,631.49,21.775517241379312,523.4,1,16.54847756896552,0.07173704765020689,0.4518553357931032,8.419180677241382,26,0.42100606044727407,0.5580893401925072,-0.13708327974523316,9
Biobío,Yumbel,2012,37,518.2500000000002,14.006756756756763,400.91,1,16.996799878378386,0.05547672238291891,-0.12186831189189186,13.636522075675678,25,-0.47835382848008484,0.7681932442543213,-1.2465470727344061,10
Biobío,Arauco,2012,111,497.9450999999999,4.485991891891891,370.0,1,15.56827872522522,0.1750222233968829,0.1441252955045051,13.442190858558558,79,-0.0613865618026656,0.7603674678139213,-0.8217540296165868,11
Valparaíso,San Antonio,2012,131,421.1699999999999,3.2150381679389306,170.0,0,17.209818507633592,0.04812285904951147,0.5274451815267177,1.9570069819847318,118,0.5394994771598892,0.29785566591034685,0.24164381124954237,12
Maule,Curicó,2012,32,414.92,12.96625,180.0,0,17.626320000000003,0.23903635992662498,0.186933339875,-0.5671411718749999,26,0.0057186345503078325,0.19620746214980683,-0.190488827599499,13
Maule,Maule,2012,29,351.2,12.110344827586207,202.4,1,19.197850448275865,0.12298345026731033,-0.08936339758620687,12.069411510344827,26,-0.4273996517827963,0.7050852314316723,-1.1324848832144687,14
O'Higgins,Las Cabras,2012,15,340.40000000000003,22.693333333333335,290.0,1,19.442219033333334,0.05688667736,0.09943185666666678,10.592867613333333,10,-0.13144727195671077,0.6456243655251672,-0.777071637481878,15
Aysén,Cochrane,2012,2,304.2,152.1,300.0,1,4.03506737,3.90165581,0.45429753500000003,4.7372971,0,0.4248344123311747,0.40981878344656764,0.015015628884607057,16
Biobío,Cobquecura,2012,8,300.24,37.53,160.0,0,16.183352499999998,5.5879355E-6,0.39589284999999996,-6.5133824250000005,5,0.3332801749794707,-0.04324945783436264,0.37652963281383334,17
Maule,Pencahue,2012,17,289.16,17.009411764705884,100.01,0,18.920920176470588,0.460798641586353,-0.6012945207058823,27.188178741176472,14,-1.2298945809793687,1.3139225256046796,-2.543817106584048,18
Araucanía,Los Sauces,2012,7,286.03000000000003,40.861428571428576,281.62,1,13.697499928571428,6.386212E-6,0.5903559971428571,0.7445887571428577,4,0.6381174518122533,0.24903122009750114,0.3890862317147522,19
Metropolitana,Paine,2012,10,273.40000000000003,27.340000000000003,255.0,1,20.602692300000005,0.22098907354840006,-0.030687331000000005,6.805256729999999,8,-0.33542000105618136,0.493096138429627,-0.8285161394858084,20
Maule,Romeral,2012,13,270.95000000000005,20.842307692307696,251.3,1,18.150294538461537,0.23076381838215385,0.09260522461538462,1.5743496769230751,10,-0.14214858968722907,0.2824459413837223,-0.42459453107095135,21
O'Higgins,Navidad,2012,5,268.31,53.662,233.0,1,17.374300599999998,0.06516612000000001,0.28445396300000003,7.54918996,4,0.15859038236081854,0.5230545528878455,-0.36446417052702695,22
Biobío,Yungay,2012,16,251.41,15.713125,241.3,1,17.228832375000003,1.3315265456083751,-0.150660154375,39.478502324999994,11,-0.5234874539844661,1.8088575451759943,-2.33234499916046,23
Metropolitana,Melipilla,2012,60,248.36999999999998,4.1395,45.5,0,19.124262933333338,0.07702245906506665,0.18976926986666678,5.9188111633333325,50,0.010164192429266979,0.4573987093998063,-0.44723451697053934,24
Araucanía,Carahue,2012,13,229.31000000000003,17.63923076923077,117.61,0,13.203351076923074,0.14552266369107691,0.4916857876923077,-10.102546192307692,6,0.4834436311148565,-0.18778616000509962,0.6712297911199561,25
Araucanía,Perquenco,2012,3,227.1,75.7,223.0,1,17.047866666666668,0.5578470414946667,-0.01715596333333332,42.35756816666666,3,-0.314208448471878,1.9247983907504678,-2.2390068392223457,26
Biobío,Pemuco,2012,12,211.89000000000001,17.657500000000002,203.04,1,17.17643983333333,0.110213950164,0.4297093591666667,-14.480627803333336,8,0.3862903865173135,-0.36409282053027986,0.7503832070475933,27
Biobío,Coihueco,2012,13,210.32000000000002,16.17846153846154,193.0,0,16.419887999999997,0.0016137670655384617,-0.01432301538461541,-12.018007653846155,7,-0.3097675651951008,-0.26492236797300295,-0.04484519722209784,28
Coquimbo,La Higuera,2012,1,200.0,200.0,200.0,1,17.680012,0.21989457,-0.2696228,-0.08059329,1,-0.70997136864881,0.21580089138670155,-0.9257722600355116,29
Biobío,Cañete,2012,105,199.94999999999993,1.9042857142857137,26.5,0,13.833985090476189,0.2507662044403048,0.4497623498285718,5.4402500304761885,63,0.417725129580675,0.438126908943025,-0.020401779362349992,30
Biobío,Laja,2012,46,195.91,4.258913043478261,67.0,0,17.540415347826087,0.11024858878404346,0.12791745499999999,3.4548779782608694,34,-0.08679370981669941,0.3581753805054121,-0.4449690903221115,31
Maule,San Javier,2012,30,195.23999999999998,6.507999999999999,144.0,0,18.507525633333334,0.10655348094126663,-0.026718427033333284,7.22574071,24,-0.32919841154173873,0.5100291545094185,-0.8392275660511572,32
Araucanía,Lautaro,2012,28,194.87,6.959642857142858,74.1,0,16.54246380357143,1.8336769839202858,0.6307409399999999,27.726834589285716,25,0.7014242335161157,1.3356143582816524,-0.6341901247655367,33
Biobío,Tirúa,2012,108,186.72050000000002,1.7288935185185186,37.4,0,13.727966402777781,0.15935192766690742,0.37080567462962954,-1.1071212777777777,64,0.2939539255811097,0.1744623012140222,0.11949162436708752,34
Metropolitana,San Pedro,2012,28,184.01,6.571785714285714,120.0,0,19.059902178571434,0.14210786013557142,0.48223291925000017,2.4297510357142857,24,0.4686254677942007,0.3168932108447064,0.15173225694949433,35
Valparaíso,Limache,2012,27,183.92999999999998,6.812222222222221,42.3,0,18.045379259259263,0.059047925401333336,-0.13105809659259257,7.873624781481485,25,-0.4927595859925003,0.5361196405256439,-1.0288792265181441,36
Araucanía,Ercilla,2012,119,179.61410000000004,1.5093621848739498,23.0,0,15.979109306722698,0.44693170357961354,0.17414261462184863,30.952337715966355,96,-0.014331898993832554,1.465506337304256,-1.4798382362980886,37
Biobío,Concepción,2012,33,179.26000000000002,5.432121212121213,163.7,0,17.76702765151515,0.02555103380060606,0.42028819860606054,7.179575181818178,29,0.37152192795796596,0.5081700548332909,-0.13664812687532496,38
Valparaíso,El Tabo,2012,8,170.4,21.3,157.8,0,14.839480875,7.683411169999999E-4,0.12088240125,23.907439275000005,6,-0.09782174602320398,1.1818061626117955,-1.2796279086349995,39
Biobío,San Ignacio,2012,4,169.5,42.375,62.0,0,20.649848,0.287798225,-0.07077837000000001,58.770976375000004,4,-0.3982660638383438,2.5857712656644893,-2.9840373295028333,40
Coquimbo,Coquimbo,2012,10,164.42000000000002,16.442,90.0,0,18.6312928,0.007727276538399999,0.526541716,-0.31341467619999996,8,0.5380832192471516,0.20642510428479122,0.3316581149623604,41
Biobío,Los Angeles,2012,104,163.68000000000006,1.5738461538461546,24.0,0,17.645196302884617,0.3750065966418653,0.018763744509615474,22.795257438461558,82,-0.2579012967860638,1.1370182662411477,-1.3949195630272115,42
Metropolitana,El Monte,2012,12,158.92999999999998,13.244166666666665,120.0,0,21.505179333333334,0.0011905406916666668,0.5505509333333333,-5.681594166666667,12,0.5757196791024636,-0.009753095016116636,0.5854727741185802,43
Coquimbo,Ovalle,2012,29,156.14999999999998,5.384482758620689,47.0,0,19.537810137931043,0.03659814872068965,0.036126795103448274,0.4844631233793104,24,-0.23068326016421734,0.23855588275103648,-0.4692391429152538,44
Araucanía,Angol,2012,60,154.97999999999996,2.5829999999999993,32.0,0,15.634123691666666,1.2720641386203,-0.005372859333333191,29.124234894999997,49,-0.29573744566866417,1.3918880880122486,-1.6876255336809127,45
Araucanía,Padre Las Casas,2012,24,154.59,6.44125,120.0,0,15.067828774999997,0.09745626887016667,0.22000508683333328,23.51088304166667,19,0.05756136892442075,1.1658367240720087,-1.108275355147588,46
O'Higgins,Pichidegua,2012,13,152.6,11.738461538461538,102.0,0,19.885687,0.0422695807,0.04084689307692307,10.782678153846152,11,-0.223284111103028,0.653268092961864,-0.8765522040648921,47
Valparaíso,Puchuncavi,2012,5,148.11000000000004,29.622000000000007,147.0,0,17.6491724,0.0018090009879999998,0.45988425599999994,4.460042,5,0.43359206559908875,0.398653637353477,0.034938428245611775,48
Valparaíso,Casablanca,2012,12,119.31,9.9425,55.5,0,16.31200875,0.077381112707,0.38478938666666657,12.253149105,11,0.3158745658670177,0.7124843995159316,-0.3966098336489139,49
Los Lagos,Puerto Montt,2012,33,113.69000000000001,3.4451515151515153,35.0,0,12.29007684848485,0.6071047351840609,0.4168424639393941,-60.145889696969675,7,0.36612045015660516,-2.2030466230814105,2.569167073238016,50
O'Higgins,Lolol,2012,2,108.0,54.0,101.0,0,18.8487035,0.0,0.75395775,1.9645769999999994,1,0.8945769072863761,0.29816051280790723,0.5964163944784688,51
Los Ríos,Panguipulli,2012,7,105.75000000000001,15.10714285714286,74.2,0,15.973537142857143,0.04508505964057142,0.5739958628571429,49.20349399999999,6,0.6124715705357764,2.200485878813374,-1.5880143082775977,52
Araucanía,Temuco,2012,49,98.90999999999998,2.0185714285714282,32.0,0,16.62681944897959,0.6087401532993469,0.6413746363265308,19.988241679591827,37,0.7180934434845481,1.023978899126212,-0.3058854556416639,53
Valparaíso,Algarrobo,2012,15,96.31,6.4206666666666665,85.5,0,16.012527600000002,0.047334407668533335,0.6063586566666667,7.441241604,13,0.6632029614473341,0.5187074401918158,0.14449552125551834,54
Biobío,Tomé,2012,100,95.25000000000001,0.9525000000000001,27.6,0,15.76970167,0.12179858237726006,0.23158825737000016,8.945534566799996,62,0.07571895927182633,0.5792857693063033,-0.5035668100344769,55
O'Higgins,San Vicente,2012,11,90.09999999999998,8.19090909090909,79.0,0,20.418749363636362,4.063953090909091E-6,-0.08648022090909091,7.380077909090908,11,-0.4228800307656883,0.5162443598399911,-0.9391243906056794,56
Biobío,Contulmo,2012,29,89.1,3.072413793103448,25.0,0,15.130988724137927,0.15440558501951723,0.5504725531034482,4.502319999999999,19,0.5755968115247927,0.4003561851029095,0.1752406264218832,57
Valparaíso,Santo Domingo,2012,13,88.38,6.798461538461538,46.4,0,17.98577553846154,7.880421779999999E-4,0.43958224230769233,9.950704599999998,12,0.4017669580704192,0.6197642682377017,-0.21799731016728252,58
Biobío,El Carmen,2012,9,87.57000000000001,9.73,70.01,0,16.371406222222223,9.120752186666666E-4,0.2392816566666667,-6.339289633333334,6,0.08777900728421506,-0.03623868886126776,0.12401769614548282,59
Maule,Linares,2012,22,85.37,3.880454545454546,20.0,0,17.148932,0.039623117881090915,0.14111879454545442,6.092216695454544,15,-0.06609950396480636,0.4643818022247298,-0.5304813061895362,60
O'Higgins,Peralillo,2012,1,85.0,85.0,85.0,0,20.602942,0.008003786,0.0333786,-4.1610303,1,-0.23499128625475943,0.051480468280674326,-0.2864717545354338,61
Araucanía,Traiguén,2012,21,84.07,4.003333333333333,40.0,0,15.449343142857144,0.5660365499365715,0.3020767485714285,6.8638490139523824,15,0.18621557532273156,0.49545566729043505,-0.3092400919677035,62
Valparaíso,Quilpué,2012,38,83.37,2.193947368421053,42.5,0,16.884597500000005,0.06815865144526315,0.30984740184210535,13.464549299999993,34,0.19839672541234066,0.7612678489614905,-0.5628711235491498,63
Biobío,Coelemu,2012,22,79.72000000000001,3.6236363636363644,53.5,0,16.411421477272725,0.3598265485478182,0.3115163269545454,6.590609539545453,15,0.20101290536205796,0.48445223164523804,-0.2834393262831801,64
Maule,Parral,2012,8,73.27000000000001,9.158750000000001,60.0,0,19.996223875,0.004474772125,0.28008961875,6.968899625000001,8,0.15174890706908384,0.4996860869274952,-0.3479371798584114,65
Araucanía,Collipulli,2012,97,70.16,0.723298969072165,5.6,0,16.106582381443307,0.3321826861458352,0.2220864283505154,21.424272394845353,79,0.06082404614413433,1.0818082870435886,-1.0209842408994543,66
Magallanes,Porvenir,2012,2,70.15,35.075,70.0,0,6.237982499999999,0.58438725,-0.86077212,22.5804415,1,-1.6366474589929043,1.1283675639238677,-2.765015022916772,67
Biobío,Los Alamos,2012,160,68.48300000000005,0.4280187500000003,5.0,0,13.894874534375,0.28959439042197505,0.25937751958750066,22.641767228000013,97,0.11928095620563015,1.130837169396897,-1.011556213191267,68
Biobío,Florida,2012,43,66.77000000000001,1.5527906976744188,34.77,0,17.42001119767442,0.16147290729581396,0.10444255534883717,7.879658655813952,31,-0.1235925819357767,0.5363626264560356,-0.6599552083918123,69
Metropolitana,Tiltil,2012,9,63.800000000000004,7.0888888888888895,33.0,0,19.141991555555556,0.07559669358888889,-0.17075358555555556,10.292385666666668,6,-0.5549855909492442,0.6335238673454419,-1.188509458294686,70
Maule,San Clemente,2012,14,63.410000000000004,4.529285714285715,20.0,0,17.104094928571428,0.14395106971214286,0.08924313407142856,5.519896564285715,9,-0.14741894831786415,0.44133429876485925,-0.5887532470827234,71
Biobío,Ñiquén,2012,9,63.31,7.0344444444444445,28.0,0,20.269512333333335,0.7331369347075555,0.09861501,19.347796555555558,8,-0.13272774754869382,0.9981879817563512,-1.130915729305045,72
Valparaíso,Villa Alemana,2012,39,59.62,1.5287179487179487,9.73,0,17.178379128205126,0.07081801112399999,0.15124543199999985,9.877306474358967,35,-0.050225151263681336,0.6168085036882268,-0.6670336549519081,73
Biobío,Lebu,2012,112,59.33849999999999,0.5298080357142856,4.0,0,14.289434834821426,0.13738697740500003,0.3058440834107145,21.186870531785722,91,0.19212118834092234,1.0722480427637442,-0.8801268544228218,74
Biobío,Chillán,2012,52,56.529999999999994,1.0871153846153845,10.8,0,18.115315000000002,0.40812115469684634,0.06843698673076928,17.88866408461539,44,-0.18003432758069626,0.9394282792036505,-1.1194626067843467,75
Aysén,Lago Verde,2012,1,55.0,55.0,55.0,0,13.839189,0.0,2.5143814,36.288895,1,3.6541884811122243,1.6804111008609321,1.9737773802512921,76
Araucanía,Gorbea,2012,5,53.89,10.778,30.0,0,15.9349528,1.78813936E-5,0.99180948,-18.650583200000003,2,1.267429423192136,-0.5320181759356628,1.7994475991277987,77
Araucanía,Nueva Imperial,2012,11,53.71000000000001,4.882727272727274,16.8,0,13.718923863636364,0.029055217721454543,0.4255732572727273,7.541274945454547,8,0.3798067002426841,0.5227358128764663,-0.14292911263378222,78
Maule,Hualañé,2012,11,51.64,4.694545454545454,30.0,0,19.160136999999995,0.018773092434909093,-0.2049277881818182,14.093414327272727,9,-0.6085565169554381,0.7865924323590023,-1.3951489493144404,79
Araucanía,Victoria,2012,38,50.93,1.3402631578947368,12.4,0,15.535881578947366,1.1221928396837892,0.3618089963157896,46.16548231578949,34,0.27985087851010454,2.0781442364532277,-1.798293357943123,80
Maule,Longaví,2012,16,49.31,3.081875,25.0,0,17.107107187500002,0.31590753390424997,0.19980436624999998,-6.6774450624999995,10,0.025895046831219706,-0.04985630948868841,0.07575135631990812,81
Biobío,San Rosendo,2012,11,48.14,4.376363636363636,40.0,0,19.589059181818183,0.33928794,-0.09750123,30.822683909090905,11,-0.44015638594446166,1.46028513958674,-1.9004415255312017,82
O'Higgins,Paredones,2012,7,42.25,6.035714285714286,30.0,0,19.03500757142857,7.1977931E-4,0.3238029454285714,7.662772085714286,7,0.22027320929179933,0.5276285391812041,-0.3073553298894048,83
Valparaíso,Viña del Mar,2012,44,41.81,0.9502272727272728,10.39,0,16.804405102272735,0.07488119620200001,0.3928350934090913,11.708406749999995,39,0.3284868853197835,0.6905474613796474,-0.3620605760598639,84
Valparaíso,Quillota,2012,17,40.78999999999999,2.399411764705882,10.7,0,17.004950823529413,0.010717769509882354,-0.02375990129411763,2.738159688235295,11,-0.3245606745564391,0.32931291984832906,-0.6538735944047682,85
Biobío,Hualqui,2012,28,40.459999999999994,1.4449999999999998,28.5,0,17.145201642857142,0.11552135594828572,0.13637471289285713,16.297789669285713,22,-0.07353624945256572,0.8753632890090031,-0.9488995384615688,86
Biobío,Cabrero,2012,61,40.38000000000001,0.6619672131147543,8.0,0,16.97055001639343,0.2648312241437377,-0.03168736231147545,12.663348569672129,42,-0.33698763392758474,0.7290032550766475,-1.0659908890042322,87
O'Higgins,Coltauco,2012,8,40.099999999999994,5.012499999999999,35.0,0,20.091251375,1.6763806499999998E-5,0.16532468499999997,-20.5194503125,7,-0.028154742513138455,-0.6072780154828339,0.5791232729696955,88
Maule,Talca,2012,34,40.0,1.1764705882352942,5.0,0,19.10447092647059,0.17484989745399998,-0.3025246843529411,20.05419024705882,28,-0.7615478291565156,1.0266346677320881,-1.7881824968886038,89
O'Higgins,La Estrella,2012,4,39.0,9.75,20.0,0,19.41908225,2.2351742E-5,0.410085684,19.24003925,4,0.3555286314642431,0.9938485627190616,-0.6383199312548186,90
Valparaíso,La Ligua,2012,7,38.87,5.5528571428571425,30.0,0,18.69926642857143,0.12963983307142857,0.13988739857142857,1.0315814571428572,6,-0.06802982033034957,0.26058850226526115,-0.32861832259561075,91
Biobío,Santa Bárbara,2012,16,38.75,2.421875,10.5,0,14.952183750000005,0.4346139435605,0.4079036695,5.253532112499994,11,0.35210814090877035,0.43060772234410605,-0.0784995814353357,92
Biobío,San Carlos,2012,14,38.25,2.732142857142857,15.2,0,19.067117642857145,0.01977370693942857,0.24624769999999999,9.56415,13,0.09869886388034686,0.6041975984741655,-0.5054987345938187,93
Biobío,Negrete,2012,16,38.09,2.380625,25.0,0,17.896976875,1.092168305252125,0.03200971750000002,18.982345312499994,13,-0.23713712426949388,0.9834711505109857,-1.2206082747804796,94
O'Higgins,Malloa,2012,8,37.8,4.725,20.0,0,18.938938375,0.675103835991,-0.045364131249999995,11.525150999999997,3,-0.35842711518841314,0.6831676973242743,-1.0415948125126875,95
Los Lagos,Palena,2012,3,37.5,12.5,36.0,0,10.840614433333334,0.0038507084666666667,0.6326534100000001,-28.571844666666667,1,0.7044221904832328,-0.9315503529924019,1.6359725434756347,96
Biobío,San Pedro de la Paz,2012,36,35.270000000000024,0.9797222222222229,7.3,0,14.864955972222223,0.00599414727738889,0.11346509694444443,-3.8472294555555524,17,-0.10944899200356753,0.06411732247148079,-0.17356631447504833,97
Metropolitana,Padre Hurtado,2012,7,35.1,5.014285714285714,16.0,0,19.819005428571426,0.03146459938114286,0.1776673371428572,10.30934542857143,5,-0.008806601112552732,0.6342068420476952,-0.6430134431602479,98
Araucanía,Purén,2012,20,34.42000000000001,1.7210000000000005,15.079999999999998,0,14.440275549999999,1.3162281504084,0.09529966199999998,26.759722850000003,12,-0.13792483332521155,1.296668478269101,-1.4345933115943126,99
Biobío,Talcahuano,2012,24,34.250000000000014,1.427083333333334,9.0,0,17.09395679166666,0.090779036275,0.36047974901666663,4.419382154166664,19,0.27776717199370066,0.3970162531580132,-0.11924908116431254,100
Valparaíso,El Quisco,2012,9,34.17,3.796666666666667,26.2,0,15.854698444444447,0.03650805166666667,0.37100114222222225,11.667441788888889,9,0.29426033741034563,0.6888977901003696,-0.3946374526900239,101
Biobío,Coronel,2012,59,33.6607,0.5705203389830508,6.0,0,15.32470024576271,0.22858921438677962,0.04867219184745766,14.846784406779655,42,-0.21101729961375243,0.8169308715792662,-1.0279481711930187,102
Araucanía,Lonquimay,2012,4,33.51,8.3775,28.0,0,16.248696250000002,1.8142260405000001,0.8913476499999999,37.965067250000004,4,1.1099470871670971,1.747911060459275,-0.6379639732921778,103
Biobío,Pinto,2012,7,33.31,4.758571428571429,20.25,0,17.983625714285715,0.37385573164057145,0.030941008571428546,39.77364371428572,7,-0.23881241506005838,1.8207429775070598,-2.0595553925671184,104
Valparaíso,San Felipe,2012,5,33.27,6.654000000000001,18.67,0,17.0264096,0.11778102316000001,-1.0384942756000002,15.982980509999999,1,-1.915241828887355,0.8626858296769004,-2.7779276585642556,105
Metropolitana,Lampa,2012,13,30.5,2.3461538461538463,10.0,0,18.179990999999998,1.1300621171360001,0.054934283846153745,20.739807246153852,7,-0.20120094571736852,1.054244670068573,-1.2554456157859415,106
Biobío,Santa Juana,2012,26,30.220000000000006,1.1623076923076925,9.21,0,15.244118634615386,0.2574020094173846,0.15244825080769228,-13.151490153846153,8,-0.04833963200079058,-0.31056804845448577,0.2622284164536952,107
Biobío,Curanilahue,2012,277,28.905599999999968,0.10435234657039699,6.2,0,14.605844268953069,0.23829513066122746,0.06412270833935067,23.067323413718363,186,-0.1867973204441843,1.147974444723352,-1.3347717651675364,108
Valparaíso,Olmué,2012,9,25.93,2.881111111111111,21.0,0,18.67133188888889,0.008035347777777778,-0.14521175111111112,1.5688308222222223,9,-0.5149466253572784,0.2822236954484751,-0.7971703208057535,109
Valparaíso,Nogales,2012,8,25.89,3.23625,8.8,0,17.93248675,0.0015320256299999999,0.1169128425,3.9597352249999997,8,-0.10404436196538451,0.3785061333608074,-0.48255049532619193,110
Coquimbo,La Serena,2012,21,25.089999999999996,1.1947619047619047,10.0,0,19.115298404761905,0.0587413525937143,0.5744902830476187,-0.7335843614285713,17,0.613246615610847,0.18950474494977843,0.4237418706610686,111
O'Higgins,Marchigue,2012,7,24.4,3.4857142857142853,12.0,0,19.361522857142855,1.2772424E-5,0.00948306514285715,17.016358685714284,6,-0.27244953930341076,0.9043002789738168,-1.1767498182772276,112
Biobío,Portezuelo,2012,8,24.000000000000004,3.0000000000000004,20.0,0,17.220141,0.0071171673125000005,0.336203697625,-14.982893087500003,7,0.23971242739444792,-0.3843191942749233,0.6240316216693712,113
Metropolitana,San Bernardo,2012,15,23.349999999999998,1.5566666666666664,7.5,0,21.540194800000002,0.006683667313333333,-0.0815507313333333,7.5655560133333335,15,-0.4151526428234083,0.52371361876773,-0.9388662615911383,114
Maule,Rauco,2012,6,22.7,3.783333333333333,12.0,0,20.96213366666667,0.0,0.21450202299999999,-4.4360521833333335,6,0.04893485527472683,0.04040525449303402,0.008529600781692813,115
Maule,Sagrada Familia,2012,7,22.7,3.242857142857143,7.0,0,19.25788442857143,6.905091428571428E-4,0.38191210142857146,-2.8735915714285722,5,0.31136418017420703,0.10332601229556473,0.2080381678786423,115
Maule,Río Claro,2012,8,22.21,2.77625,11.0,0,18.2689080625,0.183619562398,0.07982434249999998,18.126135174999998,8,-0.16218369328818288,0.9489913112886498,-1.1111750045768327,117
Metropolitana,Buin,2012,10,22.21,2.221,13.0,0,20.1457288,0.0109855082484,-0.2978057,11.2643304,9,-0.754150425788821,0.6726643734788788,-1.4268147992676998,117
O'Higgins,San Fernando,2012,15,21.150000000000002,1.4100000000000001,7.0,0,18.041469933333335,0.34413814373333335,-0.34145608199999994,12.410030166666665,13,-0.8225760569538643,0.7188020469559515,-1.5413781039098158,119
Araucanía,Cholchol,2012,18,20.950000000000003,1.163888888888889,4.0,0,13.446723833333333,0.5938896930126666,0.10283957533333332,30.724877783333316,10,-0.12610538742063596,1.4563464575466882,-1.5824518449673242,120
Valparaíso,Catemu,2012,3,20.5,6.833333333333333,14.1,0,19.321174,0.0011368344333333334,0.04573439999999999,-0.30211419999999983,1,-0.21562253448646926,0.2068801778531205,-0.42250271233958975,121
Los Ríos,Valdivia,2012,17,19.95,1.173529411764706,5.5,0,13.978429411764708,0.05650257470000001,0.5606539135294117,-21.17410723529412,7,0.5915569470687463,-0.6336412462542409,1.2251981933229872,122
Metropolitana,Alhué,2012,5,19.54,3.908,12.0,0,21.9641222,1.4565885040000002E-4,0.527351758,-6.5964325740000005,4,0.5393530279539848,-0.04659391226148749,0.5859469402154722,123
Metropolitana,Maipú,2012,4,19.1,4.775,15.0,0,21.09371175,0.0472404075,-0.10502529249999998,7.2876663,3,-0.45195098433967695,0.5125229166052314,-0.9644739009449084,124
Los Ríos,Los Lagos,2012,1,19.0,19.0,19.0,0,17.920391,0.08906424,1.556387,89.912,1,2.1524519906371333,3.8398296337937383,-1.687377643156605,125
Los Ríos,Mariquina,2012,14,18.83,1.345,5.5,0,15.672356392857143,0.11332007302299998,0.5315304585714288,33.59451085714286,10,0.5459034912248387,1.5719074427283795,-1.0260039515035406,126
Biobío,Quillón,2012,20,18.68,0.9339999999999999,11.3,0,17.518447175,0.2803466330942,0.12538156700000005,15.810673401999997,17,-0.09076892673378974,0.855746970721022,-0.9465158974548118,127
Araucanía,Vilcún,2012,5,17.960000000000004,3.592000000000001,15.5,0,18.3417802,2.4209869286968,0.9616916919999999,25.425457879999996,5,1.2202172669916478,1.2429372274573278,-0.022719960465680034,128
Valparaíso,Concón,2012,11,17.57,1.5972727272727274,4.1,0,16.956586,0.5932605945894545,0.4085785218181819,11.204026636363634,11,0.35316602846207484,0.6702359228175087,-0.3170698943554338,129
Metropolitana,San José de Maipo,2012,5,16.6,3.3200000000000003,12.0,0,13.3539906,0.2722490669936,-0.24340619439999997,10.51447386,3,-0.668874642732757,0.6424674255491222,-1.311342068281879,130
Los Ríos,La Unión,2012,7,15.4,2.2,6.5,0,14.936867714285714,0.19124323027714288,0.25957380571428573,34.05467285714286,6,0.119588651155796,1.5904383045826387,-1.4708496534268427,131
Biobío,Penco,2012,36,15.269999999999998,0.4241666666666666,8.0,0,16.82685030555556,0.6971673151717224,0.23098198588888896,9.098387255555554,25,0.07476857792688416,0.5854411929601062,-0.510672615033222,132
O'Higgins,Rengo,2012,10,15.2,1.52,5.0,0,16.5143578,0.2713703606268,0.47788706695,-5.09466907285,9,0.4618129801834951,0.01388255467315509,0.44793042551034,133
Los Ríos,Corral,2012,7,15.100000000000001,2.1571428571428575,5.3,0,12.855798000000002,2.8751258571428574E-4,0.3540773328571429,-7.568633571428569,4,0.26773084821773263,-0.08574473822695536,0.353475586444688,134
Maule,Molina,2012,10,15.000000000000002,1.5000000000000002,3.5,0,17.9490135,0.2080081969484,0.5016992710999999,-3.90613308,9,0.49914060536658306,0.06174525583561078,0.43739534953097226,135
Los Lagos,Chonchi,2012,1,15.0,15.0,15.0,0,12.609528,0.31664592,0.7179537,-55.73865,0,0.8381375422025198,-2.025565757683678,2.8637032998861978,136
O'Higgins,Nancagua,2012,1,15.0,15.0,15.0,0,20.751764,0.0,-0.045757294,-4.741275,1,-0.35904343074137524,0.02811384005547111,-0.38715727079684636,136
Coquimbo,Paiguano,2012,2,15.0,7.5,9.0,0,6.36451995,0.098370019,-0.0646923415,3.7373733,0,-0.38872570422818176,0.36955155190075173,-0.7582772561289335,136
Los Ríos,Paillaco,2012,11,14.780000000000001,1.3436363636363637,3.4000000000000004,0,17.517121545454543,0.3294990580958182,1.0605373136363634,51.435604272727275,11,1.3751660609877514,2.290373629447676,-0.9152075684599246,139
Valparaíso,Quintero,2012,6,14.300000000000002,2.3833333333333337,12.3,0,17.193789499999998,0.08673097191666666,0.47686209999999996,4.25106275,5,0.4602062586093961,0.39023798023238343,0.0699682783770127,140
O'Higgins,Mostazal,2012,6,13.399999999999999,2.233333333333333,4.5,0,20.275485166666666,0.2711331532833334,0.05637391833333335,9.971650716666666,6,-0.19894419803455946,0.6206077746426921,-0.8195519726772516,141
Biobío,San Nicolás,2012,11,12.719999999999999,1.1563636363636363,3.65,0,16.45908618181818,0.129129228,-0.06767203909090908,25.859526090909092,7,-0.3933966298649588,1.2604172845930361,-1.653813914457995,142
Araucanía,Freire,2012,7,12.350000000000001,1.7642857142857145,4.65,0,15.498240999999998,0.08391030214285713,0.3550360442857144,12.853097857142858,5,0.269233708710572,0.7366445158349548,-0.4674108071243828,143
Metropolitana,Puente Alto,2012,6,12.1,2.0166666666666666,5.0,0,15.6883215,0.9213110534140001,-0.47923993666666664,24.752792499999998,6,-1.038563793783276,1.2158487907091333,-2.2544125844924094,144
Los Lagos,Osorno,2012,5,12.1,2.42,10.0,0,15.437026600000001,0.42248087736000006,0.63764743,16.072865200000003,3,0.7122507352723906,0.866305513121433,-0.15405477784904242,144
Metropolitana,María Pinto,2012,7,11.9,1.7,5.0,0,19.25898,0.0,0.4199205105714285,3.791795771428571,6,0.3709455461558197,0.3717431611596871,-7.976150038673802E-4,146
Biobío,Quilleco,2012,11,11.870000000000001,1.079090909090909,4.0,0,18.963118818181815,0.01897315691218182,0.5446912454545455,32.669784527272725,9,0.5665341273806892,1.534668435874664,-0.9681343084939749,147
Metropolitana,Peñaflor,2012,13,11.809999999999999,0.9084615384615383,3.5,0,19.972149076923074,0.03914692507692308,0.6138740647692308,-0.2723171923076926,11,0.6749839933494337,0.20808011229624365,0.46690388105319003,148
Biobío,Ránquil,2012,9,11.469999999999999,1.2744444444444443,10.0,0,18.31340088888889,0.002472971918666666,-0.03013441222222224,19.36841525222222,8,-0.3345532545440329,0.9990183028596687,-1.3335715574037017,149
Maule,Curepto,2012,10,11.32,1.1320000000000001,5.3,0,18.089783599999997,0.00173337756,0.05070943700000001,-3.6548865800000003,7,-0.20782374714035973,0.07186302780041032,-0.27968677494077004,150
Maule,Yerbas Buenas,2012,4,11.0,2.75,4.5,0,18.777689000000002,0.0,-0.49741600750000003,21.327138625000003,3,-1.0670563077519137,1.0778966809779258,-2.1449529887298393,151
Biobío,Ninhue,2012,3,10.98,3.66,8.41,0,13.248649366666667,0.009815519,0.5130850553333333,-14.387651333333332,1,0.5169887761449015,-0.3603486301771722,0.8773374063220737,152
Biobío,Nacimiento,2012,15,10.91,0.7273333333333334,6.0,0,17.22563178,0.6598333640322667,-0.0631732569,-2.8286457200000017,10,-0.3863444118365574,0.10513599522276187,-0.4914804070593193,153
Valparaíso,Zapallar,2012,2,10.87,5.435,10.5,0,17.755582,0.416808751742,-0.100868225,6.438656,2,-0.44543443272088035,0.478333016999999,-0.9237674497208793,154
Maule,Licantén,2012,14,10.74,0.7671428571428571,6.5,0,18.400776285714283,0.003320164971428571,0.3712365928571429,3.5810038714285715,11,0.2946294260085314,0.36325450807904,-0.06862508207050855,155
O'Higgins,Machalí,2012,13,10.4,0.8,1.5,0,13.16666609230769,0.13319561065261543,-0.06125600923076927,11.297674515384616,7,-0.3833389654726098,0.6740071510134096,-1.0573461164860194,156
Araucanía,Pitrufquén,2012,6,10.25,1.7083333333333333,4.1,0,13.970959333333333,1.2634673469139999,0.09711773833333333,0.45812533333333444,1,-0.13507484633965525,0.23749525204078994,-0.3725700983804452,157
Valparaíso,La Cruz,2012,6,10.17,1.695,4.4,0,18.151262999999997,9.064873333333332E-5,0.13235028666666668,3.2739811999999997,6,-0.0798448747609132,0.35089061295000185,-0.4307354877109151,158
Aysén,Coihaique,2012,5,9.88,1.9760000000000002,7.0,0,7.43369228,2.2440046354400005,0.730460989,-10.02017724,1,0.8577437656712766,-0.18446913757323027,1.0422129032445069,159
Biobío,Bulnes,2012,6,9.52,1.5866666666666667,4.3,0,18.643120166666666,1.0803794333333334,-0.032952310000000005,48.11938112666667,6,-0.33897054541683713,2.1568283280156906,-2.495798873432528,160
Coquimbo,Vicuña,2012,1,9.0,9.0,9.0,0,15.431087,0.0,0.7138891,3.374051,0,0.831765941137644,0.3549204538312205,0.4768454873064235,161
Biobío,Lota,2012,106,8.854000000000003,0.08352830188679247,1.36,0,14.762401443396222,0.11710751975275475,0.09941503266037749,6.982053862264148,59,-0.1314736449962198,0.5002158120102705,-0.6316894570064904,162
Metropolitana,Talagante,2012,9,8.61,0.9566666666666666,2.0,0,19.911711222222223,0.0014959109964444446,0.5111776922222222,2.845550333333333,6,0.5139988246540143,0.3336375733589438,0.18036125129507047,163
Los Lagos,Ancud,2012,1,8.5,8.5,8.5,0,15.458698,0.009756535,0.66397,-56.16706,0,0.753513569263993,-2.042817956967806,2.7963315262317994,164
Metropolitana,Isla de Maipo,2012,4,8.399999999999999,2.0999999999999996,4.8,0,20.843541,0.2782982054675,-0.481854435,9.641354875,4,-1.0426622389844724,0.6073066619628941,-1.6499689009473664,165
Araucanía,Renaico,2012,4,8.379999999999999,2.0949999999999998,8.0,0,17.110422749999998,3.59205305,0.699586885,3.200395425,4,0.8093460207705518,0.3479272917045197,0.46141872906603215,166
Maule,Constitución,2012,32,8.209999999999999,0.25656249999999997,1.35,0,16.275605875,0.15697896150343751,0.37555885134375006,-4.615245175,24,0.3014049283398641,0.03318909893515139,0.2682158294047127,167
Los Ríos,Máfil,2012,2,8.1,4.05,7.5,0,17.356702499999997,0.0021434389,0.860705865,0.1402265000000007,1,1.0619135217644267,0.22469337060744668,0.83722015115698,168
Biobío,Chillán Viejo,2012,16,7.94,0.49625,4.300000000000001,0,18.330665125,0.011213706105875004,0.33336025375000006,5.353993965000001,11,0.23525509087379046,0.4346533512971717,-0.19939826042338124,169
Biobío,Tucapel,2012,11,7.9399999999999995,0.7218181818181818,2.2,0,17.378633818181818,0.0882548419090909,0.11578316999999999,26.437433363636366,9,-0.10581521826218149,1.283689783920405,-1.3895050021825863,170
Maule,San Rafael,2012,6,7.6,1.2666666666666666,1.7,0,18.893823333333334,0.0,0.24427747666666666,-2.793380383333334,4,0.09561037372419133,0.10655614091496148,-0.010945767190770145,171
Maule,Pelarco,2012,2,7.5,3.75,4.0,0,18.0817135,1.44791795,0.91371058,-16.74673675,2,1.1450028536882169,-0.45534970796857405,1.6003525616567909,172
Metropolitana,Pudahuel,2012,7,7.1,1.0142857142857142,4.5,0,19.937125428571427,0.3777487,-0.3678313628571428,15.845175942857143,5,-0.8639215196305778,0.8571363983970247,-1.7210579180276024,173
Metropolitana,Huechuraba,2012,9,7.010000000000001,0.778888888888889,1.2000000000000002,0,19.23853788888889,0.7408514011613333,-0.16374058,16.11977118888889,6,-0.5439921171349061,0.8681944313724781,-1.4121865485073841,174
Coquimbo,Monte Patria,2012,1,7.0,7.0,7.0,0,11.210118,0.03420934,1.896893,-4.483057,0,2.686223675968187,0.03851235641771541,2.6477113195504716,175
Coquimbo,Illapel,2012,2,7.0,3.5,5.0,0,18.9676215,0.0,0.6483678900000001,-2.77925367,2,0.7290559545687442,0.10712502790092453,0.6219309266678197,175
Coquimbo,Los Vilos,2012,5,6.72,1.3439999999999999,3.0,0,15.7451264,0.11729375680000001,0.502599144,-0.24191213399999967,4,0.5005512315359217,0.20930453312015035,0.2912466984157714,177
Metropolitana,La Florida,2012,3,6.3,2.1,5.0,0,14.896062,0.5043418833333333,-0.9519548183333333,36.522294200000005,2,-1.7795839786501684,1.6898101566979955,-3.469394135348164,178
Valparaíso,Papudo,2012,5,6.28,1.256,5.0,0,19.0752028,0.0944472872,0.252282715,5.45812388,5,0.10815925555493759,0.43884669422805406,-0.33068743867311645,179
Los Lagos,Purranque,2012,2,6.2,3.1,3.5,0,17.9807045,0.0,1.6767888,22.5318567782,2,2.341191900368217,1.126411042594633,1.2147808577735841,180
Valparaíso,Hijuelas,2012,4,6.109999999999999,1.5274999999999999,5.0,0,17.3166875,0.14604812779600002,-0.1025338175,-19.006649749999998,2,-0.4480453885213649,-0.5463570827749336,0.09831169425356867,181
Maule,Chanco,2012,7,5.9799999999999995,0.8542857142857142,1.5,0,16.79431057142857,0.014896371548285714,0.13054956771428572,3.6960616428571424,5,-0.0826676525974857,0.36788791906821716,-0.45055557166570287,182
Metropolitana,Curacaví,2012,8,5.8,0.725,4.5,0,18.758250500000003,0.172947541742,0.3096909400000001,6.9106064125,6,0.19815145836520923,0.49733860176383876,-0.2991871433986295,183
Maule,Vichuquén,2012,12,5.76,0.48,1.5,0,17.291738416666668,0.12189325582499999,0.17492595916666667,5.406702191666667,10,-0.013103940784924595,0.436775927405027,-0.4498798681899516,184
Maule,Teno,2012,3,5.5,1.8333333333333333,3.5,0,18.842292333333333,0.08643479999999999,0.6250088983333333,-24.560447999999997,2,0.6924387779270674,-0.7700102052343619,1.4624489831614294,185
Araucanía,Melipeuco,2012,1,5.0,5.0,5.0,0,1.9188143,0.0,0.19636089,-169.64798,0,0.020497109287211854,-6.612728665836029,6.633225775123241,186
Metropolitana,Colina,2012,7,4.93,0.7042857142857143,3.5,0,21.159937714285714,0.027054654497714287,-0.01190975999999996,2.1146707857142846,7,-0.3059845851777724,0.3042048346081736,-0.610189419785946,187
Los Lagos,San Juan de la Costa,2012,6,4.75,0.7916666666666666,2.5,0,14.521187499999998,1.4901161333333334E-5,1.0012827166666665,1.2191116666666677,4,1.2822795154110878,0.26814040008860596,1.014139115322482,188
Los Lagos,Dalcahue,2012,1,4.5,4.5,4.5,0,13.257157,0.07078238,0.8209572,-76.26889,0,0.9996041589141113,-2.852324684485071,3.8519288433991825,189
Valparaíso,Valparaíso,2012,45,4.499999999999998,0.09999999999999996,0.5,0,16.292025099999996,0.025248839529333333,0.44017674777777804,9.85039140133333,35,0.4026988952072279,0.615724625619122,-0.2130257304118941,190
Maule,Colbún,2012,5,3.8499999999999996,0.7699999999999999,1.8,0,15.890419,0.1193392780968,0.39896011,-15.460277600000001,3,0.33808836202918063,-0.4035436118767684,0.741631973905949,191
Biobío,Chiguayante,2012,6,3.4000000000000004,0.5666666666666668,2.7,0,17.81270583333333,0.29365564383066667,0.3188444753333333,11.452022216666668,6,0.2125003919570127,0.6802227792703716,-0.46772238731335886,192
Metropolitana,Renca,2012,4,3.2,0.8,1.2,0,18.93353475,4.06783725,0.1537728325,3.94041455,1,-0.046263239213991655,0.3777280839795981,-0.4239913231935898,193
Valparaíso,Los Andes,2012,1,3.0,3.0,3.0,0,10.594394,0.5779937,-1.0748334,26.991695,0,-1.9722064511684385,1.3060100663743452,-3.2782165175427838,194
O'Higgins,Peumo,2012,3,3.0,1.0,1.5,0,19.619669333333334,0.009380902,-0.08881791333333333,-3.1109854333333335,2,-0.4265445595113595,0.09376609022462846,-0.520310649735988,194
Metropolitana,Las Condes,2012,2,2.52,1.26,2.5,0,15.1198255,2.95317626075,-0.96101187,35.766581,2,-1.7937816660102943,1.6593773593122052,-3.4531590253224995,196
Valparaíso,Petorca,2012,1,2.3,2.3,2.3,0,19.07215,0.027332455,0.46081734,-3.425539,0,0.4350547529503703,0.08109892368400919,0.35395582926636115,197
Araucanía,Saavedra,2012,1,2.3,2.3,2.3,0,14.459797,4.4703484E-5,0.39382172,46.431866,1,0.33003350516854313,2.0888715873695,-1.7588380822009566,197
Los Ríos,Río Bueno,2012,3,2.3,0.7666666666666666,1.5,0,18.256299333333335,1.4901161333333334E-5,1.5937957999999999,45.662407,3,2.2110934190472418,2.0578852424920084,0.15320817655523333,197
O'Higgins,Chimbarongo,2012,3,2.0999999999999996,0.6999999999999998,1.0,0,18.268375333333335,3.445893433333333E-4,0.6238206333333333,-6.567849,2,0.6905760729771696,-0.04544284315735677,0.7360189161345264,200
Magallanes,Punta Arenas,2012,4,2.04,0.51,2.0,0,6.947876625,3.0827278,-1.062819265,28.571123749999998,2,-1.9533732879150898,1.3696141361908336,-3.322987424105923,201
O'Higgins,Santa Cruz,2012,1,2.0,2.0,2.0,0,12.574326,0.027485192,0.18822002,-13.257376,0,0.00773561345465377,-0.3148321032599636,0.32256771671461737,202
Metropolitana,Calera de Tango,2012,2,1.9000000000000001,0.9500000000000001,1.8,0,19.573712,0.0,0.33512783,-1.6528988,0,0.2380259147474186,0.15248367658300144,0.08554223816441717,203
Metropolitana,Quilicura,2012,4,1.9,0.475,1.3,0,19.007978,1.5319180292960002,0.1126861575,8.212506625,3,-0.11067004484854512,0.5497665140770415,-0.6604365589255866,204
O'Higgins,Pumanque,2012,2,1.8,0.9,1.2,0,20.279596,0.0,-0.51496695,36.6013515,1,-1.0945688806797722,1.6929938178974657,-2.787562698577238,205
Biobío,Treguaco,2012,2,1.61,0.805,1.6,0,13.1200425,0.015998725,-0.317916395,-12.94232415,0,-0.7856756252370797,-0.3021448706999548,-0.48353075453712485,206
Araucanía,Curacautín,2012,1,1.6,1.6,1.6,0,8.46209,0.0,1.3984141,-77.9843,0,1.9048162336471426,-2.921404760052838,4.82622099369998,207
Los Lagos,Futaleufú,2012,1,1.5,1.5,1.5,0,2.4686317,0.0,-1.0333962,-25.770416,0,-1.9072501682265819,-0.8187359797574084,-1.0885141884691736,208
Maule,Villa Alegre,2012,3,1.5,0.5,0.8,0,18.174685666666665,0.0,-0.5386575216666666,15.106178999999997,2,-1.1317058367538873,0.8273767697036395,-1.9590826064575269,208
Maule,Pelluhue,2012,1,1.5,1.5,1.5,0,13.127477,0.0,0.41603565,54.443783,0,0.36485570170524456,2.4115138896777943,-2.04665818797255,208
Los Lagos,Río Negro,2012,1,1.33,1.33,1.33,0,18.622206,1.2955816,1.7945547,31.814987,1,2.525799815992401,1.5002454828901648,1.025554333102236,211
Araucanía,Villarrica,2012,2,1.3,0.65,1.2,0,15.298753000000001,0.794096853,0.3248773,106.23071350000001,2,0.22195735010057965,4.496989124381252,-4.275031774280673,212
Metropolitana,Vitacura,2012,1,1.2999999999999998,1.2999999999999998,1.2999999999999998,0,12.604054,2.1443834,-1.3457022,56.31168,1,-2.396815990734849,2.486734662503418,-4.883550653238267,213
O'Higgins,Requínoa,2012,2,1.0999999999999999,0.5499999999999999,0.7999999999999999,0,16.2230655,0.0,-0.062172889999999995,8.443390149999999,1,-0.38477625290202344,0.559064262926793,-0.9438405158288165,214
Biobío,Antuco,2012,3,1.07,0.3566666666666667,1.05,0,17.016099666666666,0.13252844449466666,0.26798852,81.58958166666666,3,0.1327794208510877,3.5046833495974057,-3.371903928746318,215
Biobío,San Fabián,2012,3,1.02,0.34,1.0,0,15.304414333333332,0.0026170163333333334,0.46651618333333333,-29.91932749333333,2,0.44398816737029523,-0.9858138908593843,1.4298020582296795,216
Maule,Empedrado,2012,9,1.01,0.11222222222222222,0.4,0,17.649669833333334,0.11122163371688888,-4.749341111111151E-4,-6.212675155555554,6,-0.2880595374952664,-0.031139885838747015,-0.2569196516565194,217
Los Lagos,Los Muermos,2012,1,1.0,1.0,1.0,0,17.410292,0.5633701,-1.2703457,106.72694,1,-2.2786883630112564,4.516972314475007,-6.795660677486263,218
Coquimbo,Salamanca,2012,1,1.0,1.0,1.0,0,18.101585,0.0,1.2793198,-6.7179494,1,1.7181259397189235,-0.05148743131689412,1.7696133710358175,218
O'Higgins,Rancagua,2012,3,1.0,0.3333333333333333,0.7,0,15.038632333333332,0.0,0.0011971899999999962,36.784541999999995,1,-0.28543834284709446,1.7003709543157544,-1.9858092971628487,218
Los Ríos,Lanco,2012,1,1.0,1.0,1.0,0,18.42718,0.0,1.4942188,41.931442,1,2.0549981281853764,1.9076381621201488,0.1473599660652276,218
O'Higgins,Doñihue,2012,2,1.0,0.5,0.7,0,16.4107235,0.027067028,1.15243672,8.30602575,1,1.5192260805340787,0.5535325573098729,0.9656935232242058,218
Aysén,Cisnes,2012,1,1.0,1.0,1.0,0,12.687448,0.0111255795,2.473301,43.806488,1,3.589791512065941,1.9831468273214932,1.606644684744448,218
Los Lagos,Puerto Octay,2012,2,0.95,0.475,0.75,0,9.065965,0.0,0.791259415,-21.646752999999997,1,0.9530503926073524,-0.6526748330601162,1.6057252256674686,224
Valparaíso,Calera,2012,2,0.88,0.44,0.48,0,17.145519,2.2351742E-5,0.07060051,6.0169973,2,-0.1766428235787984,0.4613526945932239,-0.6379955181720223,225
Biobío,Quilaco,2012,2,0.81,0.405,0.51,0,16.076368,1.1424645,0.06692171999999999,24.7014665,1,-0.1824096351424097,1.2137818772840099,-1.3961915124264195,226
Valparaíso,Cabildo,2012,2,0.8,0.4,0.5,0,20.6898165,0.08778274,-0.43188477,0.21227598,2,-0.9643306022365788,0.22759482479217116,-1.19192542702875,227
O'Higgins,Codegua,2012,1,0.8,0.8,0.8,0,22.828468,0.0,-0.41240692,-3.6387005,1,-0.9337974403506638,0.07251484610014386,-1.0063122864508076,227
Metropolitana,La Reina,2012,3,0.65,0.21666666666666667,0.25,0,16.338227333333332,1.1109679071666667,-1.1298802466666666,41.309938,3,-2.058496995585943,1.8826100095002687,-3.9411070050862116,229
Los Lagos,San Pablo,2012,3,0.6000000000000001,0.20000000000000004,0.4,0,14.020374333333336,0.0051210324,0.6509688600000001,-23.66423066666667,2,0.733133192973928,-0.7339192642279504,1.4670524572018784,230
Los Lagos,Fresia,2012,2,0.6000000000000001,0.30000000000000004,0.4,0,15.0267515,0.0102883205,1.17362975,-22.4189075,1,1.5524479307815675,-0.6837697265316426,2.23621765731321,230
Araucanía,Teodoro Schmidt,2012,1,0.6,0.6,0.6,0,16.6422,0.0,1.3024006,6.0238094,1,1.7543070276139647,0.4616270199048259,1.292680007709139,232
Araucanía,Curarrehue,2012,1,0.5,0.5,0.5,0,18.166788,4.4703484E-5,1.7559452,68.2167,1,2.4652761897279905,2.9661533911081066,-0.5008772013801162,233
Aysén,Aisén,2012,1,0.5,0.5,0.5,0,12.869733,0.0,2.5143814,36.288895,1,3.6541884811122243,1.6804111008609321,1.9737773802512921,233
Metropolitana,Pirque,2012,3,0.41000000000000003,0.1366666666666667,0.2,0,14.7459939,2.1192593596666667,0.031351733333333374,-1.362990666666666,2,-0.2381685695819489,0.16415836412614085,-0.40232693370808975,235
Los Lagos,Castro,2012,1,0.35,0.35,0.35,0,13.267297,9.7602606E-4,0.7830162,-67.9509,0,0.9401284624120071,-2.5173567306012044,3.4574851930132113,236
O'Higgins,Placilla,2012,1,0.25,0.25,0.25,0,21.665472,0.0,-1.1572952,52.87137,1,-2.1014722319812065,2.3481923462195313,-4.449664578200737,237
Metropolitana,Recoleta,2012,4,0.21999999999999992,0.05499999999999998,0.1,0,19.495739,0.049790832925,-0.40873980499999996,13.391918500000001,3,-0.9280489303277778,0.7583429848458874,-1.6863919151736653,238
Metropolitana,Peñalolén,2012,1,0.2,0.2,0.2,0,17.326986,0.0,0.25694084,-1.1025724,1,0.11546125678761109,0.17464548588744572,-0.05918422909983463,239
Biobío,Hualpén,2012,1,0.1,0.1,0.1,0,15.494449,0.0,-0.82311535,72.18236,1,-1.5776173168308751,3.1258517095719536,-4.7034690264028285,240
Magallanes,Cabo de Hornos (Ex-Navarino),2012,2,0.02,0.01,0.01,0,8.326646499999999,3.6958360499999996,-2.349434,2.4101028,2,-3.9702496879571347,0.3161019704952179,-4.286351658452353,241
Aysén,Chile Chico,2012,1,0.02,0.02,0.02,0,10.547494,1.3926923,-1.2844191,16.926949,1,-2.300749596693888,0.9006997240944394,-3.2014493207883272,241
Coquimbo,Combarbalá,2012,1,0.01,0.01,0.01,0,14.424316,0.0,0.2339859,-6.8944683,0,0.07947746498813262,-0.058595900400751015,0.13807336538888362,243
Metropolitana,Providencia,2012,1,0.01,0.01,0.01,0,22.14158,0.0,-0.39918137,-0.7218628,1,-0.9130652825827239,0.18997677574664792,-1.1030420583293719,243
Magallanes,Torres del Paine,2012,1,0.01,0.01,0.01,0,5.566854,0.008493662,-1.5071902,-73.35478,1,-2.6499619614981866,-2.7349726001362664,0.08501063863807978,243
Los Lagos,Puyehue,2012,1,0.01,0.01,0.01,0,18.622206,1.2955816,1.7945547,31.814987,1,2.525799815992401,1.5002454828901648,1.025554333102236,243
Metropolitana,San Pedro,2013,32,4120.230000000001,128.75718750000004,1275.0000000000002,6,19.38480675,0.06806143195481247,-0.13513556365,-3.14093505,29,-0.4991513572479679,0.0925600101723034,-0.5917113674202713,1
Biobío,Arauco,2013,90,3893.5175000000004,43.26130555555556,2252.4398,2,15.082454949999995,0.16091314103197785,0.17820478805555545,-13.334377606666655,68,-0.007964101774938549,-0.3179329810718989,0.3099688792969603,2
Valparaíso,Villa Alemana,2013,69,2380.057,34.49357971014492,2248.0,1,16.420242318840582,0.01736873354747827,-0.10054762047826087,4.86185859594203,38,-0.4449318582702292,0.4148349122743752,-0.8597667705446044,3
Los Lagos,Chonchi,2013,9,1939.0,215.44444444444446,1900.0,1,15.407914666666667,0.2710432316777778,1.0170050744444443,-36.72505588888889,9,1.3069256285733295,-1.2598826160380125,2.566808244611342,4
Biobío,Los Angeles,2013,204,1877.3719999999992,9.202803921568623,1050.0,2,17.89943339460785,0.18341127558034329,0.39097482078431345,-14.75918633774509,171,0.3255707521118433,-0.37531045631834814,0.7008812084301914,5
O'Higgins,Litueche,2013,18,871.01,48.38944444444444,372.0,3,18.793220555555553,0.07334848231633334,0.4568301738888889,2.0494237900000005,16,0.4288045359943618,0.3015773185073508,0.127227217487011,6
Biobío,Laja,2013,58,828.31,14.281206896551723,438.0,2,18.586718793103447,0.1147965863745172,0.44061085203448264,-13.688877453448278,50,0.40337939000235806,-0.33220879630233124,0.7355881863046894,7
Los Lagos,Palena,2013,1,728.0,728.0,728.0,1,11.651591,0.0,1.2131395,-62.688164,1,1.614382774351163,-2.3054247723094816,3.9198075466606443,8
Araucanía,Ercilla,2013,192,641.4042000000001,3.3406468750000005,105.0,0,16.632742710937496,0.16827749980629167,0.7063782290104171,-19.574253083333325,169,0.8199920215402985,-0.5692146393702561,1.3892066609105544,9
Araucanía,Collipulli,2013,177,635.6982999999994,3.5915158192090364,130.0,0,16.484582929378508,0.24887229022341242,0.23768925435028224,-11.750368542372888,154,0.08528278322901013,-0.2541444606240525,0.3394272438530626,10
O'Higgins,Las Cabras,2013,13,553.26,42.558461538461536,300.0,2,19.62341330769231,0.05860526651076924,-0.01069928076923073,-3.460746212307692,11,-0.3040870575598569,0.07968111867719113,-0.383768176237048,11
Metropolitana,San José de Maipo,2013,13,527.9100000000001,40.60846153846155,453.0,1,13.09010193076923,1.681681763153846,-0.11963233461538454,-5.465941623076924,9,-0.4748487467510015,-0.0010687023592238698,-0.4737800443917777,12
Metropolitana,Melipilla,2013,79,511.0099999999999,6.468481012658226,260.0,1,17.542072835443044,0.01615950755329115,-0.2736404513202532,-3.903859622151902,47,-0.7162693737244449,0.061836808665515434,-0.7781061823899603,13
Maule,San Clemente,2013,19,484.42460000000005,25.49603157894737,420.0,1,17.492474368421057,0.08660280425968421,0.18240848736842102,-10.627389578947367,14,-0.0013744508822868856,-0.20892176071298355,0.20754730983069666,14
Biobío,Tirúa,2013,101,480.88,4.761188118811881,122.8,0,13.94158119801981,0.03666243357453465,0.1354945492673264,-19.512814433663358,87,-0.07491597968277201,-0.5667404865076852,0.49182450682491313,15
Los Lagos,Puerto Montt,2013,135,459.22,3.40162962962963,313.0,1,14.26301721555555,0.23221123278102226,0.5289306016000006,-31.456377911111108,100,0.5418279975851997,-1.0477113725177374,1.589539370102937,16
Araucanía,Traiguén,2013,41,442.9615000000002,10.80393902439025,340.8,1,17.428417902439026,0.18663550697643894,0.6812894865853658,-11.236934963414635,38,0.7806633156524246,-0.2334683362960698,1.0141316519484944,17
O'Higgins,Pumanque,2013,5,436.0,87.2,331.0,1,21.4900218,0.0,0.3070583332,-2.9918500300000006,5,0.19402462662523975,0.09856370867448183,0.09546091795075792,18
O'Higgins,Marchigue,2013,12,408.5,34.041666666666664,250.0,1,18.803363333333333,0.0031775174028333335,0.20221980074999998,-6.1598385208333335,10,0.029681442794497224,-0.029012138699953685,0.058693581494450905,19
Valparaíso,Quilpué,2013,90,400.1500000000002,4.446111111111113,161.10000000000002,0,16.244321955555556,0.027927612153311115,6.806498333333109E-4,-1.146072343333334,61,-0.2862480628382336,0.17289373011322248,-0.4591417929514561,20
Valparaíso,San Antonio,2013,175,393.1300000000001,2.2464571428571434,41.6,0,16.127480582857135,0.07810059077038865,0.14409353079999984,-1.976676177714282,122,-0.061436355638479975,0.13944506440303525,-0.2008814200415152,21
Los Lagos,Puerto Varas,2013,15,371.34000000000003,24.756000000000004,231.0,1,15.122871199999997,1.0836452199580002,0.6074506753333332,0.05180273333333029,13,0.6649147922054399,0.22113251898403297,0.44378227322140695,22
Los Lagos,Dalcahue,2013,13,349.65,26.896153846153844,110.0,0,16.742088153846154,0.08764403972953845,1.255938173846154,-25.232296076923074,12,1.6814732816220939,-0.7970657289423411,2.478539010564435,23
Araucanía,Angol,2013,77,333.56,4.331948051948052,225.0,1,16.19422575324674,0.20100141295831173,0.43201950468831174,-13.394388402597404,67,0.3899117331850623,-0.32034963383583165,0.7102613670208939,24
Maule,San Javier,2013,83,331.22999999999996,3.9907228915662647,113.3,0,19.50149271686747,0.038479025539518076,0.31388835537349385,-5.275608122319277,74,0.20473125865637662,0.006596084843494895,0.19813517381288173,25
O'Higgins,Santa Cruz,2013,22,329.2,14.963636363636363,81.0,0,19.39720318181818,0.09720437870563635,0.09215398068181821,-7.898598242727274,19,-0.14285595236194013,-0.09903251457663717,-0.043823437785302954,26
O'Higgins,San Fernando,2013,14,280.8,20.057142857142857,265.0,1,17.43916392857143,0.04649188956457142,-0.08798129212857143,-2.977823507142857,7,-0.4252330856740425,0.09912856095989726,-0.5243616466339398,27
O'Higgins,La Estrella,2013,10,272.8,27.28,120.0,0,19.2775159,1.78813936E-5,-0.28004102599999997,-5.060605686000001,6,-0.7263028108265684,0.01525429748548103,-0.7415571083120495,28
Maule,Sagrada Familia,2013,12,267.93,22.3275,204.0,1,20.591138083333338,0.012165401182,0.2863938775,-0.9362322599999998,11,0.16163136088120625,0.18134405325102226,-0.019712692369816015,29
Maule,Colbún,2013,16,266.42,16.65125,250.0,1,18.7773003,0.15997089505687495,0.06911834187500002,1.3076444250000003,15,-0.1789662463027011,0.2717056408391492,-0.45067188714185036,30
Maule,Curicó,2013,15,255.53,17.035333333333334,211.0,1,17.56735773333333,0.07552181838453334,-0.059076692666666666,-16.653739206666664,12,-0.379922704157711,-0.4516046689860081,0.07168196482829708,31
Maule,Linares,2013,32,247.84999999999997,7.745312499999999,202.0,1,17.69904459375,0.018359569693125,0.24297252124999993,-10.282689840624998,25,0.09356474676890689,-0.19504059879163618,0.28860534556054307,32
O'Higgins,Pichidegua,2013,13,243.59999999999997,18.738461538461536,75.0,0,18.73789007692308,0.13925952061615385,0.062320707230769226,-6.671442833846154,9,-0.1896221081680304,-0.04961459793927301,-0.1400075102287574,33
Biobío,Yumbel,2013,56,228.1999999999999,4.074999999999998,120.0,0,17.87695166071429,0.4437354272926429,0.5085523756071427,-14.87031983571428,50,0.5098834208897381,-0.37978583563747403,0.8896692565272122,34
O'Higgins,Coltauco,2013,19,227.8,11.989473684210527,208.0,1,19.309554842105257,0.42261140881052633,-0.3475614790526316,1.7689570810526318,17,-0.8321467783931296,0.2902828399580087,-1.1224296183511382,35
Aysén,Río Ibáñez,2013,1,221.6,221.6,221.6,1,5.20069,0.027401373,0.81361294,-57.36608,0,0.9880914160029454,-2.0911028522448905,3.0791942682478357,36
Araucanía,Lumaco,2013,31,219.02499999999998,7.0653225806451605,130.4,0,15.524307419354843,0.10957217976832256,0.5482023322580644,-13.745679770967739,28,0.5720380501322938,-0.3344962426776402,0.906534292809934,37
Biobío,Cabrero,2013,69,216.821,3.142333333333333,99.8,0,17.823645152173913,0.16520100855101455,0.46801641999999966,-15.60053940869565,51,0.44633991404718765,-0.4091919970114983,0.8555319110586859,38
Metropolitana,Lampa,2013,30,215.22,7.174,80.0,0,20.027050099999997,0.07339461375740002,-0.19330177333333334,4.519331705365669,25,-0.5903317645594169,0.401041251583924,-0.991373016143341,39
Valparaíso,Limache,2013,55,212.72000000000003,3.867636363636364,45.5,0,17.092119454545458,0.029401177880181813,-0.16973032694545453,0.20321840981818137,38,-0.5533815473410753,0.22723007372238588,-0.7806116210634612,40
Biobío,Mulchén,2013,163,206.22900000000004,1.2652085889570555,36.7,0,17.745550749079754,0.15969056317815958,0.41539085245398877,-10.283869296319015,147,0.36384492752554803,-0.1950880958264392,0.5589330233519872,41
Magallanes,Porvenir,2013,1,206.0,206.0,206.0,1,8.562669,0.10275841,0.57653046,20.678978,1,0.6164447639261369,1.0517950580685043,-0.43535029414236737,42
Araucanía,Galvarino,2013,72,194.87,2.7065277777777776,25.0,0,14.855763527777773,0.43193105174875,0.12329817861111114,-15.988680763888889,62,-0.09403481259640709,-0.4248225658829193,0.3307877532865122,43
Biobío,Bulnes,2013,49,188.53999999999996,3.8477551020408156,98.7,0,16.265061285714285,0.2887563190511021,0.37063698346938767,-23.115586897959187,31,0.2936894880531285,-0.7118252149906853,1.0055147030438139,44
Biobío,Cañete,2013,143,185.9612,1.300427972027972,92.824,0,14.597081695804194,0.14337603698455947,0.3949089048951048,-16.86554382993007,128,0.33173775858471366,-0.46013410473643407,0.7918718633211477,45
Valparaíso,Quillota,2013,39,185.24,4.74974358974359,86.0,0,17.515034000000004,0.010731391002666665,-0.16001855528205136,-3.3670896764102567,28,-0.5381575315283581,0.08345269548810517,-0.6216102270164633,46
Valparaíso,Viña del Mar,2013,86,176.90699999999993,2.057058139534883,99.9,0,16.070472104651166,0.03208868672074419,0.10776451220930239,1.0690850379069765,56,-0.1183851362167363,0.26209878271905773,-0.38048391893579403,47
Valparaíso,Valparaíso,2013,153,176.305,1.1523202614379084,33.300000000000004,0,15.503707447712422,0.04546800693954246,5.780927189541561E-4,-2.0137978650980393,95,-0.2864088297080828,0.13795016291028836,-0.4243589926183712,48
Biobío,Coronel,2013,118,173.82489999999999,1.4730923728813559,30.0,0,15.470502207627115,0.077151215876,0.27469377138135564,-11.750781230508473,85,0.1432904642112475,-0.2541610796991378,0.3974515439103853,49
Maule,Hualañé,2013,21,167.1,7.957142857142857,50.0,0,18.438841571428572,0.0019184357953333333,0.020865623333333333,-3.7704167961904758,17,-0.2546064256175748,0.06721059131887039,-0.32181701693644515,50
Valparaíso,Quintero,2013,14,166.04,11.86,132.0,0,16.778961285714285,0.027590231943571433,0.3884647936428572,2.2839093085714284,11,0.32163607425735086,0.3110201207193357,0.010615953538015144,51
Valparaíso,La Ligua,2013,39,164.54,4.218974358974359,60.0,0,16.65149279487179,0.019053617959282048,-0.035142360871794835,0.7314015450256408,19,-0.3424036336584501,0.24850016710749553,-0.5909038007659456,52
Valparaíso,Hijuelas,2013,9,160.04000000000002,17.782222222222224,153.0,0,19.02227788888889,0.003303918527777778,-0.060466767777777757,-1.2860552666666665,8,-0.38210176336604956,0.16725657577573846,-0.549358339141788,53
Valparaíso,Puchuncavi,2013,27,159.943,5.923814814814815,70.6,0,16.406660518518517,0.04744888394385186,-0.026067270370370373,-1.90969884,21,-0.3281776689134025,0.1421422618955475,-0.47031993080894996,54
Valparaíso,Casablanca,2013,36,158.88,4.413333333333333,94.5,0,15.86664254166666,0.04053475350377778,-0.004830360333333347,0.10306384166666677,23,-0.2948870330312353,0.2231968192022632,-0.5180838522334985,55
Biobío,Ñiquén,2013,7,156.22000000000003,22.317142857142862,62.5,0,19.392883,0.0,0.56298843,-19.825971414285714,6,0.5952164972409576,-0.579351412109125,1.1745679093500825,56
Maule,Río Claro,2013,28,143.82489999999999,5.136603571428571,69.1,0,19.425877535714285,0.10137077589528572,0.21208940107142857,-10.108373160714283,22,0.04515286825282348,-0.18802081377175503,0.2331736820245785,57
Biobío,Chillán,2013,95,135.08210000000003,1.4219168421052635,24.5,0,18.264313789473682,0.26768877242635797,0.3500144984210527,-15.307203273684218,82,0.2613620148222186,-0.39737926281189234,0.6587412776341109,58
Valparaíso,Nogales,2013,8,133.8,16.725,124.0,0,17.928216875,0.0,0.40214693375,-2.2696971875,6,0.3430839752750281,0.12764502039085124,0.21543895488417686,59
Biobío,Yungay,2013,22,130.72499999999997,5.942045454545453,108.52,0,16.961783681818186,0.09949023114854545,0.35939723409090907,-16.094390772727273,20,0.2760702391457695,-0.429079539666927,0.7051497788126966,60
Los Lagos,Ancud,2013,13,128.75,9.903846153846153,75.0,0,16.295481846153848,0.19920947108153844,1.2358743207692306,-31.97088796153846,12,1.650021510813051,-1.0684308466748758,2.7184523574879265,61
Coquimbo,Ovalle,2013,33,128.3,3.887878787878788,56.0,0,19.176535484848483,0.0024135083403030297,0.012618583939393977,-0.12743824206060597,28,-0.2675343508708585,0.21391443110705122,-0.4814487819779097,62
Maule,Cauquenes,2013,38,120.03,3.158684210526316,22.8,0,17.89473405263157,1.0671251997854214,0.370736220263158,-7.753293857894735,33,0.29384505004222017,-0.09318106338738238,0.3870261134296026,63
Valparaíso,Cartagena,2013,46,115.12,2.502608695652174,89.0,0,16.21285931521739,0.02698302667378261,0.08687483978260889,-2.818926456521739,36,-0.1511314480503305,0.10552739288019737,-0.2566588409305279,64
Araucanía,Victoria,2013,89,114.266,1.2838876404494384,10.0,0,16.02328847752809,0.2313129330236406,0.416292327078652,-15.593993792134835,75,0.3652580645325014,-0.40892840306797534,0.7741864676004768,65
Metropolitana,Tiltil,2013,13,111.00999999999999,8.539230769230768,90.0,0,18.831704153846154,0.005957885151384615,-0.1484614119230769,-4.083445833771538,6,-0.5200407409627515,0.05460481802210463,-0.5746455589848561,66
Maule,Maule,2013,46,106.74000000000002,2.320434782608696,20.0,0,18.75846404347826,7.340644099130436E-4,0.2644205551304348,-9.937593904347827,35,0.1271863369652536,-0.18114348185973297,0.30832981882498656,67
O'Higgins,Peralillo,2013,5,105.30000000000001,21.060000000000002,96.0,0,21.3482038,0.0,0.49968947999999996,-2.0917563800000005,5,0.4959900894208719,0.13481075011650825,0.36117933930436363,68
Araucanía,Carahue,2013,25,101.85,4.074,64.1,0,14.48017076,0.5158060429447199,0.15478882243999992,-12.699589092000002,24,-0.04467058985523397,-0.2923698570591424,0.24769926720390845,69
Valparaíso,La Cruz,2013,9,100.79,11.19888888888889,86.4,0,16.421562888888886,3.7915175555555556E-4,-0.11926640444444445,-5.529498888888888,2,-0.47427512054748033,-0.003628172529720177,-0.47064694801776014,70
O'Higgins,Machalí,2013,9,95.99999999999999,10.666666666666664,80.0,0,12.425639666666664,0.11767798394266668,-0.2869221355555555,-9.021409444444444,3,-0.7370895266095987,-0.14424845867335842,-0.5928410679362403,71
O'Higgins,Rengo,2013,18,92.6,5.144444444444444,50.0,0,17.64212775,0.2661271795014446,0.06833506388888885,-1.4063907444444455,17,-0.1801941001752592,0.16241062996781372,-0.3426047301430729,72
Los Lagos,Quemchi,2013,5,85.30000000000001,17.060000000000002,46.0,0,15.586683299999999,6.120652E-4,1.139798906,-32.297051999999994,5,1.4994152481913874,-1.0815655703994727,2.5809808185908603,73
Maule,Constitución,2013,69,84.35820000000001,1.2225826086956524,27.0,0,15.607775339130432,0.048993113087362296,0.05823038356521739,-7.86786361066666,48,-0.1960340332339943,-0.09779482171878123,-0.09823921151521306,74
Maule,Retiro,2013,13,81.81,6.2930769230769235,35.0,0,19.056300076923076,0.006310784912923076,0.31334327516153854,-8.216119338461539,11,0.20387679975293294,-0.1118191844034908,0.31569598415642375,75
Biobío,Nacimiento,2013,36,81.21539999999999,2.255983333333333,35.7,0,16.959391305555556,0.09162997948716667,0.4201510307388889,-20.340249472222226,27,0.37130690583314735,-0.6000615438590263,0.9713684496921737,76
Araucanía,Cholchol,2013,21,79.66,3.793333333333333,52.0,0,15.072135023809526,0.9195959826904763,0.16436322095238096,-10.690039866666666,17,-0.029661917966971336,-0.2114447066034654,0.18178278863649405,77
Aysén,Coihaique,2013,16,76.5,4.78125,38.2,0,11.61150489375,0.9149452001374999,1.4234468993750002,-48.417955062500006,11,1.9440572441167023,-1.730759175297506,3.674816419414208,78
Valparaíso,Olmué,2013,15,69.23,4.615333333333334,20.2,0,18.33555526666667,0.003838787455733333,-0.2598516459333334,-1.1763775626666666,11,-0.6946542659434422,0.17167332983477923,-0.8663275957782214,79
Metropolitana,San Bernardo,2013,15,69.16,4.610666666666666,20.0,0,21.349832,0.009393940352266667,-0.10057932826666666,-1.6672516333333331,14,-0.44498156288528873,0.15190568367677015,-0.5968872465620589,80
Araucanía,Lautaro,2013,25,68.01,2.7204,23.95,0,16.304699040000003,0.20360261536736002,0.35727215679999985,-11.276378320000001,24,0.27273900243620386,-0.2350567321043975,0.5077957345406013,81
Araucanía,Nueva Imperial,2013,18,66.52000000000001,3.695555555555556,25.0,0,14.705750833333333,0.06134496934744444,0.20943530033333332,-8.60158045888889,15,0.04099234296395488,-0.12734181941643655,0.16833416238039142,82
Maule,Romeral,2013,12,65.42999999999999,5.4525,18.7,0,15.32988506666667,0.08198572594666667,-0.3493825455,-13.275819258333334,7,-0.8350014526329715,-0.315574818808656,-0.5194266338243155,83
Biobío,Contulmo,2013,29,64.154,2.212206896551724,22.6,0,14.96439027586207,0.23676584565951725,0.5224692975862069,-13.060664624827586,22,0.5316993621635655,-0.3069104771402898,0.8386098393038552,84
Valparaíso,Calera,2013,16,62.18000000000001,3.8862500000000004,53.50000000000001,0,18.3100885,5.682813950000001E-4,0.23918646562499998,-1.8678733062499997,13,0.08762978735053148,0.14382658869328804,-0.056196801342756564,85
Maule,Molina,2013,14,61.23,4.373571428571428,40.0,0,18.081776571428566,0.006089253106285714,0.15582108400000003,-6.873756911428572,11,-0.04305243336875878,-0.0577618465666078,0.01470941319784902,86
Maule,Vichuquén,2013,14,59.42000000000001,4.244285714285715,22.0,0,17.808340071428567,0.006636737684571428,0.10913439928571426,-6.154299226542858,11,-0.11623772344430469,-0.028789069656297572,-0.08744865378800712,87
Biobío,Los Alamos,2013,195,59.09020000000002,0.3030266666666668,8.5,0,14.187200238461541,0.10658611607554878,0.1570163942564105,-15.788559950769235,151,-0.0411786843891293,-0.41676364067379235,0.37558495628466304,88
Biobío,San Fabián,2013,5,58.02,11.604000000000001,50.0,0,9.238233,3.367662336E-4,0.5207111280000001,-63.139879199999996,0,0.5289432840235991,-2.323615478992495,2.8525587630160945,89
Valparaíso,Zapallar,2013,4,55.49999999999999,13.874999999999998,47.3,0,17.64005925,0.0263559625,-0.22817373999999999,-1.7479698350000001,3,-0.6449964941632269,0.14865513746867556,-0.7936516316319024,90
Valparaíso,Santo Domingo,2013,14,52.27000000000001,3.7335714285714294,46.6,0,16.91131207142857,0.028212551520285713,0.06092056749999992,-6.238023528571429,10,-0.19181694451097797,-0.03216067242822509,-0.15965627208275288,91
Valparaíso,Cabildo,2013,4,51.940000000000005,12.985000000000001,37.2,0,18.6983295,0.232899075,-0.14841842,-0.8659637250000001,3,-0.5199733475211195,0.18417378824605912,-0.7041471357671786,92
Biobío,Lebu,2013,99,50.8095,0.5132272727272728,15.0,0,13.742909459595955,0.09204369882975755,-0.01493674173737386,-15.372562289898996,75,-0.31072963267597914,-0.4000112900118922,0.08928165733591303,93
Maule,Parral,2013,29,49.71999999999999,1.7144827586206894,8.0,0,18.85317044827586,0.12534500281013794,0.31683616931034486,-16.351606689655174,24,0.20935220399394874,-0.43943770184309,0.6487899058370388,94
Aysén,Aisén,2013,5,49.37,9.873999999999999,47.5,0,14.100366600000001,0.030723214536800002,2.474181406,-102.133848,5,3.5911716222384356,-3.8939143063230577,7.485085928561493,95
Valparaíso,Algarrobo,2013,19,49.220000000000006,2.590526315789474,41.6,0,15.621051526315792,0.021524825236842102,0.4133281152631579,-0.7914021957894736,13,0.3606114141462101,0.18717640340646474,0.17343501073974538,96
Metropolitana,El Monte,2013,6,49.01,8.168333333333333,35.0,0,18.502903333333332,0.08749061082799998,-0.05512937044190001,-6.785417250000001,4,-0.3737349458319887,-0.05420438188637592,-0.31953056394561274,97
Biobío,San Pedro de la Paz,2013,71,48.769999999999996,0.6869014084507041,10.0,0,15.673731508450704,0.13853978630419725,0.25046223588732397,-10.038584640845066,59,0.10530550201143744,-0.1852104091301078,0.29051591114154524,98
Maule,Licantén,2013,19,48.336000000000006,2.5440000000000005,12.0,0,17.346650078947366,0.1835331412177895,0.01064280231578947,0.576729393157895,15,-0.2706315541127323,0.24227147312806618,-0.5129030272407985,99
Los Ríos,Corral,2013,15,48.05,3.203333333333333,8.0,0,14.483070973333334,0.32575179954559996,0.7544293693333333,-13.551422333333333,13,0.8953162101074363,-0.32667343735915344,1.22198964746659,100
Araucanía,Perquenco,2013,9,47.91,5.323333333333333,27.13,0,15.705198,0.008494903672666667,0.15114995888888888,-26.998429444444444,8,-0.050374813364852826,-0.8681884497444408,0.8178136363795879,101
Araucanía,Temuco,2013,50,46.42000000000001,0.9284000000000002,8.4,0,16.100763590000007,0.29137458840204,0.573751257,-17.70891378,42,0.612088130359659,-0.4940968657570729,1.106184996116732,102
Biobío,Chillán Viejo,2013,24,42.94000000000002,1.7891666666666675,21.8,0,16.311901458333335,0.8630936386806667,0.26974575124999994,-17.10984841666667,17,0.1355340280704285,-0.469972323770552,0.6055063518409805,103
Maule,Talca,2013,62,42.60000000000001,0.6870967741935485,6.0,0,19.487806580645156,0.10195496465919354,0.37036719203225793,-9.654876050000006,48,0.29326656737013135,-0.16975834900944983,0.4630249163795812,104
Biobío,Curanilahue,2013,477,42.364999999999995,0.08881551362683437,9.8,0,14.88240544591193,0.21819771101676277,0.3026893928930833,-13.574619498532538,340,0.1871759466291936,-0.32760759416418483,0.5147835407933784,105
Metropolitana,Alhué,2013,7,41.8,5.971428571428571,20.0,0,18.632441999999998,1.7083117142857143E-4,0.1149212888,-17.601298644285716,5,-0.10716628925851973,-0.4897631719419628,0.38259688268344305,106
O'Higgins,Coinco,2013,3,41.5,13.833333333333334,36.0,0,21.356642333333337,0.004800657333333334,0.3102169,-9.272291,3,0.19897594473436775,-0.15435153421584474,0.3533274789502125,107
Biobío,Talcahuano,2013,77,41.360000000000014,0.5371428571428574,4.2,0,16.348472954545453,0.040027469647792184,0.2872832927792207,-10.419620894805208,64,0.16302559385374954,-0.2005548534423277,0.36358044729607725,108
Metropolitana,Curacaví,2013,11,40.910000000000004,3.7190909090909092,26.0,0,18.239981272727274,6.163662054545454E-5,-0.06228637527272729,-5.537701581818181,4,-0.3849541505757323,-0.003958497435961114,-0.3809956531397712,109
Araucanía,Purén,2013,32,40.23,1.2571875,8.0,0,16.785755875,0.0858557465200625,1.0769273707812503,-9.251256824999999,29,1.4008588488531593,-0.15350448167534095,1.5543633305285003,110
Biobío,San Nicolás,2013,23,39.919999999999995,1.7356521739130433,13.0,0,18.20758847826087,0.10098579949426086,0.26716767869565217,-9.071983913043479,18,0.1314926833298367,-0.14628510770339842,0.27777779103323513,111
Biobío,San Carlos,2013,22,37.78,1.7172727272727273,12.0,0,17.650636499999997,0.09021646231381819,0.10900641318181824,-13.241970136363637,18,-0.11643835238586676,-0.3142117045073699,0.19777335212150315,112
Biobío,Tomé,2013,120,37.68540000000001,0.3140450000000001,3.5,0,16.191668049999993,0.06226955557629999,0.23333672055833313,-10.222192241666663,90,0.07845982181984544,-0.19260434232367213,0.2710641641435176,113
Metropolitana,Paine,2013,12,37.61,3.1341666666666668,30.0,0,17.7563785,0.16172231108333332,-0.42962964,-5.025747566666667,8,-0.9607954970086515,0.016658044413443953,-0.9774535414220955,114
Maule,Teno,2013,8,37.5,4.6875,13.5,0,20.260892,0.00120722684275,-0.07972240217500001,0.7345654374999997,7,-0.4122865836756004,0.24862757800705715,-0.6609141616826575,115
Metropolitana,Padre Hurtado,2013,7,35.6,5.085714285714286,12.0,0,20.78440185714286,0.15925428975057146,-0.13205664714285711,-2.2873582285714282,6,-0.4943248976466355,0.1269338049660725,-0.621258702612708,116
Biobío,Negrete,2013,35,35.059999999999995,1.0017142857142856,7.0,0,18.70378971428571,0.10024941816131429,0.5047892148571432,-8.951542317142858,34,0.5039843511062427,-0.14143488848681623,0.6454192395930589,117
Biobío,Tucapel,2013,23,33.434000000000005,1.4536521739130437,18.01,0,16.759558391304353,0.23211862431739128,0.30246258565217393,-24.066102434782604,21,0.18682040727533356,-0.7501027609488513,0.9369231682241849,118
Biobío,Santa Bárbara,2013,17,33.09,1.9464705882352944,17.5,0,15.554586411764703,0.42155320507458827,0.7451005594117647,-30.08714088235294,14,0.8806925189126595,-0.9925717864031655,1.8732643053158249,119
Biobío,Quirihue,2013,13,32.79800000000001,2.5229230769230777,26.62,0,15.416087076923077,0.1750030047423077,0.17753571811538466,-11.361636707692309,8,-0.009012924966216567,-0.23849011296644831,0.22947718800023176,120
Maule,Longaví,2013,26,32.61000000000001,1.2542307692307695,18.0,0,17.169946596153846,0.16882220694553846,-0.05122749080384619,-13.161491684615385,20,-0.36761842256848404,-0.31097081310044905,-0.05664760946803499,121
Metropolitana,Peñaflor,2013,9,30.9,3.433333333333333,15.0,0,21.141003555555557,0.2814864896631111,0.3306390977777778,-1.892812811111111,8,0.23098945088700096,0.1428222673471211,0.08816718353987985,122
Metropolitana,Calera de Tango,2013,3,30.5,10.166666666666666,20.0,0,20.317555666666667,1.4901161333333334E-5,0.24133554666666668,-4.330387866666666,3,0.09099865195063675,0.0446603882395726,0.04633826371106415,123
Metropolitana,La Florida,2013,7,29.01,4.144285714285714,18.0,0,13.207158428571429,0.07266870964057144,-0.2920330557142857,-6.137588571428571,2,-0.7451013221924015,-0.02811612655926431,-0.7169851956331372,124
Los Ríos,Valdivia,2013,21,26.220000000000002,1.2485714285714287,10.4,0,15.5324615,0.015580317064476192,0.802706209047619,-4.160236,15,0.9709942013814564,0.05151245498007766,0.9194817464013788,125
Maule,Villa Alegre,2013,12,25.850000000000005,2.1541666666666672,19.0,0,20.64195525,8.336889250000001E-4,0.50378393975,-8.58415675,10,0.5024084981457628,-0.12664016142988216,0.629048659575645,126
Biobío,Coihueco,2013,10,24.38,2.4379999999999997,14.03,0,15.4032564,0.0019559636684,0.09895601700000001,-27.2471903,6,-0.13219319050388495,-0.8782061240614145,0.7460129335575296,127
Biobío,Hualqui,2013,54,23.423199999999994,0.43376296296296285,2.8,0,17.374639990740743,0.3177863116057407,0.25161559098148156,-11.192979137037035,47,0.10711348275889462,-0.23169822197482404,0.3388117047337187,128
O'Higgins,Mostazal,2013,6,23.0,3.8333333333333335,6.5,0,20.427202,0.5933108544946666,-0.59488361,-1.3848358333333335,5,-1.2198449412902421,0.16327865270780711,-1.3831235939980493,129
Valparaíso,Llay-Llay,2013,6,22.92,3.8200000000000003,13.4,0,16.951971333333333,0.7021692675233334,-0.18937063133333332,-3.9216137666666664,4,-0.5841693700917255,0.061121843937129244,-0.6452912140288548,130
Metropolitana,Huechuraba,2013,10,22.83,2.283,15.0,0,18.2486014,0.09561488810000002,-0.199855899,-6.363668290000001,4,-0.600605905699274,-0.03722042468230992,-0.5633854810169641,131
Los Ríos,La Unión,2013,13,21.729999999999997,1.6715384615384612,7.0,0,16.118205692307694,0.08281692988461539,0.39901674823076927,-0.9522037692307694,12,0.338177147201518,0.18070087578056745,0.15747627142095053,132
Los Ríos,Mariquina,2013,10,20.7,2.07,14.0,0,17.0865589,0.03237444725,1.0862095906,-11.7127363,10,1.415409506158074,-0.2526289989286539,1.668038505086728,133
Maule,San Rafael,2013,15,20.1,1.34,3.0,0,20.20749033333333,0.11672439201066667,0.06001433999999999,-8.259092599999997,13,-0.19323753204825575,-0.1135497305437547,-0.07968780150450105,134
O'Higgins,Malloa,2013,2,20.1,10.05,19.0,0,19.8401185,0.006682239600000001,-0.037680624999999995,6.682907800000001,2,-0.34638257535559325,0.4881691102963905,-0.8345516856519837,134
Maule,Pelluhue,2013,7,19.83,2.8328571428571427,6.1,0,12.773018214285715,0.12258066567142856,-0.08590957142857143,-16.59368717142857,2,-0.4219854898913713,-0.44918635550279085,0.027200865611419545,136
Metropolitana,Isla de Maipo,2013,10,19.6,1.9600000000000002,3.6,0,19.584685299999997,0.39468407820839996,-0.474962709,-1.48917448,7,-1.031858881035244,0.15907690409005873,-1.1909357851253028,137
Biobío,Quillón,2013,26,19.211799999999997,0.7389153846153845,4.2,0,17.5797495,0.07635039476153847,0.46177001076923074,-14.69768046153846,15,0.436548144203558,-0.3728335962229682,0.8093817404265262,138
O'Higgins,San Vicente,2013,5,18.75,3.75,12.0,0,17.0780442,0.25032087539360004,-0.24246215619999995,-12.33780746,2,-0.6673947837551446,-0.27780080215239134,-0.38959398160275327,139
Biobío,San Ignacio,2013,7,18.44,2.6342857142857143,8.68,0,16.31379442857143,1.17346644E-4,-0.21909551285714285,-22.220554142857143,5,-0.6307656124699207,-0.6757819773051902,0.045016364835269496,140
Maule,Pelarco,2013,4,17.92,4.48,8.0,0,17.53479125,0.02396572375,0.004310369500000003,-10.005838782500001,3,-0.2805581731336295,-0.18389172358612213,-0.09666644954750739,141
Biobío,Penco,2013,47,17.865499999999997,0.3801170212765957,6.0,0,16.275290574468087,0.09259450754970211,0.17537720182978725,-12.782394397872343,33,-0.012396580101743849,-0.2957044515800286,0.2833078714782848,142
Maule,Curepto,2013,14,17.812,1.2722857142857145,5.0,0,19.116360571428572,0.022361188069285717,0.02055392571428571,-2.2740051418571428,13,-0.2550950377519652,0.1274715377758881,-0.3825665755278533,143
O'Higgins,Requínoa,2013,7,16.7,2.3857142857142857,5.0,0,13.468297357142855,1.6750105905714285,-0.30437142142857143,-21.485183428571425,2,-0.7644427442570499,-0.6461683779247623,-0.1182743663322876,144
Biobío,Santa Juana,2013,37,16.2754,0.4398756756756757,6.0,0,17.760335972972975,0.13702362675859456,0.2955770997297297,-14.509245270270268,33,0.17602683117051804,-0.36524525451315354,0.5412720856836716,145
Metropolitana,Colina,2013,11,15.71,1.4281818181818182,10.0,0,16.423336818181816,0.21646291818181818,-0.2363446867272727,6.382162763636362,6,-0.6578051377858551,0.4760580174156036,-1.1338631552014586,146
Biobío,Ninhue,2013,4,15.29,3.8225,15.0,0,17.697809749999998,0.001764856271,0.1494922625,-8.228533725,3,-0.05297339134957092,-0.11231911547548197,0.05934572412591105,147
Coquimbo,Los Vilos,2013,6,15.08,2.513333333333333,10.0,0,18.813757666666664,0.029744424758333332,0.5954920466666667,0.38456546833333327,6,0.6461686397803583,0.2345329741987844,0.41163566558157394,148
Biobío,Concepción,2013,29,15.07,0.5196551724137931,7.5,0,16.97500031034483,0.028390566067862066,0.17559620806896553,-11.76114116551724,22,-0.01205326947172791,-0.2545782773913996,0.2425250079196717,149
Los Lagos,Quellón,2013,5,14.8,2.96,6.5,0,14.600136599999999,0.41569579729679995,1.7585006799999998,-47.8100276,5,2.4692821187466563,-1.7062777539176486,4.175559872664305,150
Metropolitana,Puente Alto,2013,6,14.8,2.466666666666667,10.0,0,15.713769333333332,0.4203805516666667,-0.38045422,-0.4106486666666666,3,-0.8837089058464919,0.20250946230462738,-1.0862183681511193,150
Araucanía,Los Sauces,2013,14,14.099999999999998,1.007142857142857,6.3,0,15.706215357142856,0.1507611708202857,0.42765794714285715,-11.053277285714286,12,0.3830746262861951,-0.2260723864915679,0.609147012777763,152
Maule,Rauco,2013,4,13.9,3.475,7.5,0,20.19355075,0.00628316775,0.10249280249999998,-4.335858875,4,-0.12664898289230272,0.044440069091906134,-0.17108905198420887,153
Biobío,Pinto,2013,13,13.799999999999999,1.0615384615384615,4.0,0,14.724183553846157,0.1902971538423077,0.24029944192307692,-41.38508607692308,7,0.08937447095187197,-1.4475434303841304,1.5369179013360024,154
Los Ríos,Paillaco,2013,8,13.750000000000002,1.7187500000000002,7.0,0,15.5144190625,0.519442734375,0.324531795625,-24.445647124999997,8,0.2214157430436321,-0.7653871395414689,0.986802882585101,155
Magallanes,Primavera,2013,1,13.0,13.0,13.0,0,11.370156,0.32506883,1.2022142,-13.097206,1,1.597256451191667,-0.3083820092861094,1.9056384604777763,156
Valparaíso,Papudo,2013,6,12.34,2.0566666666666666,6.1,0,18.496772166666666,0.08654827033333334,0.252650894,-0.7117128300000001,6,0.10873640698643516,0.19038551808498722,-0.08164911109855205,157
Araucanía,Padre Las Casas,2013,25,11.979999999999997,0.47919999999999985,2.1,0,15.595448219999996,0.062779112752,0.6595035143999998,-19.1652740304,15,0.7465119788479094,-0.5527449301565593,1.2992569090044688,158
Los Lagos,San Juan de la Costa,2013,10,11.450000000000001,1.145,2.6,0,16.2308664,0.16272221679999999,0.96880609,-30.720520299999997,10,1.2313696819581266,-1.0180781656560125,2.249447847614139,159
Biobío,Florida,2013,22,11.3401,0.5154590909090909,2.44,0,18.88656595454545,0.06484028717390909,0.20775426363636365,-10.601491572727275,17,0.038357177090681434,-0.20787884022940326,0.24623601732008468,160
Coquimbo,La Serena,2013,13,11.109999999999996,0.8546153846153843,9.0,0,19.128784615384617,0.010942896975692309,0.10892853430769232,1.0457485653846155,13,-0.11656043404637752,0.2611590159663107,-0.3777194500126882,161
Valparaíso,San Esteban,2013,2,10.469999999999999,5.234999999999999,9.1,0,9.9801185,0.74937005,0.04011368999999998,31.127902,1,-0.2244334683597552,1.472576363716627,-1.697009832076382,162
Biobío,Lota,2013,135,10.295999999999998,0.07626666666666665,2.6,0,15.512198977777778,0.2115675505860296,0.24680613711111102,-12.568080813333342,104,0.09957426084236556,-0.287073979205988,0.3866482400483535,163
Los Lagos,Castro,2013,7,9.7,1.3857142857142857,4.2,0,14.298806214285715,0.058194625371428575,1.0505228114285716,-22.982101428571422,6,1.3594674896815055,-0.7064497150737526,2.0659172047552583,164
Biobío,El Carmen,2013,7,9.66,1.3800000000000001,3.5,0,16.179150571428572,0.05933615744285714,0.48218466285714295,-23.31273852857143,6,0.46854982185508837,-0.7197645703290605,1.1883143921841488,165
Los Lagos,Osorno,2013,3,9.5,3.1666666666666665,7.5,0,15.819827333333334,0.0052861868466666665,0.7492491553333332,-23.330904666666665,3,0.8871957906224479,-0.7204961261625891,1.607691916785037,166
Metropolitana,Talagante,2013,6,9.4,1.5666666666666667,5.0,0,18.959286833333334,7.5716525E-4,-0.15672175666666668,-5.0082758499999995,4,-0.5329895234664416,0.017361635687618646,-0.5503511591540602,167
Los Lagos,Calbuco,2013,6,9.209999999999999,1.535,5.0,0,13.493259666666667,0.0163006285,0.34261544566666674,-42.22562586666667,4,0.24976337967757517,-1.4813922199989753,1.7311555996765504,168
O'Higgins,Lolol,2013,2,9.2,4.6,4.7,0,16.708859,0.0036191195,-0.60617256,-7.6278086,2,-1.2375413162942597,-0.08812773438847896,-1.1494135819057807,169
Maule,Pencahue,2013,11,9.129999999999999,0.83,3.1,0,19.862995090909088,0.0010855834516363637,0.23686270636363638,-8.077763272727271,10,0.08398710000510527,-0.10624754410981055,0.1902346441149158,170
Maule,Chanco,2013,11,8.46,0.7690909090909092,2.5,0,13.496787863636365,0.004534355630545454,-0.02559687727272726,-10.27457809090909,5,-0.32744028831953026,-0.1947139361958942,-0.13272635212363607,171
Araucanía,Renaico,2013,9,8.309999999999999,0.9233333333333332,4.5,0,18.254586555555555,3.089921333333334E-4,0.9910067651111112,-17.85113311111111,9,1.2661711003458935,-0.4998240809070095,1.7659951812529031,172
Biobío,Antuco,2013,2,8.05,4.025,8.0,0,11.696659499999999,6.2864275E-4,0.1332078000000001,-38.7646055,2,-0.07850065076154981,-1.342015891033357,1.2635152402718073,173
Maule,Yerbas Buenas,2013,4,8.0,2.0,3.5,0,17.45370125,2.2351742E-5,0.60531902,-16.47413375,4,0.6615732438632135,-0.4443719033387772,1.1059451472019908,174
Los Lagos,Curaco de Vélez,2013,1,8.0,8.0,8.0,0,16.56259,0.006914139,0.5537033,-1.4234467,1,0.5806612779830945,0.1617237815183712,0.41893749646472334,174
Valparaíso,Concón,2013,10,7.94,0.794,3.6,0,15.720563449999997,0.10897293700000002,0.05652122799999999,-3.372462886,6,-0.19871327778927098,0.08323631472519664,-0.2819495925144676,176
Valparaíso,Catemu,2013,4,7.9,1.975,4.5,0,16.8947015,0.852583401742,-0.008624791499999993,-12.0892284,2,-0.3008351218129436,-0.26779044879700437,-0.03304467301593922,177
Metropolitana,Renca,2013,5,7.4,1.48,4.0,0,19.7295068,0.00893548126,-0.348867044,-5.67208676,2,-0.8341933608388602,-0.009370228896071387,-0.8248231319427888,178
Biobío,Coelemu,2013,21,7.357,0.35033333333333333,2.5,0,14.608978738095237,0.18212537441209523,0.06491906452380951,-11.092391161904766,14,-0.18554896539991958,-0.22764751402550246,0.04209854862558288,179
Metropolitana,Pudahuel,2013,7,7.109999999999999,1.0157142857142856,3.5,0,20.85974142857143,6.386212E-6,-0.08502728857142856,-3.817402442857143,5,-0.4206024375880467,0.06531846522520547,-0.4859209028132522,180
Biobío,San Rosendo,2013,15,6.97,0.4646666666666667,1.7,0,18.801367600000003,0.018469115733466664,0.5209239366666666,-14.207766333333332,12,0.5292768794394204,-0.3531046072360049,0.8823814866754253,181
Los Ríos,Los Lagos,2013,6,6.34,1.0566666666666666,4.5,0,17.733800833333333,0.14394753466399998,1.2256560333333335,-18.080842,6,1.6340034890869848,-0.5090745268080082,2.143078015894993,182
Coquimbo,Coquimbo,2013,5,6.21,1.242,2.5,0,17.472756799999996,0.0041645020568,-0.10302848680000001,0.8647304480000001,4,-0.44882082409648705,0.2538693620479682,-0.7026901861444552,183
Metropolitana,María Pinto,2013,3,6.1,2.033333333333333,4.0,0,17.799572333333334,0.11525676292333335,-0.17069879333333335,-2.2477941666666665,2,-0.5548996995499776,0.1285270616138411,-0.6834267611638187,184
Metropolitana,Quilicura,2013,7,6.1,0.8714285714285713,2.5,0,18.313468285714286,0.24343895714285715,-0.37426458714285715,1.5649033571428583,4,-0.8740061377257022,0.2820655352509292,-1.1560716729766314,184
Los Lagos,Cochamó,2013,6,6.0,1.0,3.0,0,12.652439916666665,0.4083559364139999,0.3968736333333333,66.80935899999999,6,0.33481763503238593,2.909479346634997,-2.574661711602611,186
Metropolitana,Lo Barnechea,2013,5,5.8999999999999995,1.18,2.8,0,15.361265200000002,0.588713553,-0.5948026559999999,6.543764960000002,4,-1.219718039112265,0.48256578636688474,-1.70228382547915,187
Biobío,Quilaco,2013,4,5.82,1.455,3.0,0,15.7573775,0.0,-0.11282516249999996,-24.646282999999997,4,-0.4641779341005126,-0.7734668064471094,0.3092888723465968,188
Aysén,Cochrane,2013,3,5.5,1.8333333333333333,4.0,0,12.1348319,0.003583729233333333,1.9458780266666666,-62.53501233333333,2,2.763011809627662,-2.299257308725462,5.062269118353123,189
Araucanía,Lonquimay,2013,13,5.31,0.40846153846153843,1.0,0,14.292886346153846,0.9776631003461537,1.532690789230769,-31.114521961538465,10,2.115306194797259,-1.033944730822884,3.149250925620143,190
Los Lagos,Hualaihué,2013,4,5.2,1.3,4.0,0,12.864333125,0.076388412325,0.28284859250000005,-105.66712975,4,0.15607382959121757,-4.036200622884235,4.192274452475452,191
Biobío,Cobquecura,2013,7,5.18,0.74,2.3,0,15.613152999999999,6.386212E-6,0.41202231714285714,-13.798760228571428,5,0.35856446618237087,-0.3366338086370519,0.6951982748194228,192
Coquimbo,Salamanca,2013,2,5.01,2.505,5.0,0,20.006628,0.008516945,0.47953033,-2.5231645,2,0.4643889327001637,0.11743781564011606,0.3469511170600476,193
Coquimbo,Punitaqui,2013,1,5.0,5.0,5.0,0,18.468147,7.133931E-4,0.314085,4.078528,1,0.20503951558489325,0.38328995406484,-0.17825043847994676,194
Los Ríos,Río Bueno,2013,7,4.992,0.7131428571428572,2.25,0,15.771893857142857,1.0808558600142857,0.7425943114285715,-7.696267571428572,6,0.8767637652053927,-0.09088459771536715,0.9676483629207598,195
Metropolitana,Las Condes,2013,4,4.91,1.2275,3.5,0,16.136062,0.138128172,0.140877485,-4.0854769,3,-0.06647777689616052,0.05452302637547481,-0.12100080327163534,196
Valparaíso,El Tabo,2013,12,4.759999999999999,0.39666666666666656,1.7,0,15.794873916666669,0.03142251302916666,-0.14502057416666667,-1.5928273166666667,11,-0.5146469394785198,0.15490277324685117,-0.669549712725371,197
Los Ríos,Panguipulli,2013,2,4.65,2.325,2.85,0,20.4466355,2.2351742E-5,1.6839056,-58.355140500000005,2,2.352348080670955,-2.130932615439167,4.483280696110121,198
Biobío,Pemuco,2013,13,4.645,0.35730769230769227,2.6,0,16.77224830769231,0.014731875738461539,0.17166474923076921,-12.77801207692308,12,-0.01821616060983917,-0.2955279742000802,0.27731181359024104,199
Metropolitana,Maipú,2013,3,4.5,1.5,2.0,0,21.981173333333334,2.9802322666666667E-5,0.0066617266666666635,-3.3008463333333338,2,-0.2768722237592663,0.08612033479626782,-0.36299255855553414,200
O'Higgins,Quinta de Tilcoco,2013,3,4.5,1.5,2.0,0,19.124864666666667,0.0,-0.46992554833333333,2.1808967466666664,3,-1.0239627096364143,0.3068717739329639,-1.3308344835693782,200
Araucanía,Curacautín,2013,3,4.5,1.5,2.5,0,14.630661166666668,5.7079892333333335,0.005819630000000002,4.544472999999996,2,-0.27819228084189723,0.4020536990648241,-0.6802459799067213,200
Metropolitana,Pirque,2013,6,4.4,0.7333333333333334,1.5,0,14.399335499999998,0.116874468,-0.2888995783333333,-6.662802,3,-0.740189333849824,-0.049266628966805316,-0.6909227048830187,203
Biobío,Chiguayante,2013,10,4.300000000000001,0.43000000000000005,1.6,0,15.8138754,0.0379253163452,0.05592431600000001,-11.19782181,8,-0.19964898736335873,-0.23189323786853552,0.03224425050517679,204
Los Lagos,Queilén,2013,2,4.3,2.15,4.0,0,14.240650500000001,0.00323262065,1.4210415,-48.918583,2,1.9402865790526855,-1.7509196126004447,3.69120619165313,205
O'Higgins,Pichilemu,2013,6,4.22,0.7033333333333333,3.0,0,15.962883666666665,0.05032122243333333,-0.1327918366666667,-4.742028366666666,4,-0.49547736882529775,0.028083501753686964,-0.5235608705789847,206
Biobío,Alto Biobío,2013,1,4.04,4.04,4.04,0,15.307262,0.0,1.7104626,-66.58853,1,2.3939784033299887,-2.462493681795812,4.856472085125801,207
Araucanía,Gorbea,2013,4,4.01,1.0025,1.5,0,15.573136900000002,0.013424083635,0.627907985,-30.0607765,3,0.6969833391858632,-0.991510084812736,1.6884934239985991,208
Los Lagos,Puerto Octay,2013,2,4.0,2.0,3.0,0,18.146784500000003,0.023098663,0.429634095,3.7523419999999987,2,0.3861724036298263,0.37015434594249763,0.01601805768732867,209
O'Higgins,Chimbarongo,2013,1,4.0,4.0,4.0,0,16.66057,0.0,-0.014587402,-33.91194,0,-0.31018201336715295,-1.1465975948562959,0.836415581489143,209
Biobío,Hualpén,2013,9,3.99,0.44333333333333336,1.2000000000000002,0,16.626020055555557,0.02200322,0.3784857977777778,-9.616269033333333,8,0.3059931621183135,-0.16820363286066922,0.4741967949789827,211
Araucanía,Vilcún,2013,9,3.8999999999999995,0.4333333333333333,1.7,0,15.6677485,1.1799104246853334,0.6345567766666667,-19.89344,9,0.7074058772125991,-0.5820683923060418,1.289474269518641,212
Biobío,Quilleco,2013,31,3.821599999999999,0.12327741935483869,1.0,0,16.41139401612903,0.11317745028187096,0.2932206090322581,-21.502586438709677,26,0.17233283455648965,-0.6468692023664161,0.8192020369229057,213
Araucanía,Pitrufquén,2013,5,3.66,0.732,1.2,0,17.071441400000005,0.34116132600000004,0.8581245339999999,-24.5860752,4,1.0578670691372558,-0.7710422202701787,1.8289092894074344,214
Los Lagos,Maullín,2013,3,3.6,1.2,2.0,0,15.561370666666667,0.004716838333333333,0.8398962166666667,-21.665517066666666,3,1.0292926544022367,-0.6534304676566804,1.6827231220589172,215
O'Higgins,Paredones,2013,2,3.3,1.65,3.0,0,20.567059,0.0,0.70849227,-3.4331352500000003,2,0.8233059579228249,0.08079302041655029,0.7425129375062747,216
Araucanía,Villarrica,2013,2,3.03,1.515,3.02,0,16.9762955,0.019405037,-0.50764752,-42.323758999999995,2,-1.0830950608740633,-1.4853440707322507,0.40224900985818746,217
Metropolitana,Peñalolén,2013,4,3.01,0.7525,2.2,0,16.0349265,1.544291315,-0.28227353,2.827579,3,-0.7298024479037075,0.3329138623716462,-1.0627163102753538,218
Valparaíso,Calle Larga,2013,1,3.0,3.0,3.0,0,11.378682,0.0,-0.46553946,-28.405304,0,-1.0170871486721607,-0.924843710359772,-0.09224343831238868,219
Valparaíso,El Quisco,2013,13,2.75,0.21153846153846154,0.8000000000000002,0,14.824332076923074,0.019105366307692308,0.08883665461538458,-7.774614469230769,10,-0.14805613892333086,-0.09403965080511002,-0.05401648811822084,220
Araucanía,Loncoche,2013,2,2.7,1.35,1.5,0,14.970763,0.11431426,-0.3449211,-35.566597,2,-0.8280077629959383,-1.2132311288794937,0.38522336588355544,221
O'Higgins,Peumo,2013,6,2.5300000000000002,0.4216666666666667,1.0,0,19.1142055,3.987612833333334E-4,0.14136059285,-5.6555446,4,-0.06572046486262467,-0.008704071147863032,-0.05701639371476164,222
Los Lagos,San Pablo,2013,3,2.31,0.77,1.41,0,15.468228000000002,0.004868333494666667,0.6227321666666666,-29.805854999999998,3,0.6888698102766788,-0.981244319494912,1.6701141297715907,223
Valparaíso,Petorca,2013,2,2.0,1.0,1.0,0,18.4892025,0.003531575242,-0.2586851,-3.73029455,2,-0.6928256074503424,0.06882632621535961,-0.7616519336657019,224
O'Higgins,Olivar,2013,1,2.0,2.0,2.0,0,21.078362,0.0,-0.32261848,12.033505,1,-0.7930465374530755,0.7036392654830097,-1.4966858029360852,224
Los Lagos,Chaitén,2013,2,1.75,0.875,1.5,0,11.90572025,0.0356175,0.9737086,-100.6617,2,1.239054777154841,-3.8346304645086016,5.073685241663442,226
Biobío,Ránquil,2013,10,1.6500000000000004,0.16500000000000004,0.66,0,17.3077581,8.061528452E-4,0.01631069099999999,-12.61650837,7,-0.2617466636989368,-0.28902417144813125,0.027277507749194463,227
Los Lagos,Fresia,2013,4,1.61,0.4025,1.0,0,14.2291185,0.027079600784999998,1.07200334825,-32.22225095,3,1.3931400309612174,-1.0785533096649849,2.471693340626202,228
Maule,Empedrado,2013,10,1.4625,0.14625,0.8,0,17.008705,0.0022031367267999996,0.0835441514,-4.971358635,9,-0.15635258116192824,0.01884830301610074,-0.17520088417802898,229
Los Ríos,Máfil,2013,3,1.4000000000000001,0.46666666666666673,1.2,0,18.505447,0.07012641822333333,1.1697654566666666,4.769148333333336,3,1.5463903271999953,0.41110144217281586,1.1352888850271794,230
Araucanía,Freire,2013,5,1.24,0.248,0.5,0,17.4212877,0.0015372410368,0.55269928,-11.497515199999999,5,0.5790873925082246,-0.24396198063461472,0.8230493731428393,231
O'Higgins,Codegua,2013,1,1.2000000000000002,1.2000000000000002,1.2000000000000002,0,19.565079,0.0,-1.0274525,-5.3088946,1,-1.8979329204655964,0.005255628396599305,-1.9031885488621956,232
Los Ríos,Lanco,2013,1,1.2,1.2,1.2,0,12.12614,16.939209,-0.55891037,25.40622,0,-1.1634538734628959,1.242162512255619,-2.405616385718515,233
Valparaíso,San Felipe,2013,2,1.03,0.515,0.6,0,18.2801895,0.0,0.192708017,-16.50667305,1,0.014770924792635252,-0.44568227071621014,0.4604531955088454,234
Los Lagos,Los Muermos,2013,3,1.01,0.33666666666666667,0.75,0,14.622408333333333,0.09719034,0.6388298646666667,-28.962596666666666,3,0.7141043006862762,-0.9472860533137569,1.6613903540000332,235
Los Ríos,Lago Ranco,2013,2,1.0,0.5,0.5,0,18.423502,0.028216281,1.146152025,44.9980425,2,1.5093742945392892,2.031131084672862,-0.5217567901335727,236
Coquimbo,Paiguano,2013,1,1.0,1.0,1.0,0,10.59396,1.021076,1.0817728,-4.0490837,1,1.4084544651425766,0.05598859146262764,1.3524658736799489,236
Araucanía,Curarrehue,2013,3,0.91,0.30333333333333334,0.5,0,13.881004466666667,0.06613632116133333,1.7770713,-57.97151733333334,2,2.4983931215925463,-2.115483995375812,4.613877116968359,238
Metropolitana,Buin,2013,1,0.8,0.8,0.8,0,15.118447,0.0,-0.368371,-8.528481,0,-0.8647674460671462,-0.12439808226671294,-0.7403693638004333,239
Biobío,Treguaco,2013,3,0.74,0.24666666666666667,0.7,0,17.579558333333335,5.87975E-4,0.5614649533333333,-3.2004481333333334,3,0.5928283199168306,0.09016340044405333,0.5026649194727772,240
O'Higgins,Nancagua,2013,1,0.5,0.5,0.5,0,21.136614,0.0,0.55682945,-5.8312936,1,0.5855617800420821,-0.015781536127640106,0.6013433161697223,241
O'Higgins,Navidad,2013,1,0.5,0.5,0.5,0,13.0491705,0.124804676,-0.1444292,74.58052,0,-0.5137199109221863,3.222426332562139,-3.7361462434843253,241
Los Lagos,Frutillar,2013,1,0.5,0.5,0.5,0,12.267979,0.0,-0.2465601,6.3555527,0,-0.6738186540203323,0.4749864221661512,-1.1488050761864834,241
Los Lagos,Purranque,2013,1,0.4,0.4,0.4,0,8.557433,0.0,0.25044918,-47.226166,0,0.10528503581412987,-1.6827654720438594,1.7880505078579894,244
Biobío,Portezuelo,2013,2,0.37,0.185,0.22,0,18.5756285,0.0,0.60415745,-9.83867815,2,0.6597523855625373,-0.1771601147433057,0.8369125003058431,245
Araucanía,Saavedra,2013,2,0.35,0.175,0.25,0,10.5058945,0.011300668,-0.26824904,-38.402803,1,-0.7078178847441494,-1.3274459957659825,0.6196281110218331,246
Valparaíso,Rinconada,2013,1,0.31,0.31,0.31,0,21.244965,0.0,0.0573864,-1.5712891,1,-0.19735704818820302,0.15577012369655605,-0.35312717188475906,247
Valparaíso,Putaendo,2013,1,0.3,0.3,0.3,0,16.585344,0.18242374,-0.55238914,-2.4005938,0,-1.1532312990368019,0.12237377451781527,-1.2756050735546172,248
Metropolitana,Providencia,2013,3,0.21000000000000002,0.07,0.1,0,19.474868666666666,0.14791949000000001,-0.2781410266666667,0.098505,2,-0.7233244026743444,0.22301323328004355,-0.9463376359543879,249
Metropolitana,Recoleta,2013,1,0.2,0.2,0.2,0,17.243301,0.04352629,-0.19470024,5.790598,1,-0.5925239782342008,0.45223552683012974,-1.0447595050643306,250
Aysén,Lago Verde,2013,1,0.18,0.18,0.18,0,18.24488,0.025697052,0.8868046,11.123077,1,1.1028254756388327,0.6669760566647037,0.435849418974129,251
Metropolitana,La Reina,2013,1,0.1,0.1,0.1,0,14.061321,1.0757279,-1.0203333,-5.0474157,1,-1.8867729779617672,0.015785462180578885,-1.902558440142346,252
Araucanía,Melipeuco,2013,1,0.1,0.1,0.1,0,11.373894,0.0041853637,1.3240442,-89.01845,1,1.7882351840888322,-3.3657532923722644,5.153988476461096,252
Metropolitana,Vitacura,2013,1,0.1,0.1,0.1,0,14.694692,0.8747988,-0.5924797,15.141657,1,-1.2160766109463301,0.8288054794121018,-2.044882090358432,252
Araucanía,Cunco,2013,2,0.060000000000000005,0.030000000000000002,0.05,0,15.5020575,0.0,0.9371800499999999,-64.329692,1,1.1817932143741565,-2.3715295975621054,3.553322811936262,255
Magallanes,Punta Arenas,2013,2,0.02,0.01,0.01,0,11.185822,1.86792765,1.1859503,-21.845085,2,1.5717614252213294,-0.6606617222280158,2.232423147449345,256
Magallanes,Natales,2013,1,0.015,0.015,0.015,0,7.3345757,3.0702224,1.6654868,-10.0494995,0,2.323475068395766,-0.1856499537842921,2.5091250221800583,257
Magallanes,Torres del Paine,2013,1,0.01,0.01,0.01,0,6.5966134,0.5452931,0.58457613,-80.38134,1,0.6290570257820733,-3.017934280306863,3.6469913060889363,258
Maule,Constitución,2014,66,19241.528500000004,291.5383106060607,14050.0,5,17.431717212121214,0.07468792125269698,0.027739424848484868,-1.25044705,60,-0.24383116580020422,0.16869052934845097,-0.4125216951486552,1
Metropolitana,Melipilla,2014,91,14936.990000000009,164.14274725274734,14805.0,1,18.396634912087908,0.0766799226028791,-0.27131988747252744,-2.5457742217582453,67,-0.7126316954576334,0.1165273153587689,-0.8291590108164023,2
Biobío,Florida,2014,48,4077.5543999999986,84.94904999999997,3000.0,2,17.281962906249998,0.060282142403583316,-0.4784212991458335,1.2929006558333331,38,-1.0372805108773349,0.27111190482957304,-1.308392415706908,3
Aysén,Cochrane,2014,3,3134.2,1044.7333333333333,3000.0,1,8.796468666666668,0.8841628988,-0.12031793999999997,-20.489898,2,-0.475923490636919,-0.6060879349885485,0.1301644443516295,4
Araucanía,Ercilla,2014,117,3037.3100000000013,25.959914529914542,1449.7199999999998,3,15.276944196581201,0.4794689182223761,-0.48928416794871793,0.4114630589743563,91,-1.0543089679043645,0.23561614824701352,-1.289925116151378,5
Araucanía,Galvarino,2014,93,3007.3699999999994,32.33731182795698,2555.69,1,14.966846801075265,0.4011648267774837,-0.6664105626881712,14.065389225806452,89,-1.3319694327322715,0.7854638531114263,-2.1174332858436977,6
Araucanía,Traiguén,2014,37,2280.53,61.63594594594595,1838.43,1,15.812499905405405,0.28632896484962156,-0.7430497994594593,19.55123064864865,37,-1.4521078578228606,1.0063803337444654,-2.458488191567326,7
Araucanía,Victoria,2014,92,2171.89,23.607499999999998,1800.0,1,15.619667391304342,0.746894548169456,-0.7223875552173916,15.71485473728259,91,-1.4197180587244296,0.8518883243335806,-2.2716063830580104,8
Maule,Colbún,2014,8,2047.44,255.93,2039.34,1,16.7286939375,0.011049443874999999,-0.569791181875,-2.6873153375,7,-1.1805104577588814,0.11082741214531767,-1.291337869904199,9
Araucanía,Collipulli,2014,170,1974.829999999999,11.616647058823524,1346.8200000000002,1,16.07981707941177,0.3982667725924117,-0.6713343400588235,5.525736051764694,156,-1.3396878663144345,0.44156945667831715,-1.7812573229927517,10
Araucanía,Angol,2014,76,1461.7599999999995,19.23368421052631,832.97,1,15.679333993421057,0.138264377046579,-0.6624208809210528,1.817660996052634,67,-1.3257152722746899,0.2922441612331827,-1.6179594335078726,11
Valparaíso,San Antonio,2014,118,1348.6299999999985,11.429067796610157,617.0,1,16.126138953389827,0.015811126194135595,-0.3256836539830509,-2.0509217238135604,101,-0.7978514544964344,0.13645517397735962,-0.934306628473794,12
Araucanía,Los Sauces,2014,47,1305.22,27.770638297872342,1068.58,1,15.060128368085108,0.43729198395842567,-0.7889112953191495,1.1574661702127655,44,-1.5239995952278695,0.2656579174439624,-1.789657512671832,13
Maule,Parral,2014,26,1049.51,40.36576923076923,891.0,1,16.50811284615385,0.33629006095323066,-0.6638600613076924,-5.575789177692308,22,-1.3279713081168543,-0.005492296353525561,-1.3224790117633287,14
Valparaíso,Valparaíso,2014,161,1044.1299999999994,6.485279503105587,926.4,1,15.49186663167702,0.039010839836447216,-0.24197125877018655,-2.8635732472173867,102,-0.6666252609025777,0.10372945321847592,-0.7703547141210536,15
Biobío,Tomé,2014,133,963.7605999999994,7.246320300751875,634.0,2,15.713925947368418,0.021632556168842104,-0.28162206481203,-2.4555293750375937,97,-0.728781221636572,0.12016150242254028,-0.8489427240591123,16
Maule,Romeral,2014,16,909.3932,56.837075,690.0,1,17.129912062499997,0.040540934106249996,-0.61887711125,-14.79598916875,12,-1.2574567648681094,-0.3767925173690164,-0.880664247499093,17
Biobío,Los Angeles,2014,121,908.4265999999999,7.507657851239668,482.0,1,17.5805771570248,0.12585193667249592,-0.5746457449586776,6.489521485454543,109,-1.188120392146882,0.48038138536615693,-1.6685017775130389,18
Valparaíso,Hijuelas,2014,15,829.2099999999999,55.28066666666666,819.9999999999999,1,17.575269,0.028038772864533334,-0.43949418866666673,-2.432664779999999,12,-0.9762590035748704,0.1210822665273452,-1.0973412701022156,19
Biobío,Tirúa,2014,77,814.24,10.574545454545454,293.49,2,13.915146837662338,0.29809819586490915,-0.36530069927272724,4.38942021168831,73,-0.8599544924226596,0.395809676741552,-1.2557641691642116,20
Biobío,Alto Biobío,2014,13,776.7499999999999,59.74999999999999,618.0,1,12.823254461538461,0.18284341887446154,-1.0148846484615386,20.96201553076923,13,-1.8782317601433844,1.063193064384226,-2.9414248245276102,21
Biobío,Cañete,2014,139,766.9079999999999,5.517323741007194,246.1,1,13.926714359712228,0.37982041430831665,-0.52695744857554,2.6267690627338243,124,-1.11336499185733,0.3248271859263032,-1.4381921777836333,22
O'Higgins,Rengo,2014,15,766.2499999999999,51.08333333333333,698.0,1,15.647708300000001,0.5749926082547999,-0.9840323689999999,1.1383078799999997,14,-1.829868227035333,0.26488640734687363,-2.0947546343822068,23
Metropolitana,Puente Alto,2014,25,736.15,29.445999999999998,727.71,1,14.51977674,0.5374068009747199,-0.9133335280800001,-1.5083808639999996,19,-1.7190418701757761,0.15830345724172307,-1.8773453274174992,24
O'Higgins,La Estrella,2014,8,619.0,77.375,500.0,1,18.279691375,0.030029332500000002,-0.290878415,-1.1856637999999997,5,-0.7432913261276739,0.1712993702701697,-0.9145906963978436,25
Araucanía,Cholchol,2014,21,607.3400000000001,28.92095238095239,577.98,1,14.42491476190476,0.3317556411127618,-0.5565031561904761,5.609326428571428,17,-1.1596803641207352,0.4449356662413647,-1.6046160303621,26
O'Higgins,Lolol,2014,7,575.5000000000001,82.21428571428574,464.0,1,18.445741142857145,0.0031752777834285714,-0.22288525142857143,-9.374154342857143,4,-0.6367063452154099,-0.15845360160623934,-0.4782527436091706,27
O'Higgins,Pichidegua,2014,7,563.15,80.45,441.0,1,19.289813714285717,1.9158636285714288E-5,-0.5055243657142857,-4.3369332,6,-1.0797668386362655,0.04439680570170533,-1.1241636443379708,28
Maule,Curicó,2014,22,542.14,24.64272727272727,480.0,1,18.352628,0.14972567290763636,-0.4061460463636364,-3.0678954090909105,19,-0.9239829963393201,0.09550133843402649,-1.0194843347733467,29
Biobío,Mulchén,2014,141,517.2299999999999,3.6682978723404247,118.18,0,17.231238985815597,0.16790240952841146,-0.5986043265106383,9.757523126950375,138,-1.2256774761722193,0.611984792335987,-1.8376622685082062,30
Maule,San Javier,2014,58,509.2100000000001,8.779482758620691,134.0,0,18.93542718965518,0.01740539087789655,-0.27203421812413786,-2.4530948017241396,51,-0.7137514686063994,0.12025954342059246,-0.8340110120269918,31
Maule,Pencahue,2014,25,503.5637,20.142547999999998,452.0,1,19.264252080000002,0.07824063360768001,-0.3883101687600001,-2.7680451399999995,21,-0.8960237637623572,0.10757639876818287,-1.00360016253054,32
Coquimbo,Los Vilos,2014,6,436.53,72.755,259.0,1,15.59743283333333,0.011492831,-0.6233701749999999,0.014971166666667202,4,-1.2645000187612487,0.21964930073964106,-1.4841493195008897,33
Biobío,Contulmo,2014,30,425.86000000000007,14.195333333333336,110.46,0,14.886894683333336,0.27246564953026664,-0.5141032863333334,8.074668686666666,29,-1.0932150155175844,0.544215738929309,-1.6374307544468933,34
Biobío,Chiguayante,2014,14,402.495,28.749642857142856,378.0,1,15.866257071428572,0.18621383395485713,-0.44417489714285713,3.6841067214285714,14,-0.9835964062986976,0.3674064907941063,-1.3510028970928039,35
Biobío,San Carlos,2014,40,397.6750000000001,9.941875000000003,256.57,1,17.783227799999995,0.054689498369599986,-0.7098625432499999,4.844489628000002,38,-1.4000840530193135,0.4141354587221811,-1.8142195117414945,36
Biobío,Chillán,2014,89,351.28099999999984,3.946977528089886,200.0,1,18.158005415730337,0.005530444548584269,-0.47108227239325773,1.9419317811235948,83,-1.0257759715199901,0.29724858304695756,-1.3230245545669477,37
Araucanía,Lumaco,2014,78,350.4099999999999,4.492435897435897,140.0,0,14.37928748076924,0.15924843910635897,-0.7187184753846149,6.555037312435888,73,-1.4139664686615367,0.48301972738279203,-1.8969861960443288,38
Biobío,Arauco,2014,63,341.8593999999998,5.4263396825396795,135.0,0,14.768609539682537,0.1719898454318095,-0.42458971552380975,-6.326456650793653,49,-0.9528949931068192,-0.03572190080266894,-0.9171730923041503,39
Valparaíso,Quilpué,2014,66,312.38999999999993,4.7331818181818175,124.0,0,16.06963713636364,0.04309482077178788,-0.33702242539393934,-2.715274267818186,54,-0.8156259287364581,0.10970149762973586,-0.9253274263661939,40
Metropolitana,Maipú,2014,12,306.19,25.515833333333333,300.0,1,20.312853750000002,0.0156952687,-0.4576958766666667,-4.428846041666667,10,-1.0047916745986702,0.04069544798082141,-1.0454871225794917,41
Valparaíso,Santo Domingo,2014,19,277.14000000000004,14.586315789473687,190.0,0,14.878797210526317,0.8825523558149474,-0.07464303763157895,-7.407338163157896,6,-0.4043242541637778,-0.07924932372425818,-0.3250749304395196,42
Valparaíso,La Ligua,2014,31,270.56999999999994,8.728064516129031,71.5,0,17.394540096774197,0.03496959836722579,-0.4201093216129032,-5.560850590967743,21,-0.9458716002480398,-0.0048907149824197445,-0.9409808852656201,43
O'Higgins,Requínoa,2014,16,267.90000000000003,16.743750000000002,253.0,1,15.44622575,0.033544377097000005,-0.7797479681250002,-13.606454566249997,10,-1.509635312073796,-0.3288896018962297,-1.1807457101775662,44
Biobío,Antuco,2014,2,265.0,132.5,246.0,1,17.656176,0.31332302,-0.649196159,19.53199575,2,-1.3049844125898828,1.00560573860267,-2.310590151192553,45
Valparaíso,Cartagena,2014,18,259.49,14.416111111111112,235.0,1,15.37366438888889,0.01580945917511111,-0.33101017722222226,-2.2082387655555547,13,-0.8062012259727889,0.13011996948884993,-0.9363211954616388,46
Maule,Hualañé,2014,11,258.915,23.537727272727274,150.0,0,18.404812772727272,0.031090424975090906,-0.4960432872727274,-4.475620836363637,9,-1.0649044537781236,0.03881181295926186,-1.1037162667373854,47
Araucanía,Vilcún,2014,13,227.95999999999998,17.535384615384615,151.2,0,14.723063076923077,0.31232225957569226,-0.5981205492307694,33.247209769230764,12,-1.2249191147512737,1.5579215236782777,-2.782840638429551,48
O'Higgins,Mostazal,2014,6,226.79999999999998,37.8,150.0,0,18.75315283333333,7.450580666666667E-6,-0.399063575,-9.737327933333335,4,-0.9128806290504116,-0.17307871109861278,-0.7398019179517987,49
Biobío,Chillán Viejo,2014,22,219.98999999999998,9.999545454545453,148.3,0,17.40002045454546,0.005769966718181818,-0.5288219891818182,0.0940085940909085,18,-1.116287815483878,0.22283216166452108,-1.339119977148399,50
Biobío,Santa Bárbara,2014,13,216.00000000000003,16.615384615384617,180.0,0,17.341771384615384,0.025205170034769228,-0.7002950891230769,-0.9239852230769229,13,-1.3850862670371127,0.1818372451037731,-1.5669235121408858,51
Aysén,Chile Chico,2014,2,205.2,102.6,186.0,0,12.824046,1.783216409,-0.4829793,-47.1399995,2,-1.0444255591222082,-1.6792955212266147,0.6348699621044065,52
Metropolitana,San Pedro,2014,14,196.81,14.057857142857143,80.0,0,19.795112785714284,0.009637592256000003,-0.04039914999999998,-2.4414447357142857,14,-0.35064409107298034,0.12072869507549139,-0.4713727861484717,53
Biobío,Yumbel,2014,46,195.8613,4.257854347826087,68.0,0,18.49920769565218,0.007725765995956522,-0.48867054065217397,3.559302206521735,42,-1.0533470557024018,0.3623805755196456,-1.4157276312220475,54
O'Higgins,Marchigue,2014,10,172.6,17.259999999999998,70.0,0,19.8624322,9.613111484E-4,0.18505488300000003,-4.54237629,9,0.0027739960065217223,0.036123550805164314,-0.03334955479864259,55
Biobío,Laja,2014,43,170.94,3.975348837209302,41.61,0,18.15336748837209,0.05250480231051162,-0.4397434013953485,1.3138381581395395,36,-0.9766496654081258,0.27195506433168215,-1.248604729739808,56
Valparaíso,Viña del Mar,2014,63,163.54000000000002,2.5958730158730163,105.0,0,15.591182468253972,0.04635902096406351,-0.3503387095238094,-4.202620363492064,42,-0.8365003198554042,0.049805623940895535,-0.8863059437962997,57
Maule,Sagrada Familia,2014,13,158.12,12.163076923076924,78.5,0,18.704615384615384,0.08534782618876924,-0.4509473884615385,0.8855451692307695,13,-0.9942128538945182,0.2547075771193176,-1.2489204310138358,58
Maule,Linares,2014,32,156.41,4.8878125,34.0,0,17.698359656250002,0.9334179545789374,-0.4679309114374999,-3.079334500000001,27,-1.0208359491754753,0.09504068280975793,-1.1158766319852331,59
Biobío,San Nicolás,2014,16,148.98999999999998,9.311874999999999,86.7,0,18.037074625000006,0.008945586275,-0.46994203062499995,2.1908885937500004,15,-1.0239885470096208,0.30727414861398955,-1.3312626956236104,60
Biobío,Quilaco,2014,9,138.11999999999998,15.346666666666664,94.0,0,17.084704222222225,0.7019196066666668,-0.6334283638444445,-2.1736389555555555,9,-1.2802670725308658,0.13151331422242984,-1.4117803867532956,61
Araucanía,Perquenco,2014,12,136.57,11.380833333333333,110.5,0,15.674138583333331,0.11445535282800003,-0.9144282458333334,-1.755287833333333,12,-1.720757931978383,0.14836043947934857,-1.8691183714577315,62
O'Higgins,Coltauco,2014,16,134.0,8.375,110.0,0,20.000210499999998,0.003378430873125,-0.5337592955,-5.8224603125,14,-1.1240274568248574,-0.015425816988768432,-1.108601639836089,63
Valparaíso,Villa Alemana,2014,36,130.42,3.6227777777777774,114.0,0,17.11383052777778,0.016617537041222222,-0.3330420855555556,-1.6104503513888884,29,-0.8093864125349097,0.15419308834916232,-0.9635795008840721,64
Biobío,Cabrero,2014,56,123.24000000000002,2.200714285714286,65.7,0,17.382817830357144,0.09602550798007144,-0.5170176589285714,1.7312154185714257,50,-1.0977835387501937,0.28876297188200656,-1.3865465106322004,65
Valparaíso,Casablanca,2014,32,120.99,3.7809375,38.0,0,15.663343390624998,0.0039019505020625,-0.16844621375000002,-3.3152353001875,23,-0.5513685923138698,0.08554088678230738,-0.6369094790961772,66
Los Ríos,La Unión,2014,32,119.43000000000002,3.7321875000000007,45.0,0,14.904009296874994,0.5520737564358751,-0.2720101510312501,-4.977984734374999,32,-0.7137137414217632,0.018581468005494237,-0.7322952094272575,67
Metropolitana,Curacaví,2014,36,115.61000000000003,3.2113888888888895,70.0,0,18.220803361111106,0.01744931141577778,-0.41091502388888884,-1.4612803622222224,29,-0.9314587681934428,0.1602002085851853,-1.091658976778628,68
Araucanía,Purén,2014,36,115.53,3.2091666666666665,80.0,0,13.600340155555557,0.17807515798127774,-0.7239813361111113,-3.9762369444444428,24,-1.4222164438151157,0.05892215217327085,-1.4811385959883865,69
Maule,San Rafael,2014,17,109.61,6.447647058823529,60.0,0,19.002923,0.006833935364352942,-0.3587778870588236,0.8213654882352942,17,-0.8497294377437014,0.2521230421025679,-1.1018524798462692,70
Maule,Cauquenes,2014,44,103.92250000000001,2.3618750000000004,19.2,0,16.66040217045455,0.18907778145709092,-0.3967697984000002,1.669430510681818,35,-0.9092849420388615,0.2862748750970038,-1.1955598171358652,71
Biobío,Yungay,2014,16,99.42220000000002,6.213887500000001,45.0,0,16.2783454375,0.2160719639355,-0.5300750088125001,9.5047406375,15,-1.1182520287430335,0.6018051656150049,-1.7200571943580383,72
Valparaíso,Putaendo,2014,3,97.11999999999999,32.37333333333333,97.0,0,16.037399166666667,0.010556851766666667,1.4997377333333333,-12.573562333333333,0,2.063649518605995,-0.2872947216616258,2.3509442402676206,73
Valparaíso,Quintero,2014,8,96.31,12.03875,89.2,0,14.8065345,0.043667619375,-0.012467507499999989,-0.23633806249999964,4,-0.30685890111659336,0.20952900265247212,-0.5163879037690655,74
Biobío,Coihueco,2014,51,95.6806,1.8760901960784313,19.62,0,16.006450205882356,0.40455834321898043,-0.8895182474019608,-5.090485485098038,47,-1.68170942227721,0.01405102900759987,-1.69576045128481,75
Los Lagos,Quellón,2014,1,94.2,94.2,94.2,0,14.938361,4.4703484E-5,-0.01571846,-22.21204,1,-0.3119550415512882,-0.6754391102168753,0.3634840686655871,76
Maule,Maule,2014,43,93.5,2.1744186046511627,30.0,0,18.072868767441857,0.31583114116274424,-0.5035618691627908,-2.9865515581395368,33,-1.0766904608580536,0.09877707972660028,-1.175467540584654,77
Biobío,Talcahuano,2014,51,91.79999999999998,1.7999999999999996,29.0,0,15.609387127450978,0.0055533487531764705,-0.45740950509803896,1.5363586392156854,45,-1.0043427631703332,0.2809160308925136,-1.2852587940628468,78
O'Higgins,Machalí,2014,21,85.47000000000001,4.07,75.0,0,13.116342090476191,0.5328026693256189,-0.5287192631428572,-10.832169000571426,10,-1.116126783810593,-0.2171682894848302,-0.8989584943257629,79
Araucanía,Temuco,2014,40,84.99,2.1247499999999997,35.0,0,15.017344075,0.5380363716134998,-0.5051172955000002,6.432494425000002,31,-1.0791287219677566,0.47808488852539743,-1.557213610493154,80
Araucanía,Lautaro,2014,31,81.47,2.628064516129032,34.6,0,14.942853838709677,0.01809800057722581,-0.6881178358064517,2.026302096774191,29,-1.3659974021550898,0.3006462009813403,-1.6666436031364302,81
Biobío,Coronel,2014,84,81.049,0.9648690476190477,25.0,0,15.298746982142859,0.13249857608519047,-0.4023944098809527,0.18275448095237673,72,-0.918101991810438,0.22640598516486132,-1.1445079769752993,82
Metropolitana,Lampa,2014,21,79.15,3.7690476190476194,40.0,0,18.051870523809523,0.29910843723809516,-0.5184530533333334,-5.415282432380954,11,-1.1000336397485448,9.713584550884689E-4,-1.1010049982036334,83
Maule,Río Claro,2014,31,77.10299999999998,2.487193548387096,12.0,0,18.962723870967746,0.02383248636748387,-0.3831456777419356,-4.062231654838709,26,-0.8879279913689503,0.055459119375010316,-0.9433871107439606,84
Biobío,Lebu,2014,175,74.34019999999998,0.42480114285714277,5.8,0,13.567726291428574,0.18428451589722292,-0.360972460554286,-4.6459176297142895,143,-0.853169615576855,0.03195390997769399,-0.885123525554549,85
Maule,Curepto,2014,17,74.09,4.358235294117647,40.0,0,18.403283000000002,5.259233411764706E-6,-0.07149034470588239,-5.791568452941177,12,-0.399382143844781,-0.014181792532368913,-0.3852003513124121,86
O'Higgins,Las Cabras,2014,9,72.2,8.022222222222222,50.0,0,19.157817611111113,7.891406648888889E-4,-0.21925089288888888,-7.251543977777778,6,-0.6310091836886712,-0.07297544511851543,-0.5580337385701558,87
Biobío,Penco,2014,75,71.08380000000001,0.9477840000000002,39.2,0,16.188026579999995,0.04615693098690666,-0.36288678413333286,0.5977490133333339,55,-0.8561704781844355,0.2431179395414164,-1.099288417725852,88
Biobío,Los Alamos,2014,234,70.9251,0.30309871794871796,9.704,0,13.51713748931624,0.16769180173076922,-0.402376362948717,-7.713255294444455,180,-0.9180737017320413,-0.0915686984199576,-0.8265050033120837,89
Maule,Pelluhue,2014,13,69.94,5.38,20.0,0,14.524240461538458,0.015718432952615383,-0.17554077923076922,-6.621232881538462,9,-0.5624899181447265,-0.047592628089692265,-0.5148972900550343,90
Biobío,Pemuco,2014,15,67.14,4.476,54.0,0,18.186224353333333,0.019079322904533333,-0.35777874533333337,-4.178886826666666,14,-0.8481631993728665,0.0507613805923018,-0.8989245799651684,91
Biobío,Curanilahue,2014,423,66.06380000000007,0.15617919621749426,5.0,0,14.081300498817985,0.14794101464927673,-0.49524606460520476,-11.168206958392432,302,-1.0636547404490555,-0.2307006389056176,-0.8329541015434379,92
Araucanía,Padre Las Casas,2014,24,63.14,2.6308333333333334,40.0,0,15.505591375,0.2634853720666667,-0.49087977791666654,-9.872719708333335,19,-1.056810220222159,-0.17853097851471392,-0.8782792417074451,93
Valparaíso,Nogales,2014,18,60.46999999999999,3.359444444444444,50.2,0,16.677364222222224,0.001098598479888889,-0.6704794666666669,-4.453005483333333,11,-1.3383477806440616,0.039722540013625046,-1.3780703206576865,94
Maule,Longaví,2014,21,60.150000000000006,2.8642857142857148,20.0,0,17.30850323809524,0.6436251541373335,-0.5634927320476188,-6.111693497142857,19,-1.1706371099196824,-0.027073324145561448,-1.143563785774121,95
Metropolitana,Padre Hurtado,2014,13,57.21,4.400769230769231,22.0,0,18.554783923076926,0.007784853612923077,-0.49655216692307697,-5.4587751730769245,9,-1.065702165268076,-7.80107266766324E-4,-1.0649220580013097,96
Araucanía,Renaico,2014,12,55.059999999999995,4.588333333333333,52.16,0,16.029662416666664,0.24864871366133331,-0.6492105991666667,-1.5438793666666661,11,-1.3050070487610461,0.1568739218847204,-1.4618809706457665,97
Biobío,Coelemu,2014,20,54.77599999999999,2.7387999999999995,45.4,0,15.483699425000001,3.625638756E-4,-0.3567133939999999,-6.36211139,12,-0.8464931718941638,-0.03715772785201775,-0.8093354440421461,98
Biobío,Ñiquén,2014,12,53.029999999999994,4.4191666666666665,29.5,0,19.355234833333334,4.979471333333333E-4,-0.46084641833333334,-1.595292023333334,12,-1.009730412638888,0.15480351876962078,-1.1645339314085088,99
O'Higgins,Pumanque,2014,1,52.5,52.5,52.5,0,16.934107,0.0,-0.2524929,5.013193,0,-0.6831188151180283,0.42092919414770436,-1.1040480092657328,100
Aysén,Coihaique,2014,11,51.00399999999999,4.6367272727272715,35.5,0,11.0711099,0.7635310880999999,-0.2074701979090909,-6.169024645454544,9,-0.6125419572264713,-0.02938206669559797,-0.5831598905308734,101
Valparaíso,El Tabo,2014,13,49.5,3.8076923076923075,35.3,0,15.216503499999998,0.01481934772953846,-0.09978425615384613,-4.204065538461538,9,-0.4437352207309069,0.04974742631111608,-0.49348264704202294,102
Los Lagos,Palena,2014,3,48.2,16.066666666666666,42.0,0,10.5096371,2.6228244333333333,-0.7144864333333333,-38.48881033333333,3,-1.4073323881516353,-1.330909536893788,-0.07642285125784731,103
Valparaíso,Puchuncavi,2014,14,48.120000000000005,3.4371428571428573,37.0,0,16.651913214285717,0.3938379480131428,-0.03211750214285708,2.2111128928571437,12,-0.3376619141538497,0.3080885872092097,-0.6457505013630593,104
Los Ríos,Corral,2014,12,47.45,3.954166666666667,20.0,0,12.822016750000001,0.9293163265736668,-0.17639414499999997,-29.417611733333327,7,-0.5638276404898428,-0.965609646617868,0.40178200612802517,105
Maule,Retiro,2014,6,47.400000000000006,7.900000000000001,17.0,0,18.346977,0.107860505,-0.3200093876666667,-3.951716268333333,5,-0.7889565666098374,0.05990960715996684,-0.8488661737698042,106
Los Lagos,Ancud,2014,3,47.0,15.666666666666666,46.4,0,15.270253333333331,0.3606633483333333,-0.09770933733333333,-20.38292543333333,3,-0.44048261162636765,-0.6017801176218481,0.16129750599548048,107
Biobío,Tucapel,2014,13,46.2781,3.5598538461538465,40.0,0,17.974567153846156,1.014575254114154,-0.46190202446153844,7.668271915384616,12,-1.0113851636920201,0.527850018972762,-1.539235182664782,108
Los Lagos,Puerto Montt,2014,67,45.360000000000014,0.6770149253731346,7.5,0,14.348320671641787,0.5009080180575521,-0.22340667634328368,-11.287940052238799,58,-0.637523722458394,-0.23552232653182328,-0.4020013959265707,109
Valparaíso,Limache,2014,37,44.54,1.2037837837837837,7.17,0,17.065524945945945,0.015709247435837837,-0.41187915081081083,-1.431464830810811,29,-0.9329701179258627,0.1614008889840365,-1.0943710069098993,110
Coquimbo,Ovalle,2014,31,42.73,1.3783870967741934,12.0,0,18.744820290322576,0.0011988825297419357,-0.49079436870967735,-0.7073669077096776,25,-1.0566763341339331,0.19056052968001527,-1.2472368638139484,111
Biobío,Nacimiento,2014,29,42.54999999999999,1.4672413793103445,30.0,0,16.161991586206895,0.05086897560979311,-0.5698578620689657,-12.372753034482761,17,-1.1806149845499254,-0.27920807092547073,-0.9014069136244547,112
Valparaíso,Petorca,2014,2,41.48,20.74,37.98,0,19.4911765,0.017715618,0.5057010500000001,-9.8793905,1,0.5054137290935522,-0.1787996132973198,0.6842133423908721,113
Araucanía,Carahue,2014,27,40.839999999999996,1.5125925925925925,21.5,0,13.557545018518521,0.10358152767444445,-0.3898819092592593,8.35046872962963,27,-0.8984875986880051,0.5553222894387934,-1.4538098881267985,114
Los Lagos,Dalcahue,2014,5,40.26,8.052,37.95,0,16.2320958,0.017431750896799998,-0.028637316400000012,-12.81416758,5,-0.3322064314039718,-0.29698396716079756,-0.03522246424317427,115
Maule,Talca,2014,73,39.39000000000001,0.5395890410958906,4.5,0,18.531009315068502,0.08486576029682193,-0.34596627502739746,-4.085950989041098,55,-0.829646162424553,0.05450393466749541,-0.8841500970920484,116
Biobío,San Pedro de la Paz,2014,33,39.01000000000001,1.1821212121212126,21.0,0,15.034492045454543,0.06694340829848483,-0.42958892636363627,0.49818766363636363,29,-0.9607316749723356,0.2391085741065084,-1.199840249078844,117
Los Lagos,Frutillar,2014,1,37.0,37.0,37.0,0,17.663034,0.0,-0.15180302,-6.043869,1,-0.5252789916101267,-0.02434201128859178,-0.5009369803215349,118
Biobío,Ninhue,2014,8,35.17,4.39625,19.15,0,16.854165249999998,0.022188759787499998,-0.6664550175,15.6135,8,-1.3320391193745948,0.8478067386423276,-2.1798458580169227,119
Valparaíso,Olmué,2014,5,35.15,7.029999999999999,29.2,0,15.3530888,0.7195006813936,-0.241694432,-14.510052922,2,-0.6661913117455371,-0.3652777788907205,-0.30091353285481665,120
O'Higgins,Rancagua,2014,3,34.5,11.5,30.0,0,19.19916233333333,0.0021699815946666667,-0.026820816666666674,-6.641447066666667,2,-0.32935891587101573,-0.04840665939194493,-0.2809522564790708,121
Valparaíso,Quillota,2014,29,34.129999999999995,1.1768965517241379,15.2,0,17.389634793103443,0.032765854352758625,-0.15541030758620694,-2.5483785437931026,19,-0.5309337171490701,0.11642243852875697,-0.6473561556778271,122
O'Higgins,San Fernando,2014,10,34.0,3.4,10.0,0,15.6613969,1.0343242608710002,-0.03956041399999997,-9.42517039,6,-0.349329302116933,-0.16050803313677564,-0.1888212689801574,123
O'Higgins,Paredones,2014,4,33.5,8.375,26.5,0,16.325472875000003,7.580965750000001E-4,-0.3686819025,0.41390537500000013,4,-0.8652548117858078,0.23571450104640948,-1.1009693128322173,124
Los Lagos,Osorno,2014,13,33.48,2.575384615384615,9.0,0,14.450891846153846,0.06471316217123077,-0.5373103772307691,3.7686321923076935,13,-1.1295940749760234,0.37081035687611047,-1.500404431852134,125
Biobío,San Rosendo,2014,19,33.360000000000014,1.7557894736842112,20.0,0,18.13779652631579,0.12124417212157895,-0.5213922247368422,3.2158002421052627,19,-1.104641037190962,0.3485476483129918,-1.453188685503954,126
Biobío,Negrete,2014,28,32.870000000000005,1.1739285714285717,8.0,0,17.620400321428573,0.07565479181,-0.7156478221428572,3.8509024999999997,26,-1.4091529624210584,0.37412340685971085,-1.7832763692807692,127
Valparaíso,Algarrobo,2014,17,31.03000000000001,1.8252941176470594,20.0,0,14.62602688235294,0.7574690864981177,-0.06620367705882352,0.47247306470588213,12,-0.391094849348485,0.2380730394895291,-0.6291678888380141,128
Biobío,El Carmen,2014,1,31.0,31.0,31.0,0,18.505848,0.0,-0.10201836,2.5862236,1,-0.4472373657009402,0.32319440797258797,-0.7704317736735282,129
Biobío,Concepción,2014,33,30.859000000000012,0.9351212121212125,14.0,0,15.556679242424241,0.09641801717733331,-0.5328713636363634,-1.3385929212121208,25,-1.1226355492305347,0.16514086865840025,-1.2877764178889348,130
Los Lagos,Puerto Varas,2014,16,30.300000000000004,1.8937500000000003,20.6,0,13.993568524999997,1.4186827501625,-0.29377463056249997,3.4161460625000046,14,-0.7478313866901241,0.3566156346326209,-1.1044470213227449,131
Metropolitana,Pudahuel,2014,13,30.14,2.3184615384615386,10.5,0,19.62658876923077,0.009991945114153846,-0.7227580646153846,-0.19498902461538464,9,-1.4202988632500408,0.2111941408186969,-1.6314930040687377,132
Maule,San Clemente,2014,13,29.59,2.276153846153846,15.0,0,17.078357846153846,0.660105498644923,-0.535565158923077,0.3149190153846157,12,-1.1268582990502911,0.23172829063466605,-1.3585865896849572,133
Araucanía,Nueva Imperial,2014,8,29.28,3.66,15.9,0,16.13353575,0.27835812025,-0.46780002750000005,-4.4179315625,8,-1.0206307776369354,0.04113497733276419,-1.0617657549696997,134
Biobío,Lota,2014,106,29.0777,0.2743179245283019,11.334,0,15.393368679245278,0.10272303311545282,-0.3244774292452832,-1.0925117009433987,90,-0.7959605961527746,0.1750506332581003,-0.9710112294108749,135
Coquimbo,Salamanca,2014,3,28.5,9.5,25.0,0,18.724786333333334,0.0482729319,-0.5659914,-1.8581473333333332,3,-1.1745539812935353,0.14421825654182185,-1.3187722378353572,136
Metropolitana,San Bernardo,2014,11,26.830000000000005,2.4390909090909094,15.0,0,19.410874000000003,0.008007003495636364,-0.6094153127272727,-2.8730721118181815,9,-1.2426246028981616,0.10334693108998717,-1.3459715339881488,137
Metropolitana,Alhué,2014,16,26.71,1.669375,10.0,0,19.9157739375,0.005012378223,-0.3859720868125,-3.4619636000000003,13,-0.8923586244063422,0.07963209410943187,-0.971990718515774,138
Biobío,Hualqui,2014,57,26.031899999999997,0.45669999999999994,7.1,0,15.294150096491226,0.23030701331235084,-0.553077212982456,-5.610104928070176,42,-1.15430991108909,-0.00687420192086381,-1.1474357091682261,139
Valparaíso,San Esteban,2014,2,25.52,12.76,25.0,0,13.326992,0.0196630135,-0.628851885,-9.50059575,1,-1.2730930584879971,-0.16354543502234586,-1.1095476234656512,140
Biobío,Bulnes,2014,19,25.22,1.3273684210526315,10.5,0,16.589464447368425,0.00819338393294737,-0.39247578368421043,-3.6426328189473707,12,-0.9025537141847753,0.07235649043587648,-0.9749102046206517,141
Araucanía,Pitrufquén,2014,3,25.01,8.336666666666668,21.0,0,17.465035,0.0,-0.35505104,52.02318,3,-0.8438872927137773,2.314035480341506,-3.1579227730552835,142
Biobío,Quirihue,2014,15,23.762,1.5841333333333334,10.6,0,16.0844696,0.5780460263189333,-0.5213342686666667,2.6426901266666665,12,-1.1045501861949365,0.3254683319494696,-1.430018518144406,143
Valparaíso,Zapallar,2014,3,23.25,7.75,23.2,0,17.30119733333333,0.0018421560666666665,-0.05202960666666669,7.232693766666666,2,-0.36887580639117284,0.5103091561882943,-0.8791849625794672,144
Maule,Molina,2014,20,23.060000000000002,1.153,7.0,0,18.233680799999995,0.14093956975,-0.354589892,-3.8850237500000007,18,-0.8431644045850891,0.06259533489052178,-0.905759739475611,145
Valparaíso,Calera,2014,16,22.189999999999998,1.3868749999999999,7.67,0,17.043604375,0.004325411326625,-0.6315004868750002,-0.7810130312499999,12,-1.277244963848225,0.1875947781807011,-1.464839742028926,146
Maule,Pelarco,2014,6,20.8109,3.4684833333333334,12.0,0,18.054855833333335,4.433469391957,-0.4246279391666666,4.65022695,6,-0.9529549118696816,0.40631244237259895,-1.3592673542422806,147
Aysén,Río Ibáñez,2014,2,20.025,10.0125,20.0,0,5.3269055000000005,3.0283557500000002,0.35822916,9.244407665,1,0.27423918513762846,0.5913214786753921,-0.3170822935377636,148
Metropolitana,Paine,2014,8,19.0,2.375,6.0,0,20.328682625,0.0022538006585,-0.34929013725,-5.31396984125,8,-0.8348565949583902,0.00505124690816529,-0.8399078418665554,149
Biobío,Pinto,2014,9,18.955000000000002,2.1061111111111113,17.1,0,17.79177966666667,7.719629644444444E-5,-0.39191988833333335,-12.190837733333334,7,-0.9016823016448924,-0.27188228714763607,-0.6298000144972563,150
Los Ríos,Valdivia,2014,14,18.38,1.3128571428571427,6.0,0,14.454496464285715,0.13578669437142857,-0.3486460282857143,6.942962764285714,13,-0.8338469001882434,0.4986416017617719,-1.3324885019500152,151
Biobío,Santa Juana,2014,20,18.246499999999997,0.9123249999999998,6.5,0,17.141503900000004,0.0364747820734,-0.48735919250000004,-1.5670883,18,-1.0512914075985753,0.15593929117339544,-1.2072306987719708,152
Araucanía,Loncoche,2014,4,18.04,4.51,17.0,0,16.594627000000003,0.053802505871,-0.3928227425,39.275088,4,-0.9030976011995253,1.8006659892549224,-2.7037635904544475,153
Metropolitana,Colina,2014,13,16.95,1.3038461538461539,5.0,0,19.795880153846156,0.025375387248153844,-0.44103966692307695,-6.563014223076924,12,-0.9786816702343907,-0.04524814523954157,-0.9334335249948491,154
Metropolitana,San José de Maipo,2014,9,16.770000000000003,1.8633333333333337,15.0,0,10.07363788888889,0.19685241184444446,-1.7087881888888887,10.146320255555555,8,-2.965983700582294,0.6276417693995324,-3.593625469981826,155
Maule,Teno,2014,8,16.34,2.0425,6.0,0,18.595908624999996,0.081495825871,-0.19722283900000004,-8.423523699999999,5,-0.596478363530332,-0.1201714202935469,-0.47630694323678513,156
Maule,Licantén,2014,10,16.272,1.6271999999999998,15.0,0,18.174506299999997,1.352280338E-4,-0.147798158,1.8945523999999998,9,-0.519001034865581,0.29534060114853566,-0.8143416360141167,157
Biobío,Quillón,2014,29,16.251,0.5603793103448276,4.8,0,17.371288965517245,0.04493464516786207,-0.4939014855517242,8.594358727586204,26,-1.0615470001230782,0.565143812858304,-1.6266908129813822,158
Biobío,Ránquil,2014,16,16.206,1.012875,10.0,0,15.72595065625,0.02162484418025,-0.45986545125,-1.9305501837499992,9,-1.0081926645424517,0.14130257202435667,-1.1494952365668083,159
Araucanía,Curarrehue,2014,3,15.8,5.266666666666667,14.5,0,12.339663100000001,0.030704463333333334,-0.4652686166666667,27.853943666666666,2,-1.016662579053728,1.3407330789786431,-2.357395658032371,160
O'Higgins,Peumo,2014,5,15.75,3.15,9.0,0,20.283243000000002,0.010540336,-0.5698101120000001,-2.56121744,5,-1.1805401323159372,0.11590541232500441,-1.2964455446409417,161
Maule,Rauco,2014,6,15.54,2.59,7.0,0,19.20060816666667,0.4642587293666667,-0.5335806233333332,-3.7651202166666664,5,-1.123747373233016,0.0674238861660238,-1.1911712593990398,162
Valparaíso,San Felipe,2014,5,15.319999999999999,3.0639999999999996,9.62,0,12.398389,0.37715397832,0.236635212,-12.649950400000002,0,0.08363048352879796,-0.29037089203361205,0.37400137556241,163
Los Lagos,Los Muermos,2014,2,15.3,7.65,15.0,0,18.7496545,5.4202975E-4,0.151165485,13.245695,2,-0.05035047488478372,0.7524545206129731,-0.8028049954977569,164
Coquimbo,Rio Hurtado,2014,1,15.0,15.0,15.0,0,16.26692,0.13494119,-0.10625553,-5.260882,0,-0.45387948470011835,0.007189110209230096,-0.46106859490934843,165
Los Lagos,San Pablo,2014,4,14.700000000000001,3.6750000000000003,11.8,0,16.096425,0.154229825871,-0.473822586,-2.68077125,4,-1.0300716427040701,0.11109094451310268,-1.141162587217173,166
Valparaíso,Papudo,2014,11,14.559999999999999,1.3236363636363635,4.7,0,17.06155681818182,0.047514381738363635,-0.5271486836363636,0.13063173636363673,7,-1.1136647688383823,0.22430698659601217,-1.3379717554343944,167
Metropolitana,Peñaflor,2014,20,14.479999999999999,0.724,4.0,0,18.85798865,0.12735649930839998,-0.5440896959999998,-3.3321387574999988,11,-1.1402212251726387,0.08486017948288396,-1.2250814046555227,168
Maule,Villa Alegre,2014,13,14.13,1.0869230769230769,3.0,0,19.289666846153846,0.166928835758,-0.4494515143538461,-1.949145246153846,12,-0.9918679458943476,0.14055374328018175,-1.1324216891745293,169
Metropolitana,Huechuraba,2014,6,13.93,2.3216666666666668,6.0,0,18.015243333333334,0.17538170073333334,-0.7898626383333333,0.48622402166666695,5,-1.525490905113771,0.23862679465358907,-1.7641176997673602,170
Maule,Chanco,2014,11,13.919999999999998,1.2654545454545454,4.5,0,15.257528000000002,0.0018646771076363637,0.35941869,-7.308468936363638,7,0.27610387308101814,-0.07526783028637803,0.35137170336739615,171
Coquimbo,La Serena,2014,23,13.659999999999998,0.5939130434782608,3.0,0,18.447314043478265,0.04342190516652174,-0.30275726347826076,-0.6996855369130437,21,-0.7619124164228037,0.19086986078750298,-0.9527822772103067,172
Los Lagos,Purranque,2014,2,12.6,6.3,12.2,0,10.86492975,0.59151466,-0.1845703,-1.9699590000000002,2,-0.5766444485163619,0.13971556716570113,-0.716360015682063,173
Los Lagos,Chonchi,2014,5,11.8,2.3600000000000003,3.7,0,13.9301624,0.585077385992,-0.40579986,-24.48576472,5,-0.9234403202080423,-0.7670026871331217,-0.15643763307492065,174
Metropolitana,Talagante,2014,8,11.65,1.45625,4.5,0,20.0880475,0.002691289375,-0.5642194675,-0.5199658062499999,7,-1.1717763286330303,0.19810722828286656,-1.369883556915897,175
Los Ríos,Paillaco,2014,17,11.39,0.67,3.5,0,14.467042117647061,0.18357397929564706,-0.4771917545176471,13.72611444117647,17,-1.0353530966515156,0.7718011557035316,-1.8071542523550472,176
Valparaíso,La Cruz,2014,9,11.27,1.2522222222222221,3.9,0,16.756204888888888,0.00271180433,-0.4034628344444444,-1.0739964999999998,5,-0.9197768368349135,0.17579624595729312,-1.0955730827922066,177
Los Ríos,Río Bueno,2014,5,11.2,2.2399999999999998,8.0,0,15.2487056,0.1292362862968,-0.22375679352,-3.4442415999999993,5,-0.6380725604685296,0.0803457643685606,-0.7184183248370901,178
O'Higgins,Chimbarongo,2014,5,11.2,2.2399999999999998,4.5,0,20.664678400000003,0.042141228576800006,-0.5177868,-2.5642781000000006,5,-1.0989892318244825,0.11578215862816968,-1.2147713904526523,178
Biobío,San Ignacio,2014,4,10.92,2.73,7.5,0,15.39934225,0.0508967775,-0.21899032125,9.87978595,3,-0.6306007158119254,0.6169083529164876,-1.2475090687284132,180
Araucanía,Freire,2014,4,10.8,2.7,5.0,0,15.27844325,0.00246474525,-0.8064537025,68.11307074999999,4,-1.5514987883278037,2.9619802101070447,-4.513478998434849,181
Metropolitana,Quilicura,2014,8,10.56,1.32,4.5,0,19.919587374999995,0.0023171306,-0.72242044875,-3.0315857587500004,6,-1.419769622092878,0.09696353895133095,-1.516733161044209,182
Los Lagos,San Juan de la Costa,2014,11,8.839999999999998,0.8036363636363635,4.0,0,13.932821090909094,0.008242204816727272,-0.43908482509090907,4.736444500000001,11,-0.9756172918700976,0.40978444898866606,-1.3854017408587636,183
Metropolitana,Renca,2014,6,8.59,1.4316666666666666,5.0,0,20.729575999999998,0.084266983914,-0.6808436583333334,-2.6421938,6,-1.3545945194768885,0.11264447000334217,-1.4672389894802307,184
Aysén,Lago Verde,2014,3,8.3068,2.7689333333333335,7.72,0,10.402926333333333,0.1818829525,-0.46340497999999997,-28.202623666666668,3,-1.0137411724282606,-0.9166817125034189,-0.09705945992484166,185
Biobío,San Fabián,2014,19,8.259999999999998,0.43473684210526303,2.2,0,16.389010842105264,0.10786764268094735,-0.5413844405263157,-6.337660128421049,17,-1.1359805105495797,-0.03617306820936607,-1.0998074423402135,186
Metropolitana,Pirque,2014,7,7.81,1.1157142857142857,4.8,0,14.267456857142857,0.3732164214285714,-0.9373426214285715,4.023957371428571,6,-1.756678135674585,0.38109237847329347,-2.1377705141478787,187
O'Higgins,Santa Cruz,2014,6,7.8,1.3,4.0,0,19.303,9.344270000000001E-5,-0.34133592333333335,-4.613181183333333,4,-0.822387698176005,0.033272216499060064,-0.8556599146750651,188
Metropolitana,María Pinto,2014,6,7.720000000000001,1.2866666666666668,3.0,0,18.110753083333332,0.03138091345,-0.5029260233333334,-4.423903066666667,5,-1.0756937192441018,0.040894503067669195,-1.1165882223117711,189
O'Higgins,Codegua,2014,5,7.6,1.52,2.5,0,15.037842899999998,0.073443725,-0.9397304425999999,2.8053830399999997,4,-1.7604212454316601,0.3320200244004911,-2.0924412698321513,190
Biobío,Cobquecura,2014,8,7.329999999999999,0.9162499999999999,1.99,0,15.953794125,0.01557893125,-0.0393011625,-6.9772615,6,-0.3489229036685075,-0.061930007414524514,-0.28699289625398294,191
O'Higgins,Peralillo,2014,3,7.1,2.3666666666666667,5.0,0,19.945874,0.0,-0.22178522999999997,2.0783711,2,-0.6349819694574824,0.3027430353693742,-0.9377250048268566,192
Metropolitana,Peñalolén,2014,5,7.02,1.404,5.0,0,15.746552399999999,0.5789362352,-1.2244350800000001,2.9925412000000007,5,-2.2067196194002965,0.33955693967784417,-2.546276559078141,193
O'Higgins,Malloa,2014,7,6.999999999999999,0.9999999999999999,2.1,0,19.980672285714288,0.002061682142857143,-0.3092109192857143,-1.5624373571428578,7,-0.7720290626401715,0.15612658603819907,-0.9281556486783705,194
Valparaíso,El Quisco,2014,19,6.51,0.3426315789473684,1.4,0,14.89396634210526,0.005417748577263157,-0.2900744342105263,-2.582900497368421,15,-0.7420310188761977,0.115032229096767,-0.8570632479729647,195
Maule,Empedrado,2014,11,6.490599999999999,0.5900545454545454,2.55,0,18.506694545454547,8.127906363636364E-6,0.08473656363636364,-2.7289798890909087,9,-0.1544833750715416,0.10914956814744131,-0.2636329432189829,196
Valparaíso,Concón,2014,9,5.92,0.6577777777777778,1.4,0,15.382000333333334,0.010530567864888889,-0.33864623777777786,-2.1252538333333337,6,-0.8181713907041853,0.13346179761675928,-0.9516331883209446,197
Los Ríos,Los Lagos,2014,6,5.799999999999999,0.9666666666666665,2.5,0,17.511122500000003,9.546056216666668E-4,-0.36239560433333334,34.09690833333334,6,-0.8554005126929426,1.5921391398854985,-2.447539652578441,198
Maule,Yerbas Buenas,2014,7,5.279999999999999,0.7542857142857142,2.0,0,18.755839428571427,0.0973990052857143,-0.5138481577142857,1.287336357142857,7,-1.0928150800304999,0.27088782885122403,-1.3637029088817239,199
O'Higgins,Navidad,2014,4,5.2,1.3,4.0,0,15.928797374999998,0.0100203328625,0.3525075925,-9.437557900000002,2,0.26527014868244014,-0.16100688188249626,0.4262770305649364,200
Biobío,Hualpén,2014,6,5.1899999999999995,0.8649999999999999,3.0,0,15.800691999999998,7.450580666666667E-6,0.022226966666666653,-8.429114299999998,4,-0.25247240587828235,-0.1203965554335246,-0.13207585044475775,201
Metropolitana,Las Condes,2014,2,5.1,2.55,4.5,0,15.3703615,0.28077885,-1.190342,-1.2320595,2,-2.153275859907875,0.16943100150583962,-2.3227068614137147,202
Los Lagos,Castro,2014,4,4.9,1.225,2.0,0,15.2651615,0.00237813225,-0.086974384,-12.872692975,4,-0.42365467281564617,-0.29934080238341687,-0.1243138704322293,203
Metropolitana,La Florida,2014,11,4.85,0.44090909090909086,2.0,0,15.720887727272727,0.17347627122581818,-0.9149884261818181,6.925281527272728,9,-1.7216360616110473,0.49792957304036495,-2.219565634651412,204
Los Ríos,Mariquina,2014,11,4.82,0.43818181818181823,1.5,0,16.85122745454545,0.004129822993454545,-0.23682524909090913,20.094313181818187,11,-0.6585584595562348,1.0282504303574531,-1.686808889913688,205
Metropolitana,Buin,2014,10,4.48,0.44800000000000006,2.5,0,19.050516100000003,0.0805620111242,-0.4440098840000001,-1.579990076,6,-0.9833377343711409,0.15541973278150173,-1.1387574671526426,206
O'Higgins,Litueche,2014,6,4.21,0.7016666666666667,2.5,0,17.585937,0.0027475568766666663,-0.4409349716666666,2.65915685,5,-0.9785175516477569,0.3261314518404696,-1.3046490034882265,207
O'Higgins,Placilla,2014,2,4.1,2.05,3.5,0,19.975576500000003,0.005396083,-0.88102915,7.8119405,2,-1.6684020508147863,0.5336355959962985,-2.202037646811085,208
Biobío,Portezuelo,2014,5,3.9499999999999997,0.7899999999999999,3.0,0,17.7165946,8.9406968E-6,-0.5481445220000001,-1.5329191999999998,5,-1.146577504673571,0.15731529108600095,-1.3038927957595718,209
Los Ríos,Panguipulli,2014,4,3.78,0.945,2.5,0,16.9627385,0.065166969621,-1.0137531675,51.822642175,4,-1.8764580689315982,2.3059597619387944,-4.182417830870392,210
Valparaíso,Llay-Llay,2014,3,3.7,1.2333333333333334,2.0,0,16.741809999999997,0.0021973003333333333,-0.36204781666666674,-14.926787133333335,2,-0.8548553263849952,-0.3820597906608397,-0.47279553572415545,211
Valparaíso,Cabildo,2014,2,3.6,1.8,2.0,0,20.419215,0.002087094,-0.21278095000000002,-2.54501935,2,-0.6208670061064909,0.11655771427104267,-0.7374247203775336,212
Coquimbo,Vicuña,2014,6,3.329999999999999,0.5549999999999998,1.5,0,16.172689666666667,0.21317167233333334,-0.5710334833333334,0.057338566666666736,6,-1.1824578693848258,0.2213554486539063,-1.403813318038732,213
Los Lagos,Maullín,2014,2,3.3,1.65,3.0,0,16.468227,0.005191192,-0.177778245,-4.6603127,2,-0.5659973332108718,0.03137421617671334,-0.5973715493875851,214
O'Higgins,Pichilemu,2014,4,3.2,0.8,1.5,0,15.42245175,0.0,0.08348917499999997,-9.954115999999999,1,-0.15643876127529321,-0.18180883161063213,0.025370070335338918,215
Valparaíso,Catemu,2014,2,3.04,1.52,2.0,0,16.7785865,2.92435291E-4,0.2058296500000001,-3.4725825000000006,1,0.03534018395607321,0.07920446781924669,-0.043864283863173474,216
Los Lagos,Quemchi,2014,1,3.0,3.0,3.0,0,16.47151,5.159527E-4,-0.13938904,8.602806,1,-0.5058190378170482,0.5654839870537944,-1.0713030248708426,217
Araucanía,Curacautín,2014,2,3.0,1.5,2.5,0,12.609005,0.2635941,-0.7796492349999999,77.33297999999999,2,-1.509480539627703,3.3332687228928783,-4.842749262520581,217
Araucanía,Saavedra,2014,2,2.8099999999999996,1.4049999999999998,2.8,0,13.115301500000001,0.142633916742,0.13129234,6.6196185,1,-0.08150329480419302,0.4856204311895699,-0.5671237259937629,219
Metropolitana,Providencia,2014,6,2.7600000000000002,0.46,1.0,0,16.720389666666666,0.10055552166666666,-0.4396658,2.7184104166666656,4,-0.976528018718848,0.3285176107546609,-1.3050456294735089,220
Araucanía,Gorbea,2014,4,2.5199999999999996,0.6299999999999999,1.5,0,15.646298999999999,5.8673325E-4,-0.35212183250000006,-5.477198125000001,4,-0.839295514524966,-0.0015220050702229035,-0.837773509454743,221
Valparaíso,Los Andes,2014,3,2.5,0.8333333333333334,1.0,0,3.4387154333333334,0.0559740367,-0.7417434133333334,10.963662333333334,1,-1.4500599881106226,0.6605563801908907,-2.110616368301513,222
Araucanía,Cunco,2014,1,2.5,2.5,2.5,0,13.814796,0.0067204237,-0.60723305,-36.00364,1,-1.2392037232256408,-1.2308309816647536,-0.008372741560887187,222
Araucanía,Villarrica,2014,2,2.4,1.2,2.1,0,18.8181255,0.0,-0.32111168,113.97415,2,-0.7906845022012539,4.808819636372087,-5.599504138573341,224
Los Ríos,Futrono,2014,1,2.4,2.4,2.4,0,12.156025,0.0077281147,-1.1997747,78.91658,1,-2.1680624075053396,3.397040770198837,-5.565103177704177,224
O'Higgins,Coinco,2014,2,2.1,1.05,2.0,0,20.816464500000002,2.2351742E-5,0.018068314,-12.975791,2,-0.2589914423786469,-0.3034925907942851,0.04450114841563818,226
Metropolitana,Tiltil,2014,1,2.1,2.1,2.1,0,21.946756,0.0,0.34506798,-6.4209805,1,0.25360793273812493,-0.03952840458085058,0.2931363373189755,226
Aysén,Aisén,2014,2,2.03,1.015,2.0,0,10.83369475,1.707358324965,-0.376429558,-38.745915,2,-0.8773999109429428,-1.3412632189885398,0.46386330804559706,228
Metropolitana,Calera de Tango,2014,1,2.0,2.0,2.0,0,17.707926,0.0,-0.9310169,-1.4265304,1,-1.7467620373154862,0.1615995999938212,-1.9083616373093073,229
Metropolitana,La Reina,2014,2,1.9,0.95,1.2,0,15.795262000000001,0.055987388,-1.190342,-1.2320595,2,-2.153275859907875,0.16943100150583962,-2.3227068614137147,230
Coquimbo,Coquimbo,2014,3,1.9,0.6333333333333333,1.0,0,17.244763333333335,0.010043382533333332,-0.65775744,0.04132679946666667,3,-1.3184049378903555,0.22071064998294748,-1.539115587873303,230
Metropolitana,El Monte,2014,3,1.9,0.6333333333333333,1.0,0,19.737514666666666,0.0,-0.32826296,-0.7744210333333332,2,-0.8018947327930033,0.18786023991534523,-0.9897549727083486,230
Biobío,Quilleco,2014,13,1.7670000000000001,0.13592307692307692,1.2,0,16.052048769230773,0.33641950322830766,-0.4023763993846154,9.446312784615383,12,-0.918073758848365,0.5994522584426486,-1.5175260172910137,233
Araucanía,Lonquimay,2014,6,1.4800000000000002,0.2466666666666667,0.8,0,10.315803416666666,0.08945508,-1.2238670616666667,16.329189500000002,4,-2.2058292030696522,0.8766277696162971,-3.082456972685949,234
Los Lagos,Fresia,2014,2,1.1,0.55,1.0,0,15.360700000000001,0.10185782,-0.38220452,2.7345407999999995,2,-0.8864526477507019,0.32916718613291085,-1.2156198338836126,235
Magallanes,Timaukel,2014,2,1.01,0.505,1.0,0,8.7303955,1.532899235,-0.519751065,-7.4222185,2,-1.102068381793901,-0.07984855935511397,-1.022219822438787,236
O'Higgins,Quinta de Tilcoco,2014,1,1.0,1.0,1.0,0,20.527359,0.1902394,-0.83550453,6.795719,1,-1.5970383945460103,0.4927120511798471,-2.0897504457258576,237
Araucanía,Melipeuco,2014,1,1.0,1.0,1.0,0,13.561531,0.0,-1.6839561,8.936317,1,-2.9270573206168526,0.5789145751246821,-3.505971895741535,237
O'Higgins,Doñihue,2014,1,1.0,1.0,1.0,0,19.303408,0.0,0.018068314,-12.975791,1,-0.2589914423786469,-0.3034925907942851,0.04450114841563818,237
Metropolitana,Isla de Maipo,2014,1,1.0,1.0,1.0,0,19.702614,0.0,-0.7573719,-3.0397322,1,-1.4745589504409207,0.0966354793170987,-1.5711944297580194,237
Araucanía,Pucón,2014,1,0.8999999999999999,0.8999999999999999,0.8999999999999999,0,12.913825,0.007832423,-0.43740273,140.69427,1,-0.9729804668756435,5.884846888620694,-6.857827355496338,241
Maule,Vichuquén,2014,9,0.81,0.09000000000000001,0.28,0,18.450962222222223,9.540882222222222E-5,0.07993115333333334,0.9431113055555554,9,-0.16201625835746225,0.2570257827071715,-0.4190420410646338,242
O'Higgins,San Vicente,2014,2,0.6,0.3,0.5,0,18.534331,2.2351742E-5,-0.39158344500000003,-3.2110861999999996,2,-0.9011548985299643,0.08973500230644878,-0.9908899008364132,243
Los Lagos,Puerto Octay,2014,1,0.5,0.5,0.5,0,14.6434555,0.013662502,-1.2376499,87.989685,1,-2.2274349569941907,3.762417431774949,-5.9898523887691395,244
Biobío,Treguaco,2014,2,0.44,0.22,0.4,0,14.383962499999999,0.0471118835,-0.2257619,-7.00019755,1,-0.6412157328798757,-0.06285364903211219,-0.5783620838477634,245
Los Lagos,Calbuco,2014,1,0.3,0.3,0.3,0,15.683888,0.0,-0.22272205,1.1617737,1,-0.6364505133017959,0.2658313829613679,-0.9022818962631638,246
O'Higgins,Graneros,2014,1,0.3,0.3,0.3,0,18.009142,0.0,-0.25115776,2.7846909,0,-0.6810258712992617,0.33118674571209666,-1.0122126170113583,246
O'Higgins,Chépica,2014,1,0.3,0.3,0.3,0,17.943705,0.0015869737,0.09171486,-5.592696,1,-0.14354431082375232,-0.006173139162315382,-0.13737117166143695,246
Metropolitana,Lo Barnechea,2014,5,0.15,0.03,0.1,0,14.3773529,0.65657796,-0.29441414000000005,-3.4241554200000004,3,-0.748833871316649,0.08115464086588059,-0.8299885121825297,249
Metropolitana,Recoleta,2014,2,0.11,0.055,0.1,0,14.142892,0.350627125,-0.49941635,-1.1205597,0,-1.0701920122254451,0.17392113191768915,-1.2441131441431343,250
Valparaíso,Rinconada,2014,1,0.1,0.1,0.1,0,15.18554,0.0,-0.77514267,-3.9368901,1,-1.502416121393945,0.060506661408716175,-1.5629227828026613,251
Magallanes,Punta Arenas,2014,7,0.063,0.009,0.01,0,8.1331095,4.350708636571428,-0.577548702857143,29.636493071428568,6,-1.192671021885885,1.4125168785275726,-2.6051879004134575,252
Coquimbo,Combarbalá,2014,1,0.01,0.01,0.01,0,18.876444,0.0,-1.0514851,-0.44785085,1,-1.935606034610096,0.2010113192158308,-2.136617353825927,253
Magallanes,Natales,2014,1,0.01,0.01,0.01,0,8.7147,3.9574163,-0.5144787,23.704514,1,-1.0938035078952606,1.173634300881008,-2.2674378087762683,253
Maule,San Javier,2015,49,15175.085000000005,309.69561224489803,13833.0,2,19.506196785714288,3.08058709877551E-4,0.37991386905102054,-6.854624983673469,40,0.30823178349441743,-0.05699139809360161,0.36522318158801903,1
Araucanía,Collipulli,2015,285,10956.962100000006,38.4454810526316,6041.3,8,16.94544610175439,0.19336531230348075,0.6444038032701749,-33.06408007368417,264,0.7228419164766775,-1.112454021144601,1.8352959376212785,2
Araucanía,Melipeuco,2015,6,6601.78,1100.2966666666666,6599.3,1,12.079424416666667,1.6044099,0.9575158753333333,-52.865823999999996,5,1.213671324483145,-1.9098761924059637,3.1235475168891087,3
Biobío,Tirúa,2015,119,6112.890000000002,51.368823529411785,2826.0,7,14.411476928571437,0.042546774365596625,0.1940084326386553,-22.553750589915985,109,0.016809435265507666,-0.6891998982347266,0.7060093335002343,4
Araucanía,Ercilla,2015,146,5925.025000000002,40.58236301369865,1000.0,7,17.24058411986301,0.051906989158068496,0.5590662192123288,-29.502611178082198,140,0.5890681031969205,-0.9690325997698667,1.558100702966787,5
Araucanía,Traiguén,2015,52,4805.75,92.41826923076923,2347.16,5,16.694078990384615,0.016004864516461537,0.4819537917115388,-25.880496307692304,51,0.46818791199011256,-0.8231689467879768,1.2913568587780895,6
Biobío,Pinto,2015,10,4617.900000000001,461.7900000000001,4517.0,1,15.5713357,0.2149213255484,0.818199402,-36.2028062,8,0.9952810794786164,-1.238851464317032,2.2341325437956483,7
Biobío,Mulchén,2015,115,3876.0299999999997,33.70460869565217,577.0,6,17.865539965217394,0.31253384583074784,0.4996223017886952,-27.17000576956525,104,0.49588478194592095,-0.8750978798544348,1.3709826618003558,8
Araucanía,Galvarino,2015,124,3681.0499999999993,29.685887096774188,847.0,5,15.552272830645167,0.11396031461530647,0.23167691891935482,-23.288019117741936,115,0.07585794367921739,-0.7187691122356064,0.7946270559148237,9
Maule,Cauquenes,2015,60,3400.4516,56.67419333333333,2378.0,2,17.516275933333336,0.0038129898513666665,0.48538155561666657,-6.987343666333332,48,0.47356121911702664,-0.06233601927885627,0.5358972383958829,10
Araucanía,Victoria,2015,158,2778.854999999999,17.587689873417716,444.0,3,16.83350442088608,0.23562005430962024,0.5610286569303795,-36.48964377848101,154,0.5921443887487791,-1.2504024996946639,1.8425468884434428,11
Araucanía,Lumaco,2015,109,2751.5900000000006,25.243944954128445,520.0,4,15.319606977064218,0.19559241866280733,0.2825125552752296,-23.525852063577982,106,0.1555470630854888,-0.7283467163482433,0.8838937794337322,12
Biobío,Tucapel,2015,52,2477.3034000000007,47.640450000000016,2370.0,1,18.073887730769236,0.043594316983269224,0.6856784652692305,-34.62847709615385,48,0.7875434074833131,-1.1754527587817807,1.9629961662650937,13
Biobío,Arauco,2015,76,2437.7438999999995,32.07557763157894,1253.4420000000002,3,16.01024149736842,0.04520195485905263,0.40608191171052627,-15.311500135526313,62,0.3492523829322519,-0.39755229872794506,0.746804681660197,14
Biobío,Chillán Viejo,2015,30,2340.7899999999995,78.02633333333331,1950.0,2,19.0332501,0.010811413241266665,0.47186161383333325,-17.916946900000006,28,0.45236757756220075,-0.5024744219390928,0.9548419995012936,15
O'Higgins,Peralillo,2015,5,2185.1,437.02,2162.0,1,21.030042199999997,0.0014360994168,0.6541393200000001,-4.1529121799999995,5,0.7381031546705639,0.0518073874096687,0.6862957672608951,16
O'Higgins,La Estrella,2015,17,2120.0,124.70588235294117,1398.0,2,19.336455764705885,6.48748350117647E-4,0.6456337505882354,-7.5676008058823525,15,0.7247699619526149,-0.0857031484484322,0.8104731104010471,17
Biobío,Santa Bárbara,2015,30,1947.3324,64.91108,1636.0,1,16.0924781,0.1443340749212,0.5993446332,-45.07420683333334,29,0.6522078919720408,-1.596105430507387,2.2483133224794276,18
Los Lagos,Palena,2015,15,1825.762,121.71746666666667,1061.0,2,12.97809146,0.33462706418666666,0.6116166433333333,-81.0572404,12,0.6714452961037422,-3.0451529922814253,3.7165982883851676,19
Maule,Licantén,2015,14,1603.5749999999998,114.54107142857141,1595.0,1,18.964241571428573,0.002324714214285715,0.1384115245714286,-4.431247164285714,14,-0.07034337648594231,0.040598754052272985,-0.1109421305382153,20
O'Higgins,Rengo,2015,11,1595.7,145.06363636363636,982.0,2,15.105325309090908,7.63853834909091E-4,0.5350949572727273,3.519946025454547,7,0.5514911416014913,0.36079569029560005,0.19069545130589122,21
Biobío,Cañete,2015,157,1549.1384999999987,9.867124203821648,291.14,1,15.168980143312105,0.1918873408126497,0.33544151507961795,-22.410180878980906,149,0.23851764239277834,-0.6834183028839722,0.9219359452767506,22
Araucanía,Purén,2015,35,1419.92,40.56914285714286,898.07,2,15.403782054285713,0.13975956790982857,0.23449063639999998,-14.8145103,30,0.0802686815860073,-0.377538368883436,0.4578070504694433,23
Biobío,Coronel,2015,84,1321.4738999999995,15.731832142857137,555.75,2,16.485234357142854,0.010908166140857142,0.36008137414285735,-12.25955255392857,74,0.2771426859999539,-0.27464945359725706,0.551792139597211,24
O'Higgins,Las Cabras,2015,11,1216.0,110.54545454545455,560.0,3,21.711400636363635,8.127906181818182E-6,0.48237124272727266,-2.5444334090909098,11,0.4688423014346787,0.11658131028731761,0.3522609911473611,25
Biobío,Alto Biobío,2015,20,1203.8799999999999,60.193999999999996,480.0,2,13.145854559999998,0.08983151146840002,1.1360477135,-42.306912550000014,17,1.4935349396425623,-1.4846656591344127,2.978200598776975,26
Araucanía,Angol,2015,57,1145.4999999999998,20.09649122807017,740.0,1,16.562689000000002,0.0902483402728772,0.6122113920175437,-21.714967056140345,52,0.6723776144990697,-0.6554218335748382,1.327799448073908,27
Biobío,Los Angeles,2015,185,1130.9194999999993,6.113078378378375,250.5,1,18.254125289189187,0.22933590555046487,0.6381150586654052,-22.80247636918917,162,0.7129837823871035,-0.6992161600192813,1.4121999424063847,28
Los Lagos,Puerto Montt,2015,143,1108.0399999999997,7.748531468531467,332.1,1,14.76730686713287,1.0972766236006712,0.4446354904265738,-66.90814184755244,136,0.40968834789853187,-2.4753645468259076,2.8850528947244394,29
Biobío,Chillán,2015,99,1091.6649999999997,11.02691919191919,374.4,3,18.758572055555554,0.09281347742953537,0.5665671411919196,-19.89918885858584,87,0.6008264268874955,-0.5822999005667715,1.183126327454267,30
Araucanía,Padre Las Casas,2015,48,1010.9200000000001,21.060833333333335,608.64,2,16.84723223958333,0.055236528525958346,0.5986090769791667,-33.79157202083336,46,0.651054845965069,-1.1417503402076865,1.7928051861727554,31
Metropolitana,Lampa,2015,27,820.0,30.37037037037037,514.0,1,20.14811848148148,0.27844813312533334,-0.019126670503703664,3.6792960518518503,21,-0.3172976970831288,0.3672127636863645,-0.6845104607694934,32
Araucanía,Perquenco,2015,14,791.98,56.57,719.53,1,16.53866621428572,0.08117643664057142,0.797250407857143,-39.95095257142857,14,0.9624417758844853,-1.389790443673183,2.3522322195576684,33
Metropolitana,Melipilla,2015,72,791.72,10.996111111111112,245.0,3,18.730812458333332,0.009134424784027779,0.5297356498888888,-3.726736340694446,59,0.5430899782314519,0.06896961637206478,0.4741203618593871,34
O'Higgins,Litueche,2015,17,731.3199999999999,43.01882352941176,538.0,1,17.31191394117647,0.015393009310823531,0.12304698823529411,-9.530271264705885,13,-0.09442857455725005,-0.16474047690644053,0.07031190234919048,35
Valparaíso,Casablanca,2015,16,698.0699999999999,43.629374999999996,505.0,1,16.577423375000002,0.17039081451674998,0.36378037693750004,-15.555526504374997,12,0.2829411828127581,-0.40737931384421167,0.6903204966569698,36
Metropolitana,San Pedro,2015,23,652.28,28.36,570.0,1,19.673159000000002,0.010800223867478262,0.5053947286956522,-1.9767406495652176,23,0.5049335447829245,0.1394424681022473,0.3654910766806772,37
Valparaíso,Valparaíso,2015,139,650.0399999999987,4.676546762589918,565.0,1,14.868185780575528,0.08090678631031653,0.4395400985395688,-21.85675875755395,70,0.4017008941827418,-0.6611318279485063,1.0628327221312481,38
Araucanía,Curacautín,2015,7,642.85,91.83571428571429,627.91,1,14.362198285714287,0.8047734869142857,0.8775511842857143,-56.133633999999994,6,1.088319971181105,-2.041471881915237,3.129791853096342,39
Metropolitana,Paine,2015,12,620.2,51.68333333333334,606.0,1,18.485966583333333,0.11966524426533333,0.44042122999999994,0.48541459999999975,7,0.4030821415752474,0.23859419900013037,0.16448794257511704,40
Biobío,Hualqui,2015,60,604.8799999999999,10.081333333333331,270.0,1,17.967939141666665,0.1409081992551,0.6034732424666667,-16.114931810500003,54,0.6586798329256278,-0.4299067334232771,1.088586566348905,41
Maule,Curepto,2015,14,541.6,38.68571428571429,450.0,1,17.4749465,0.30669436077914286,0.36021586242857145,-5.49589569,11,0.27735350765632094,-0.0022749616247102655,0.2796284692810312,42
Araucanía,Los Sauces,2015,60,504.8430000000001,8.414050000000001,71.51,0,16.440241274999998,0.24750454433619998,0.41289300139999996,-21.95880506333332,58,0.3599293367083714,-0.6652412633106938,1.0251706000190652,43
Biobío,Coihueco,2015,79,501.2745000000001,6.34524683544304,301.6,1,17.323229253164556,0.061883225946278486,0.7793698865822788,-27.45974591139239,69,0.9344125606122671,-0.8867658023291983,1.8211783629414655,44
Maule,Maule,2015,58,448.0400000000001,7.724827586206898,344.0,1,19.35177894827586,0.016693074108896554,0.49075540181034516,-6.549296813793104,47,0.4819851732896688,-0.044695741050502065,0.5266809143401708,45
Maule,Hualañé,2015,19,439.57000000000005,23.13526315789474,237.5,1,19.393690000000003,0.045584405470631584,0.6324719848421052,-5.915728706315789,15,0.7041377913469739,-0.019181763201556564,0.7233195545485304,46
Araucanía,Temuco,2015,57,430.57,7.553859649122807,164.0,0,16.800946999999994,0.23920832930585967,0.4520079329649121,-32.00179364912282,55,0.4212452692999027,-1.069675427990014,1.4909206972899167,47
Maule,Curicó,2015,27,426.09000000000003,15.781111111111112,395.0,1,19.323081666666667,0.011585100972888888,0.7577018522222224,-16.880847037037043,21,0.9004461012307042,-0.46075036947977766,1.3611964707104818,48
Biobío,Santa Juana,2015,47,407.282,8.665574468085106,250.0,1,18.21266220212766,0.0014083578688510639,0.7063163880851064,-19.10307407872341,45,0.8198950807083438,-0.5502401194336825,1.3701352001420264,49
Valparaíso,San Antonio,2015,91,400.31,4.399010989010989,87.0,0,16.832336175824175,0.033876019826175816,0.18157688022197804,-6.531934826923078,79,-0.0026780647630708304,-0.043996568628172736,0.041318503865101906,50
Araucanía,Lautaro,2015,31,387.41999999999996,12.497419354838708,205.0,1,16.329833612903226,0.19187429227006453,0.8158986457741938,-37.867417967741936,30,0.9916744513188058,-1.3058858798250483,2.2975603311438544,51
O'Higgins,San Fernando,2015,19,374.20000000000005,19.694736842105264,219.0,1,16.183878,0.11876807650357893,0.6933182331578946,-21.239444210526315,12,0.7995193837699874,-0.6362723858572567,1.4357917696272442,52
O'Higgins,Mostazal,2015,10,359.7,35.97,300.0,1,21.7282399,0.0012336298484,0.49533214500000017,-7.526547550000001,10,0.4891596017158039,-0.08404992151221538,0.5732095232280193,53
Metropolitana,Alhué,2015,15,337.51000000000005,22.50066666666667,220.0,1,20.155601866666668,7.309019462666666E-4,0.9822901846666666,-22.458016488666665,11,1.2525071301540178,-0.6853446572435261,1.9378517873975438,54
Los Lagos,Dalcahue,2015,35,336.65999999999997,9.618857142857141,233.0,1,15.176822771428576,0.48248554649714287,0.6439421331428571,-46.32093774285713,34,0.7221182098696708,-1.6463116584310749,2.368429868300746,55
Araucanía,Nueva Imperial,2015,19,327.14,17.217894736842105,250.0,1,16.52527494736842,0.047181095726315785,-0.0483448674736842,-25.24544181052632,19,-0.3630996689690903,-0.7975951115801396,0.43449544261104933,56
O'Higgins,Pichidegua,2015,13,323.5,24.884615384615383,225.0,1,19.651327538461537,0.02631187005153846,0.6953945223076923,-9.217835050769231,10,0.8027741409804978,-0.15215857679576683,0.9549327177762647,57
Maule,Pelarco,2015,16,315.6925,19.73078125,280.0,1,19.8685968125,1.1175871125E-5,0.57929956875,-13.2400430625,14,0.6207855739099624,-0.31413410066448416,0.9349196745744466,58
Biobío,Contulmo,2015,29,299.1329999999999,10.314931034482756,103.5,0,14.800415793103445,0.11661022866855174,-0.005530917586206891,-22.762123344827586,28,-0.2959852152234352,-0.6975911316165753,0.4016059163931401,59
Los Lagos,Castro,2015,27,294.0,10.88888888888889,230.0,1,15.759172074074073,0.15643242395296297,0.49453980740740733,-44.29648478518519,25,0.48791754615099914,-1.564786330200876,2.0527038763518752,60
Los Lagos,San Pablo,2015,10,292.15000000000003,29.215000000000003,278.0,1,15.691639349999997,0.11097684832000002,0.7978695789000001,-40.693850299999994,10,0.9634123783732933,-1.4197071581780742,2.3831195365513675,61
Biobío,Laja,2015,56,269.285,4.808660714285715,55.0,0,18.853202732142865,0.008405119840392857,0.3841787551785715,-12.63444452678573,50,0.3149173498458118,-0.2897464658652989,0.6046638157111107,62
Araucanía,Carahue,2015,44,257.99999999999994,5.863636363636362,92.68,0,13.8314615,0.11323670763904546,-0.04882674325681819,-23.599255383181813,41,-0.36385504963458115,-0.7313026900601591,0.367447640425578,63
Biobío,Lebu,2015,152,255.46450000000004,1.6806875000000003,70.0,0,14.683340921052649,0.12206655040064478,0.21547094974999978,-20.262781680921048,138,0.0504537291398268,-0.5969418926519369,0.6473956217917637,64
Biobío,Florida,2015,47,234.10400000000004,4.980936170212767,80.0,0,18.253591031914898,0.13720913731038298,0.6305663955319147,-12.600392255319145,40,0.701150620437653,-0.2883751706727993,0.9895257911104522,65
O'Higgins,Machalí,2015,14,230.77999999999997,16.48428571428571,168.0,0,13.272308344285715,0.2481279883917143,0.6917630142857144,-27.17509677428572,10,0.7970814478791007,-0.875302896142556,1.6723843440216566,66
Los Lagos,San Juan de la Costa,2015,24,227.10000000000005,9.462500000000002,162.0,0,14.95156966666667,0.05442644416883335,0.5784345497041665,-46.39724016666667,23,0.6194295840773663,-1.6493843799394994,2.2688139640168656,67
Biobío,Quillón,2015,93,224.81630000000004,2.4173795698924736,32.0,0,18.176390376344088,0.044445210980301075,0.8728020994946231,-17.547953143010762,75,1.0808753828545528,-0.4876149325943583,1.5684903154489112,68
Araucanía,Cholchol,2015,28,224.73,8.026071428571429,161.07999999999998,0,15.700262499999997,0.31223446432578567,0.17183691357142855,-17.16716162142857,26,-0.01794627858054264,-0.472280343728453,0.45433406514791036,69
Los Lagos,Maullín,2015,12,222.64999999999998,18.554166666666664,180.14,0,14.795199291666664,0.006618133186333333,0.054581402333333355,-43.97633383333332,11,-0.20175411705596547,-1.5518937552788343,1.3501396382228688,70
Biobío,Quirihue,2015,18,222.22000000000003,12.345555555555556,169.9,0,16.483028111111107,0.8941090899982225,0.7248657077777778,-8.467410977777778,15,0.8489726935377849,-0.12193877414210354,0.9709114676798885,71
Biobío,Lota,2015,101,221.44769999999977,2.1925514851485124,201.521,1,15.17873482673268,0.5267187437857823,0.3186742254752477,-9.28546188019801,74,0.21223351103956123,-0.15488192951456203,0.36711544055412326,72
O'Higgins,Santa Cruz,2015,12,219.60000000000002,18.3,90.0,0,19.46785025,0.048634417827999994,1.1210873075,-13.2716446,9,1.4700832497344352,-0.3154067040645795,1.7854899537990145,73
Araucanía,Pitrufquén,2015,9,194.5,21.61111111111111,136.0,0,18.133191888888888,3.259628982222222E-4,0.7707078866666667,-41.357972333333336,9,0.9208341499725318,-1.4464515517917795,2.3672857017643114,74
Maule,Colbún,2015,14,179.055,12.789642857142857,160.0,0,17.314551607142857,0.32914656731314285,0.6806588176428571,-31.60383692857143,11,0.7796746892425264,-1.0536495914096102,1.8333242806521366,75
O'Higgins,Lolol,2015,5,175.75,35.15,123.0,0,18.4141286,1.0952354000000001E-4,0.518112946,-7.05820054,4,0.5248704160420163,-0.06518944684858542,0.5900598628906017,76
Los Ríos,La Unión,2015,18,171.40000000000003,9.522222222222224,80.0,0,16.26117336111111,0.20906796428155555,0.7951195079444443,-43.72984655555556,18,0.9591014117273988,-1.54196763862137,2.501069050348769,77
Maule,Talca,2015,77,167.77999999999992,2.1789610389610377,100.0,0,19.4835315064935,0.016675294270415586,0.5994052570779228,-7.48694589350649,67,0.6523029249802409,-0.08245515091907411,0.734758075899315,78
O'Higgins,Codegua,2015,9,163.20000000000002,18.133333333333336,115.8,0,17.640855611111114,0.02156777468888889,0.3293749511111111,-16.94084597777778,8,0.22900779506662683,-0.4631665448316504,0.6921743398982771,79
Los Ríos,Los Lagos,2015,20,157.23499999999999,7.861749999999999,74.0,0,15.828462475,0.0146172940258,0.6902072310999999,-46.92019434999999,19,0.7946426273794663,-1.6704439018632058,2.4650865292426722,80
Maule,Parral,2015,32,156.76999999999995,4.8990624999999985,41.5,0,18.020063062499997,0.0584300737423125,0.6767669245624998,-22.580353546874996,25,0.7735738207449651,-0.6902712072961489,1.463845028041114,81
Biobío,Pemuco,2015,27,149.459,5.5355185185185185,35.8,0,19.042248999999998,0.04583100315222222,0.509942581111111,-24.748245481481483,24,0.5120626844998057,-0.777572866179662,1.289635550679468,82
Los Lagos,Osorno,2015,30,144.7,4.823333333333333,68.3,0,16.678155483333335,0.04375831402786668,0.7739409972999999,-43.053268433333336,30,0.9259023217862913,-1.5147216345695058,2.440623956355797,83
Araucanía,Renaico,2015,19,143.06999999999996,7.5299999999999985,106.0,0,18.38028773684211,0.05545477417368421,0.4944496677894738,-22.3413847736842,19,0.4877762447472662,-0.680647863075026,1.1684241078222923,84
Araucanía,Cunco,2015,10,137.17,13.716999999999999,113.0,0,17.44144875,0.0197362159584,0.6899620076999999,-49.85404870000001,9,0.7942582191531776,-1.7885910971126338,2.5828493162658113,85
Araucanía,Vilcún,2015,10,132.74,13.274000000000001,62.32,0,17.1205457,0.2356513288844,0.9337156337,-50.904285900000005,10,1.176362451547248,-1.8308844643776485,3.0072469159248962,86
Araucanía,Toltén,2015,4,131.371,32.84275,80.0,0,15.36724725,8.90344375E-4,0.64659761625,-39.4800195,3,0.7262809021378476,-1.370825827539637,2.097106729677485,87
Araucanía,Lonquimay,2015,5,130.9,26.18,70.0,0,12.789026799999998,0.587767774,1.3667663659999998,-34.0395868,5,1.8552057589004742,-1.1517379698045496,3.006943728705024,88
Maule,San Clemente,2015,29,130.05,4.48448275862069,28.0,0,18.276176296551725,0.11545702377655175,0.4699806044827586,-8.782022931034483,25,0.4494189377990843,-0.13460829192822796,0.5840272297273122,89
O'Higgins,San Vicente,2015,11,124.1,11.281818181818181,85.0,0,19.994056,0.11391937678818181,0.4952350876363635,-10.818420099999997,9,0.48900745616605695,-0.2166146171321868,0.7056220732982438,90
O'Higgins,Pichilemu,2015,10,122.43999999999998,12.243999999999998,70.0,0,16.5758489,0.0017018989084,0.2506474480000001,-7.442591700000001,8,0.10559583751661758,-0.08066899423398101,0.1862648317505986,91
Araucanía,Freire,2015,14,121.97,8.712142857142856,73.0,0,16.0497035,0.013098387070285714,0.6181909665,-32.47542435714286,14,0.6817510985171583,-1.0887486787587743,1.7704997772759326,92
Metropolitana,Curacaví,2015,40,120.68000000000002,3.0170000000000003,85.4,0,19.477524699999996,0.2597152906363,0.19861602299999997,2.804477059499999,35,0.02403221921789048,0.33198354029383265,-0.30795132107594214,93
O'Higgins,Marchigue,2015,10,119.89999999999999,11.989999999999998,44.0,0,19.907506700000003,4.5448541539999996E-4,0.40732669699999996,-3.58143487,10,0.3512036881716242,0.07482095020810392,0.27638273796352025,94
Valparaíso,Quintero,2015,8,118.36,14.795,110.0,0,16.402535875,0.01192849615,0.4424288210000001,6.02645507,6,0.40622920867986684,0.4617335618298044,-0.05550435314993757,95
Los Ríos,Río Bueno,2015,15,117.19999999999999,7.813333333333333,50.0,0,17.295941533333334,0.38494261243226663,0.871836164,-53.46177806666665,15,1.0793611980328874,-1.9338754415418846,3.013236639574772,96
Biobío,Los Alamos,2015,213,114.94610000000003,0.5396530516431927,39.09,0,14.82481145070423,0.05991748113880754,0.23471170386619722,-20.256259065727743,199,0.08061522336208164,-0.5966792249803873,0.6772944483424689,97
Biobío,San Carlos,2015,44,114.61949999999999,2.604988636363636,16.799999999999997,0,19.188024886363632,0.013615343550090909,0.5948970134090906,-22.363251618181813,39,0.6452358752924362,-0.6815284474661183,1.3267643227585544,98
Biobío,Ránquil,2015,19,113.474,5.972315789473685,90.0,0,19.206254894736848,0.008055156023789473,0.6790690689473685,-14.65152278947368,17,0.7771826249604175,-0.37097481291503176,1.148157437875449,99
Biobío,Tomé,2015,303,113.09840000000008,0.3732620462046207,16.4,0,16.848333072607264,0.13180879898269313,0.6412310964257422,-10.900689416831694,224,0.7178684326631346,-0.21992762721353304,0.9377960598766677,100
Biobío,San Nicolás,2015,14,112.10000000000001,8.007142857142858,80.0,0,17.91735757142857,0.0339870215,0.7509980735714283,-18.07894142857143,9,0.8899373664990967,-0.508997990226137,1.3989353567252336,101
Biobío,Yumbel,2015,50,112.08000000000004,2.241600000000001,32.0,0,18.464378999999994,0.023882016465680004,0.5811759371800003,-16.230146620000006,42,0.6237269386412247,-0.43454646838272476,1.0582734070239495,102
Biobío,Yungay,2015,28,109.72500000000002,3.9187500000000006,20.0,0,17.42670096428572,0.1297353654815714,0.7371831985714287,-33.959145321428565,22,0.8682813924152697,-1.1484985673185562,2.016779959733826,103
Valparaíso,La Ligua,2015,18,108.03999999999999,6.002222222222222,64.3,0,17.222113611111112,0.020175494011111114,0.5811627096666666,-12.424342333333335,13,0.6237062034057669,-0.28128558747433413,0.9049917908801011,104
O'Higgins,Navidad,2015,1,104.0,104.0,104.0,0,18.736258,0.0,1.1244984,-11.159926,0,1.475430423036947,-0.2303671622256853,1.7057975852626324,105
O'Higgins,Chimbarongo,2015,10,102.74999999999999,10.274999999999999,48.0,0,22.112987699999998,7.28294254E-5,0.572177709,-7.681801510000001,10,0.609621462025153,-0.09030204507975609,0.699923507104909,106
Los Lagos,Fresia,2015,15,98.08500000000001,6.539000000000001,57.0,0,15.179290466666666,0.6025326599989334,0.6210652014666667,-44.60233576666667,14,0.6862567026539286,-1.5771030410240705,2.263359743677999,107
Maule,Linares,2015,30,97.75,3.2583333333333333,40.0,0,18.02823738333333,0.1353288049961333,0.6448510219999999,-15.77349829,24,0.7235429693072599,-0.4161571030739678,1.1397000723812276,108
Araucanía,Saavedra,2015,6,96.82,16.136666666666667,80.0,0,13.858588166666665,0.54590495,-0.25436131133333334,-19.665958033333336,4,-0.6860477064335556,-0.5729076252313267,-0.11314008120222896,109
Los Lagos,Puerto Varas,2015,21,94.25,4.488095238095238,49.3,0,15.20061042857143,0.4187244627373334,0.3886307304761905,-75.00344690476189,21,0.32189619414712317,-2.801364911226342,3.123261105373465,110
Los Ríos,Lanco,2015,6,93.21000000000001,15.535000000000002,40.0,0,16.586955333333336,0.024551836000000004,0.2781729735,-6.745927333333334,4,0.148744405047756,-0.05261411108959957,0.20135851613735556,111
Aysén,Tortel,2015,1,92.4,92.4,92.4,0,6.345768,0.0,0.3938074,-51.293335,0,0.33001105736869835,-1.8465515884048904,2.176562645773589,112
Los Lagos,Calbuco,2015,13,87.46000000000001,6.727692307692308,66.7,0,14.262693538461539,0.42003205620769235,0.1786285530769231,-60.36491784615385,13,-0.0072998145975033185,-2.2118669523887546,2.2045671377912512,113
Los Lagos,Chonchi,2015,22,85.24,3.8745454545454545,46.0,0,14.533456681818187,0.3796915459583637,0.6301174263636363,-36.24471865454546,19,0.700446823648129,-1.2405392914412945,1.9409861150894234,114
Biobío,Negrete,2015,24,84.7,3.529166666666667,45.94,0,18.454141250000003,0.005403999350833333,0.647605815625,-18.11816754166667,21,0.7278613391332117,-0.5105776375739133,1.2384389767071249,115
Maule,Molina,2015,24,83.27000000000001,3.469583333333334,34.0,0,19.97194302083334,0.027514839881333335,0.7272244637500002,-15.603092091666667,21,0.8526702411597883,-0.4092947943209103,1.2619650354806986,116
Coquimbo,Ovalle,2015,29,82.96,2.8606896551724135,20.0,0,19.49891917241379,0.013063563629931035,0.17088008758620693,5.314295475862069,23,-0.019446183482953436,0.4330546812243759,-0.45250086470732936,117
Maule,Pencahue,2015,17,80.76,4.750588235294118,25.0,0,18.171286941176472,5.259233411764706E-6,0.3429990634117648,-9.66968639411765,12,0.2503647326355961,-0.1703547660122838,0.42071949864787994,118
Biobío,Portezuelo,2015,7,79.53,11.361428571428572,68.7,0,17.345671714285714,0.01680824357142857,0.7901992785714286,-15.89220614285714,5,0.951388539928811,-0.42093750393781876,1.3723260438666298,119
Los Ríos,Máfil,2015,12,78.62,6.551666666666667,60.0,0,15.810146666666663,0.08466746383066666,0.8942736833333335,-45.73492058333333,12,1.1145338895837016,-1.6227125715282866,2.7372464611119884,120
Biobío,San Pedro de la Paz,2015,39,76.92999999999999,1.9725641025641023,30.0,0,16.819638782051282,0.013482159939641023,0.4763419271282052,-11.97558227692308,38,0.4593908440485914,-0.2632138853106441,0.7226047293592355,121
Los Ríos,Mariquina,2015,12,74.69,6.224166666666666,28.0,0,16.61260775,0.09640638534033334,0.5779622441666666,-47.72293216666667,12,0.6186892055737789,-1.7027703946762582,2.321459600250037,122
Biobío,Curanilahue,2015,275,74.41749999999992,0.27060909090909063,6.515000000000001,0,15.443308561818174,0.04162985333450906,0.3928274710327274,-18.33603755672732,239,0.3284749366061691,-0.5193513284724973,0.8478262650786664,123
Metropolitana,San Bernardo,2015,18,70.71000000000001,3.9283333333333337,50.0,0,20.895282611111114,0.2916346688888889,0.2353929961111111,-4.317415922222223,17,0.08168320604012745,0.045182772335784605,0.03650043370434285,124
Biobío,Bulnes,2015,26,69.85000000000002,2.686538461538462,34.6,0,17.541397519230767,0.826365615084,0.688529666923077,-25.937078230769234,17,0.7920129049723219,-0.8254475178129352,1.6174604227852571,125
Maule,San Rafael,2015,15,69.72,4.648,50.0,0,21.46212566666667,0.01637289936666667,0.6749596893333335,-7.50478836,14,0.7707408280985456,-0.0831736724000536,0.8539145004985992,126
O'Higgins,Palmilla,2015,3,69.4,23.133333333333336,57.5,0,19.251869333333335,0.0,0.86398378,-11.371415866666666,2,1.0670519281770066,-0.23888392263348873,1.3059358508104952,127
Biobío,Cabrero,2015,38,67.4926,1.776121052631579,30.0,0,17.862451684210527,0.44251471949957893,0.48906092657894734,-17.09012562631579,31,0.4793289413876907,-0.4691780810834708,0.9485070224711616,128
Coquimbo,Salamanca,2015,4,66.6,16.65,55.0,0,12.2703727,0.11243951075,0.7026947024999999,4.903540250000001,2,0.8142177850997451,0.41651344499373333,0.39770434010601174,129
Valparaíso,Santo Domingo,2015,19,65.41,3.4426315789473683,39.6,0,15.484946789473682,0.007868695429894738,0.41677946210526323,-19.295138296842104,12,0.36602168950280467,-0.5579746031439927,0.9239962926467974,130
Aysén,Coihaique,2015,17,65.0076,3.823976470588235,24.0,0,10.037079852941176,0.7795693684437647,0.586877364117647,-28.52080521764706,11,0.6326644030773861,-0.9294949790612648,1.5621593821386508,131
Maule,Longaví,2015,25,63.580000000000005,2.5432,16.200000000000003,0,17.501539720000004,0.051236822540000004,0.6886912078399997,-25.715573779999996,20,0.7922661338947953,-0.816527467097517,1.6087936009923123,132
Valparaíso,Villa Alemana,2015,59,60.9,1.0322033898305085,9.42,0,17.894900183050847,0.009613395814135598,0.5146553134067791,-7.64381903220339,47,0.5194502872438772,-0.0887724792987236,0.6082227665426008,133
O'Higgins,Coltauco,2015,16,56.2,3.5125,29.5,0,22.560508812499997,8.04080623E-4,0.725652693125,-1.5133851062499994,15,0.8502063590095171,0.15810193490432883,0.6921044241051884,134
Valparaíso,Quillota,2015,41,56.19000000000001,1.370487804878049,11.6,0,17.198457097560976,0.06654345339214635,0.5424164127804875,-3.305135175365853,29,0.5629681365603274,0.0859476218403537,0.4770205147199737,135
Maule,Rauco,2015,10,55.93,5.593,25.0,0,20.700990100000006,0.019012763999999998,0.32469862999999993,-4.36807663,8,0.2216772699051701,0.04314265042813257,0.17853461947703753,136
Maule,Retiro,2015,14,54.042,3.8601428571428573,13.0,0,18.088295642857144,6.386212E-6,0.8600807892857143,-17.56519482142857,10,1.0609336632084134,-0.48830926015920706,1.5492429233676206,137
Biobío,Penco,2015,143,54.008300000000006,0.37768041958041965,5.1,0,17.559784430069932,0.02760606814727272,0.766682202937064,-10.960135969230766,125,0.9145235534222219,-0.2223215577210916,1.1368451111433135,138
Valparaíso,Cartagena,2015,42,53.78,1.2804761904761905,27.7,0,15.433740785714281,0.03469688848,0.3146322172285715,-11.351935973809526,31,0.20589732444093922,-0.2380994615013843,0.4439967859423235,139
Valparaíso,Calera,2015,23,52.41000000000002,2.278695652173914,27.3,0,17.644945869565216,0.002472985397130435,0.2599452880869565,-8.216996063478257,16,0.12017098090073809,-0.11185449038305666,0.23202547128379475,140
Biobío,Treguaco,2015,10,50.80499999999999,5.080499999999999,43.5,0,17.9118708,0.8360067548483998,1.013487916,-11.517226500000001,9,1.3014121880158434,-0.24475576060181736,1.5461679486176607,141
Maule,Constitución,2015,37,49.5454,1.3390648648648649,25.0,0,16.34353913513513,0.04680243394151351,0.39962989732432413,1.3230678432432423,28,0.33913830978022724,0.2723267465210307,0.06681156325919652,142
Valparaíso,Quilpué,2015,53,48.66000000000001,0.91811320754717,25.9,0,16.125894575471698,0.07697627219815091,0.47147191203773536,-12.370386406603764,36,0.4517566873452506,-0.2791127661104575,0.7308694534557081,143
Biobío,Quilaco,2015,11,48.41499999999999,4.4013636363636355,20.5,0,16.83142927272727,0.08860077027272728,1.0827655729545453,-54.58472581818182,11,1.4100107199313285,-1.9790968845399557,3.3891076044712842,144
Biobío,San Fabián,2015,38,48.0255,1.263828947368421,25.0,0,17.152507368421055,0.028294463903157895,0.3296245813157896,-30.662862131578944,33,0.22939911132848648,-1.0157562539080192,1.2451553652365057,145
O'Higgins,Pumanque,2015,4,47.8,11.95,22.0,0,18.111078,0.00264961275,0.6240229700000001,0.9780603625,3,0.690893252655563,0.25843319172002815,0.43246006093553485,146
Valparaíso,Limache,2015,38,46.830000000000005,1.2323684210526318,14.0,0,16.620909968421056,0.03173976824547369,0.4987362617368419,-12.865719702631578,22,0.49449583992507967,-0.2990599866121639,0.7935558265372435,147
Maule,Yerbas Buenas,2015,8,46.61,5.82625,15.0,0,20.214475750000002,5.5879355E-6,0.5161600162500001,-11.21914075,8,0.5218090350267314,-0.2327517579810594,0.7545607930077908,148
Biobío,San Rosendo,2015,31,46.49999999999998,1.4999999999999993,27.0,0,19.13530488709678,0.3154745532301935,0.4914416561290322,-14.99331866129032,28,0.4830609344341164,-0.38473903526061914,0.8677999696947356,149
Biobío,Quilleco,2015,46,45.59810000000001,0.9912630434782611,15.01,0,17.39660631521739,0.4231330208084783,1.0885363754347825,-40.81315060869566,44,1.4190569363433414,-1.424511417416364,2.8435683537597054,150
Maule,Romeral,2015,12,45.489999999999995,3.790833333333333,15.0,0,17.45610235,0.029395566651999997,0.6606149683333334,7.368123783333334,9,0.7482542760149589,0.5157629636077901,0.2324913124071688,151
Los Lagos,Ancud,2015,8,44.22,5.5275,31.92,0,15.998741500000001,0.0221189114375,0.308551908125,-45.180277625,8,0.19636593046389594,-1.600376933124176,1.7967428635880718,152
Valparaíso,Algarrobo,2015,5,43.949999999999996,8.79,40.5,0,16.195854399999998,0.0237636268,0.7286331124000001,1.1731508800000001,4,0.8548784159465753,0.26628954541474525,0.5885888705318301,153
Metropolitana,Tiltil,2015,4,42.0,10.5,20.0,0,21.941807,5.8393925E-4,0.5813922800000001,-4.1331881500000005,4,0.6240660741385158,0.052601680017792016,0.5714643941207238,154
Metropolitana,Pirque,2015,12,41.82,3.485,15.2,0,17.703256666666665,0.6085238386236668,0.2703668258333334,-8.305636191666668,12,0.136507614518427,-0.11542405494989019,0.2519316694683172,155
Maule,Teno,2015,13,40.49999999999999,3.115384615384615,12.0,0,18.250035076923073,6.877459076923077E-6,1.0931538765384616,-28.5533671,9,1.426295256214735,-0.9308062558368286,2.357101512051564,156
Los Ríos,Panguipulli,2015,15,39.06000000000001,2.6040000000000005,7.0,0,15.458793299999998,0.253313168,0.8115093879999999,-73.84619799999999,15,0.9847939219904418,-2.7547621504917847,3.7395560724822268,157
O'Higgins,Malloa,2015,7,38.7,5.528571428571429,14.0,0,22.261989428571432,0.07419394571428571,0.3295939285714286,-1.859796857142857,6,0.2293510605833672,0.14415182972291984,0.08519923086044737,158
Los Lagos,Río Negro,2015,5,37.89000000000001,7.578000000000001,32.0,0,16.896340600000002,0.06662346360000002,0.7202827279999999,-35.2044814,4,0.8417884887372157,-1.1986486249811443,2.04043711371836,159
Aysén,Lago Verde,2015,2,37.8,18.9,32.0,0,3.767028115,2.2351742E-5,0.17540551499999998,-63.985437000000005,0,-0.01235219683513029,-2.3576663453864852,2.345314148551355,160
O'Higgins,Coinco,2015,3,37.65,12.549999999999999,29.0,0,20.48109,0.9073639,0.25667191333333333,3.3453966666666672,2,0.11503969170477221,0.35376653522749857,-0.23872684352272636,161
Atacama,Vallenar,2015,3,35.36,11.786666666666667,18.0,0,20.106031,3.4521023666666666E-4,0.5553964133333333,0.08396326333333333,2,0.5833153749957457,0.22242763317988096,0.36088774181586475,162
Los Ríos,Paillaco,2015,14,34.665,2.4760714285714287,13.5,0,16.697735678571426,0.107455599212,0.6761802207142855,-44.80575428571428,14,0.7726541133041226,-1.5852947658406984,2.357948879144821,163
Metropolitana,Isla de Maipo,2015,10,34.01,3.401,15.0,0,20.2222893,0.02409098662,0.104466444,0.29978388,8,-0.12355513447349566,0.23111879419002734,-0.354673928663523,164
Aysén,Cisnes,2015,6,33.8,5.633333333333333,18.0,0,14.173420666666667,0.3466370173333333,0.2831862675,-54.09866148333334,5,0.15660316344684458,-1.959522927886952,2.1161260913337965,165
Metropolitana,Peñaflor,2015,13,32.3,2.4846153846153842,8.0,0,20.709036615384612,0.0035870247436923077,0.5975388701538461,0.3410110400000001,11,0.6493772070958446,0.2327790242972579,0.4165981827985866,166
O'Higgins,Requínoa,2015,5,30.2,6.04,25.0,0,20.283378399999997,0.0,1.066308588,2.991298520000001,4,1.384213017116531,0.3395068965812629,1.0447061205352681,167
Coquimbo,Los Vilos,2015,2,29.0,14.5,19.0,0,16.467072,0.00192411245,0.8243565799999999,7.816613875,2,1.0049329718915054,0.5338237942102277,0.4711091776812777,168
Maule,Sagrada Familia,2015,10,28.95,2.895,15.5,0,20.285854899999997,0.00338349487,0.7894874519999999,-7.326054579999999,10,0.9502726921355417,-0.07597600943381663,1.0262487015693582,169
Metropolitana,Quilicura,2015,4,28.3,7.075,25.0,0,20.436162500000002,0.0,0.5586235475,-22.011333375,3,0.588374178197249,-0.6673565941874996,1.2557307723847486,170
Metropolitana,Padre Hurtado,2015,10,27.900000000000002,2.79,10.0,0,22.224224699999997,5.5506825000000004E-5,0.21447639420000003,1.8564774099999997,10,0.04889467998333993,0.29380730987330583,-0.2449126298899659,171
Maule,Empedrado,2015,23,27.72,1.2052173913043478,6.3,0,17.492477739130436,0.013654403890608693,0.2327164360869564,-8.706466195652178,17,0.07748747393854105,-0.13156559951658098,0.20905307345512203,172
Los Ríos,Valdivia,2015,28,27.66,0.9878571428571429,6.0,0,15.626317535714284,0.08710203962792858,0.4240662376428571,-39.755886214285724,26,0.3774443207026384,-1.3819350629232998,1.7593793836259382,173
Biobío,Nacimiento,2015,15,26.649999999999995,1.7766666666666664,9.7,0,17.968172533333334,0.0250923125284,0.9088321650666666,-22.28979185333333,12,1.1373555295273812,-0.6785702006872587,1.8159257302146399,174
Valparaíso,San Felipe,2015,5,26.290000000000003,5.258000000000001,17.6,0,17.6067434,0.48105385600000006,-0.369366633,13.46660004,2,-0.8663281842167858,0.7613504328768055,-1.6276786170935913,175
Biobío,Ñiquén,2015,8,26.239999999999995,3.2799999999999994,12.5,0,18.172335625,0.0152159479355,0.6895194075000001,-27.861849125,6,0.7935644062550739,-0.9029586194295156,1.6965230256845896,176
Biobío,Concepción,2015,51,25.000000000000004,0.49019607843137264,5.9,0,17.39963695098039,1.1522834427450981E-4,0.6063633486274511,-11.226782098627444,41,0.663210316488994,-0.23305947738378152,0.8962697938727755,177
Araucanía,Villarrica,2015,9,24.7,2.7444444444444445,8.0,0,17.01451733333333,0.03642030112044445,0.4098665408888889,-59.678854,9,0.3551851062760042,-2.1842389553870927,2.5394240616630968,178
Metropolitana,Renca,2015,13,23.6,1.8153846153846156,4.0,0,19.728284230769233,0.027125988391076924,-0.009957683076923053,4.050736784615383,9,-0.30292454104014593,0.3821707934799714,-0.6850953345201174,179
Maule,Villa Alegre,2015,17,23.24,1.3670588235294117,3.5,0,20.15072247058823,0.009123564499058824,0.34288008000000003,-10.26199988235294,14,0.25017821616826774,-0.19420740796208075,0.4443856241303485,180
Biobío,Talcahuano,2015,29,22.939999999999998,0.7910344827586206,7.4,0,16.770085689655172,0.26880078458372414,0.47186486365517266,-8.524695768965517,26,0.45237267193023023,-0.1242456498768449,0.5766183218070752,181
Valparaíso,Viña del Mar,2015,54,20.290000000000003,0.37574074074074076,5.0,0,15.543940064814816,0.03571490955711111,0.5273977361111105,-14.949074690740728,35,0.5394251024955664,-0.38295731728708293,0.9223824197826493,182
Metropolitana,Colina,2015,9,20.11,2.2344444444444442,10.0,0,20.967768999999997,0.006959256218666667,0.2309841801777777,-1.4330719777777772,6,0.07477201765857241,0.1613361686933034,-0.08656415103473097,183
Valparaíso,Hijuelas,2015,11,19.81,1.8009090909090908,11.66,0,18.05181572727273,0.20316657713490907,0.2690257939090909,2.1564336054545454,8,0.13440543461473767,0.30588663589391885,-0.17148120127918118,184
Maule,Río Claro,2015,12,18.790000000000003,1.5658333333333336,8.0,0,20.593895500000002,0.0075967979355,0.7575617541666667,-8.993688983333334,11,0.9002264857900788,-0.1431321473843203,1.0433586331743991,185
Maule,Chanco,2015,10,18.569999999999997,1.8569999999999998,6.8,0,15.9043375,0.0065008178484,0.65063772146,-4.084042800000001,8,0.7326141055670279,0.0545807780129094,0.6780333275541185,186
Metropolitana,María Pinto,2015,12,18.42,1.5350000000000001,8.0,0,18.576156416666667,9.780439583333333E-4,0.44595630249999996,-11.4666993675,11,0.41175883149188497,-0.24272101781069302,0.654479849302578,187
Biobío,El Carmen,2015,4,17.78,4.445,9.5,0,15.696038249999999,0.0047711655,1.7151277249999999,-41.17999675,3,2.4012913776491778,-1.4392844216328762,3.840575799282054,188
Metropolitana,Las Condes,2015,3,17.7,5.8999999999999995,15.0,0,16.475691333333334,0.6438053296,-0.253765108,-0.6278712,3,-0.6851131077538457,0.19376184568953927,-0.878874953443385,189
Atacama,Alto del Carmen,2015,1,17.5,17.5,17.5,0,15.225274,0.0,0.87521076,-3.44786,1,1.084651160013679,0.08020005031452428,1.0044511096991546,190
Valparaíso,La Cruz,2015,19,17.409999999999997,0.9163157894736841,7.220000000000001,0,17.94128357894737,0.11393820044568419,0.31260188736842104,-7.0318390263157875,13,0.20271461226778964,-0.06412786078030666,0.2668424730480963,191
Metropolitana,La Florida,2015,5,17.3,3.46,8.0,0,15.9329382,0.9172424570000002,0.18019104199999997,-3.1819345800000005,5,-0.004850482292692709,0.09090894679349429,-0.095759429086187,192
Valparaíso,Papudo,2015,8,17.119999999999997,2.1399999999999997,8.0,0,17.97282325,0.007105059888,0.16937362899999997,9.231139187499998,5,-0.021807683540048244,0.5907871531040305,-0.6125948366440788,193
Los Lagos,Los Muermos,2015,12,16.560000000000006,1.3800000000000006,6.0,0,16.3344595,0.30793156445700004,0.4032512466666666,-44.94356591666667,11,0.34481507830012015,-1.5908444815823044,1.9356595598824247,194
Los Lagos,Purranque,2015,5,16.5,3.3,10.5,0,16.426047,1.13407482146,0.6728946648,-45.385539,5,0.7675037291181829,-1.6086428703031264,2.3761465994213093,195
Valparaíso,El Quisco,2015,10,14.6,1.46,9.4,0,15.359127750000003,0.004522036738399999,0.42793340339999997,-2.1644213700000003,8,0.38350642704920695,0.13188450915934294,0.251621917889864,196
Valparaíso,Llay-Llay,2015,6,14.57,2.4283333333333332,9.0,0,17.98567625,0.007801378833333333,-0.7070797225000001,1.2059264500000009,2,-1.3957217483265867,0.2676094274559929,-1.6633311757825795,197
Metropolitana,Talagante,2015,5,14.41,2.882,8.0,0,21.262189,0.002432987014,0.713079462,-3.7786689599999996,5,0.8304967657346612,0.06687827420543424,0.763618491529227,198
Los Lagos,Futaleufú,2015,4,13.6,3.4,9.0,0,18.227457375,0.04784483516,0.79400015,-66.0740325,4,0.9573467243606717,-2.44177471304815,3.3991214374088217,199
Metropolitana,El Monte,2015,6,12.61,2.1016666666666666,5.0,0,22.920955666666668,3.489355306666667E-4,0.61463802,-0.7648884666666668,6,0.6761815571839774,0.18824411923614204,0.4879374379478354,200
Los Ríos,Corral,2015,9,11.767199999999999,1.3074666666666666,5.2,0,13.071744777777777,0.3105577810537778,0.4188139138888889,-55.82050633333333,7,0.3692108631363695,-2.028862136795591,2.3980729999319603,201
Valparaíso,Nogales,2015,12,11.360000000000001,0.9466666666666668,3.0,0,16.46430008333333,0.008939221948666667,0.9064074981666668,-14.787872303333332,9,1.133554661003539,-0.3764656487624694,1.5100203097660083,202
Biobío,Chiguayante,2015,12,10.824,0.902,3.3,0,17.281871333333335,0.014297043101,0.5624848208333334,-14.359538299999999,9,0.5944270476757817,-0.3592165098869175,0.9536435575626991,203
Los Lagos,Puerto Octay,2015,3,10.2,3.4,6.6,0,16.014816333333332,1.2016860774833333,0.5109373833333334,-56.65741566666667,3,0.5136221203356698,-2.0625647268411407,2.5761868471768103,204
Metropolitana,Calera de Tango,2015,2,10.1,5.05,10.0,0,22.2829935,0.0,0.344518665,-4.4685686,2,0.25274683544959664,0.03909580863430269,0.21365102681529397,205
Metropolitana,Conchalí,2015,1,10.0,10.0,10.0,0,18.921957,8.940697E-5,0.31460953,-4.573338,1,0.205861760309235,0.0348767134505335,0.1709850468587015,206
Aysén,Río Ibáñez,2015,2,9.759,4.8795,9.659,0,9.02999465,0.03727432232,0.65165425,-35.303993,0,0.734207599226414,-1.2026559869808233,1.9368635862072372,207
Aysén,Chile Chico,2015,1,9.71,9.71,9.71,0,11.392994,0.2305489,0.6266823,-49.85578,1,0.6950619752506169,-1.7886608170832705,2.4837227923338876,208
Valparaíso,Cabildo,2015,4,8.91,2.2275,5.6,0,17.664038499999997,0.01305015765,0.695211155,-26.94628405,3,0.8024866973617024,-0.8660885390591041,1.6685752364208066,209
Biobío,Hualpén,2015,7,8.57,1.2242857142857144,3.0,0,16.247697999999996,2.055034857142857,0.5439409657142857,-9.618853714285715,5,0.5653580010233615,-0.1683077187383947,0.7336657197617562,210
Biobío,Ninhue,2015,4,8.54,2.135,4.95,0,16.168909499999998,0.09196530715000001,0.5834443699999999,-24.34690725,2,0.6272828971541188,-0.7614108551391676,1.3886937522932863,211
Biobío,San Ignacio,2015,5,8.43,1.686,8.2,0,18.1831254,0.057981884,0.662537958,-31.724843399999997,3,0.7512687234409978,-1.058522558333246,1.8097912817742439,212
Maule,Vichuquén,2015,4,8.38,2.095,8.0,0,17.841286,0.009728595871,0.68744801675,-2.259820035,4,0.7903173276966734,0.1280427762865813,0.6622745514100921,213
Maule,Pelluhue,2015,2,8.31,4.155,8.3,0,17.503102499999997,0.202745958,1.3893881,0.42511368,2,1.8906672223762744,0.23616586285285027,1.6545013595234241,214
Valparaíso,Puchuncavi,2015,20,8.180000000000001,0.4090000000000001,2.8,0,14.922495750000001,0.123331696395,0.177484034,-1.8565782679999998,11,-0.009093944147592828,0.14428144327373868,-0.1533753874213315,215
Araucanía,Loncoche,2015,8,8.030000000000001,1.0037500000000001,4.0,0,16.94535175,0.07914263,0.5841949,-50.616666125,8,0.6284594158145581,-1.8193019297114263,2.4477613455259846,216
Coquimbo,Paiguano,2015,2,8.0,4.0,5.0,0,16.835282499999998,0.0159926715,0.312713155,-7.888502150000001,2,0.2028890336031867,-0.0986259418922415,0.30151497549542816,217
Metropolitana,Pudahuel,2015,3,7.7,2.566666666666667,5.0,0,22.63973466666667,7.462998279999999E-4,0.35501353333333335,-4.5670133,3,0.2691984209065661,0.035131411017845934,0.23406700988872015,218
Los Ríos,Futrono,2015,2,7.5,3.75,4.5,0,17.1364825,4.5557395,0.14829921499999998,-49.37174999999999,2,-0.054843593268935065,-1.7691687837052055,1.7143251904362704,219
Coquimbo,Monte Patria,2015,1,7.5,7.5,7.5,0,9.324386,2.857753,0.8453827,12.053982,0,1.0378931767289328,0.7044638804190315,0.33342929630990126,219
Metropolitana,San José de Maipo,2015,7,7.19,1.0271428571428571,4.0,0,14.401772285714287,0.8619916928571429,0.8528600514285714,-20.859908157142858,6,1.0496145516058544,-0.620988355072534,1.6706029066783885,221
Valparaíso,Calle Larga,2015,1,7.0,7.0,7.0,0,11.54652,0.45781583,-2.21634,41.914463,0,-3.7616136912714637,1.906954412694026,-5.66856810396549,222
Aysén,Cochrane,2015,3,6.43,2.143333333333333,4.42,0,2.805054056666666,3.1269422999999996,0.11194910000000001,29.07751466666667,2,-0.11182544423639992,1.3900066503945305,-1.5018320946309305,223
Valparaíso,Olmué,2015,12,6.3,0.525,4.22,0,18.173175,0.0153455576545,0.6749109327499999,-3.337283845833333,9,0.7706643980689515,0.08465298523143996,0.6860114128375115,224
Los Ríos,Lago Ranco,2015,2,5.6,2.8,5.5,0,18.525233,0.6305128395,1.08880328,-76.3907565,2,1.4194753316127307,-2.85723228501741,4.276707616630141,225
Magallanes,Torres del Paine,2015,1,5.5,5.5,5.5,0,-3.0650113,0.50640476,-0.54064727,-28.591255,0,-1.1348249339835048,-0.9323320129416047,-0.2024929210419001,226
O'Higgins,Paredones,2015,3,5.4,1.8,3.5,0,16.42326033333333,0.0,-0.3373924933333334,0.3568838666666667,0,-0.8162060412387263,0.23341822779123741,-1.0496242690299638,227
Valparaíso,Concón,2015,14,5.38,0.3842857142857143,2.0,0,16.122674714285715,0.023396153862857132,0.13284151914285716,-0.4825468785714286,9,-0.07907482669507723,0.19961409973150016,-0.2786889264265774,228
Coquimbo,La Serena,2015,22,4.5709,0.20776818181818182,1.794,0,18.692342545454547,0.010269651639272724,0.12601367545454542,-0.4478816104545454,21,-0.08977804376816009,0.20101008048309374,-0.29078812425125383,229
Metropolitana,Puente Alto,2015,12,4.54,0.37833333333333335,1.0,0,17.980497333333332,0.11524961351666667,0.47746022383333325,-10.787211441666665,12,0.461143867833771,-0.21535783509405296,0.676501702927824,230
Biobío,Coelemu,2015,17,4.2061,0.24741764705882355,1.3,0,16.788044294117647,0.4303798161197646,0.8117445182352943,-3.8552256882352953,14,0.9851625083353677,0.06379531178145678,0.9213671965539109,231
Araucanía,Teodoro Schmidt,2015,2,4.01,2.005,4.0,0,17.974742499999998,0.14764489,0.63740351,-39.064841,2,0.7118683702348112,-1.3541064647318466,2.065974834966658,232
Coquimbo,Rio Hurtado,2015,1,4.0,4.0,4.0,0,18.707418,0.006781891,0.20954132,-6.6546383,1,0.04115853767463519,-0.04893787431753047,0.09009641199216567,233
Metropolitana,La Reina,2015,1,4.0,4.0,4.0,0,16.122215,0.4357621,0.50196075,-13.913107,1,0.4995504954511382,-0.34123858744282765,0.8407890828939659,233
O'Higgins,Placilla,2015,1,4.0,4.0,4.0,0,23.727793,0.0,0.5801964,-10.300405,1,0.6221914320380718,-0.195753993576743,0.8179454256148149,233
O'Higgins,Graneros,2015,1,4.0,4.0,4.0,0,11.34422,0.0,0.81762743,-133.97955,0,0.9943844654442026,-5.176350284117617,6.170734749561819,233
Los Lagos,Cochamó,2015,1,3.7,3.7,3.7,0,16.223091,0.005118549,-0.31535816,-119.15282,1,-0.7816653775250779,-4.57927341688304,3.7976080393579617,237
O'Higgins,Doñihue,2015,3,3.6,1.2,2.0,0,17.478983333333332,0.009785716666666666,0.4568929666666666,-30.197024866666666,2,0.4289029689348123,-0.9969968474323534,1.4258998163671657,238
Metropolitana,Lo Barnechea,2015,4,3.21,0.8025,3.0,0,16.763121750000003,0.0280167444355,1.140993565,-18.622292,4,1.501287976272026,-0.530878880820266,2.032166857092292,239
Araucanía,Pucón,2015,2,3.2,1.6,3.0,0,13.079225999999998,0.88550745,0.393014415,-58.9171565,1,0.32876798693853787,-2.1535651684441586,2.4823331553826966,240
Los Lagos,Quinchao,2015,1,3.0,3.0,3.0,0,12.772644,0.0,0.01403904,-57.909153,1,-0.26530766697862634,-2.1129725649542803,1.847664897975654,241
Metropolitana,Buin,2015,5,2.75,0.55,1.0,0,22.338907600000002,0.0192966312,0.324410252,-3.72464964,5,0.2212252132275422,0.06905364843533807,0.15217156479220414,242
Los Lagos,Puyehue,2015,2,2.5,1.25,2.0,0,17.6851775,0.0,0.23714876499999998,-31.313085,2,0.08443552088589829,-1.0419409239789739,1.126376444864872,243
Metropolitana,Huechuraba,2015,6,2.36,0.3933333333333333,1.5,0,16.884947666666665,0.525834346414,-0.6288283499999999,21.600488249999998,2,-1.2730561654035453,1.0889045524205663,-2.3619607178241115,244
Aysén,"\"Villa O\"\"Higgins\"",2015,1,2.3,2.3,2.3,0,11.130038,0.0,0.22057486,-60.17965,1,0.058454536103348914,-2.2044061606173497,2.262860696720699,245
Los Lagos,Quemchi,2015,1,2.2,2.2,2.2,0,12.737264,0.21840073,0.07508564,-52.72663,1,-0.16961200650353728,-1.9042708082479027,1.7346588017443654,246
Magallanes,Porvenir,2015,1,2.0,2.0,2.0,0,11.551694,0.15370175,-0.33603477,-8.067604,1,-0.8140776961527464,-0.1058384271478519,-0.7082392690048945,247
Valparaíso,Catemu,2015,2,2.0,1.0,1.5,0,17.457569499999998,1.3460573,-0.47680713,32.4473429,1,-1.0347501654931686,1.5257106447801638,-2.5604608102733324,247
Valparaíso,Petorca,2015,1,2.0,2.0,2.0,0,9.608621,0.25982225,0.4938755,26.705162,0,0.48687618862887116,1.2944712964635607,-0.8075951078346896,247
Araucanía,Curarrehue,2015,1,1.9,1.9,1.9,0,15.746888,0.0,0.73838997,-43.41381,1,0.8701731077425704,-1.5292407516730866,2.399413859415657,250
Valparaíso,El Tabo,2015,10,1.8400000000000003,0.18400000000000002,0.8,0,15.7002656,0.0388093291484,0.20322561649999998,-16.917235714,7,0.0312581432579546,-0.4622157524228712,0.49347389568082584,251
O'Higgins,Peumo,2015,3,1.8,0.6,1.5,0,22.957600666666668,1.4901161333333334E-5,0.6529115066666666,-3.039059733333333,3,0.7361784543944884,0.09666255975160133,0.639515894642887,252
Atacama,Copiapó,2015,1,1.63,1.63,1.63,0,18.995983,0.0,0.067461014,0.33744362,0,-0.18156424661102136,0.23263536322312292,-0.4141996098341443,253
Biobío,Cobquecura,2015,6,1.4000000000000001,0.23333333333333336,0.6,0,16.178968666666666,1.5531252005806666,0.9095771833333335,-9.032709583333334,4,1.1385234080840032,-0.14470351865806808,1.2832269267420713,254
Magallanes,Natales,2015,5,1.24,0.248,0.58,0,7.73191694,0.59354233244,-0.553896428,-47.4480626,3,-1.1555940992695126,-1.6917013147265012,0.5361072154569886,255
Biobío,Antuco,2015,1,1.15,1.15,1.15,0,16.95112,0.0012014061,0.17022896,-43.01894,1,-0.020466880531038366,-1.5133392182557441,1.4928723377247057,256
Atacama,Freirina,2015,1,1.13,1.13,1.13,0,18.230513,0.0,0.57546806,-0.3762234,0,0.614779362909721,0.2038957781257861,0.41088358478393494,257
Metropolitana,Vitacura,2015,2,1.01,0.505,1.0,0,14.249577500000001,1.65301015,0.570524185,-0.3963694999999996,2,0.6070294246096146,0.20308448863208153,0.4039449359775331,258
Araucanía,Gorbea,2015,3,0.9400000000000001,0.31333333333333335,0.8,0,18.180817666666666,7.301569E-4,0.4945630973333333,-19.946693,3,0.4879540550613054,-0.5842129065995404,1.0721669616608458,259
Magallanes,Timaukel,2015,1,0.8600000000000001,0.8600000000000001,0.8600000000000001,0,10.403069,2.510613,0.71055937,18.114426,1,0.8265463103710868,0.9485197792969766,-0.12197346892588978,260
Valparaíso,San Esteban,2015,1,0.7,0.7,0.7,0,5.4002585,0.0,3.6097686,-101.44898,0,5.371299697461022,-3.8663344664049366,9.237634163865959,261
Magallanes,Punta Arenas,2015,12,0.62,0.051666666666666666,0.5,0,9.040603116666666,1.2432040891916667,-0.5061900266666667,-30.28009012833333,11,-1.0808103179535504,-1.0003419104511009,-0.08046840750244955,262
Coquimbo,Coquimbo,2015,3,0.6,0.19999999999999998,0.5,0,17.59556866666667,0.001462176428,0.7387698566666666,17.42698656,2,0.8707686119225304,0.9208363867182561,-0.05006777479572566,263
Metropolitana,Maipú,2015,1,0.5,0.5,0.5,0,23.45906,0.0,0.31303406,-4.1732345,1,0.2033920790786883,0.05098900148367294,0.15240307759501537,264
Los Lagos,Queilén,2015,13,0.3780000000000001,0.029076923076923087,0.15,0,14.433972923076924,0.05854064592307692,-0.17475781276923075,-59.859451846153846,13,-0.5612625526130381,-2.191511684856831,1.6302491322437929,265
Valparaíso,Panquehue,2015,1,0.3,0.3,0.3,0,16.478441,0.0,1.6875162,-18.911472,0,2.35800799869606,-0.5425242462155281,2.900532244911588,266
Aysén,Aisén,2015,2,0.1875,0.09375,0.0943,0,8.462161,0.4719849392,-0.10514212,-62.956207000000006,1,-0.45213412123467445,-2.316218944370628,1.8640848231359537,267
Metropolitana,Peñalolén,2015,2,0.11,0.055,0.1,0,19.387782,0.0,1.5260401,-3.541976,2,2.1048806821797994,0.07640997074629517,2.028470711433504,268
O'Higgins,Chépica,2015,1,0.1,0.1,0.1,0,22.136581,0.0,0.47221375,-6.0194387,1,0.4529195805082508,-0.02335819577501591,0.47627777628326673,269
O'Higgins,Rancagua,2015,1,0.02,0.02,0.02,0,18.065966,0.17619133,-1.21171,26.495941,0,-2.186771990290758,1.2860459039974075,-3.4728178942881653,270
Los Lagos,Chaitén,2015,1,0.01,0.01,0.01,0,16.090525,0.0,-0.18447018,-129.06622,1,-0.5764875020275031,-4.978489010317549,4.402001508290046,271
Los Lagos,Frutillar,2015,1,0.01,0.01,0.01,0,14.160386,0.0,-0.14813805,-60.334465,1,-0.5195338440544661,-2.2106406071339397,1.6911067630794736,271
Metropolitana,Providencia,2015,1,0.01,0.01,0.01,0,20.738976,4.4703484E-5,1.4808788,-4.312417,1,2.034086560452895,0.04538408043406346,1.9887024800188315,271
O'Higgins,Paredones,2016,13,10468.38,805.26,6291.0,3,18.921585153846156,0.02004019958861538,0.6174697153846154,11.130646,12,0.680620476961574,0.6672808625664838,0.013339614395090238,1
O'Higgins,Litueche,2016,24,4982.48,207.60333333333332,3438.0,4,19.469958291666668,0.04704801373966667,0.8985029912500003,5.886430281666666,20,1.1211636841085064,0.4560947215762049,0.6650689625323015,2
Metropolitana,San Pedro,2016,30,4036.0599999999995,134.5353333333333,1419.0,5,19.3534733,0.008712833158399998,1.0247869823333333,1.9417720500000002,22,1.3191244212199886,0.2972421506266683,1.0218822705933204,3
Metropolitana,Tiltil,2016,14,4029.95,287.8535714285714,2712.0,4,16.124046000000003,0.739397055081143,0.5889619435714285,17.698612464285713,3,0.6359321560340196,0.9317748434103704,-0.2958426873763508,4
Metropolitana,Lampa,2016,43,3999.385000000001,93.00895348837211,1993.0,5,19.893932767441854,0.8260588057210232,0.7170818158139536,16.94735202093023,28,0.8367707906874231,0.9015213598711171,-0.06475056918369404,5
Araucanía,Victoria,2016,167,3818.3100000000018,22.864131736526957,2082.1,2,16.428372934131737,0.10255189574832337,0.7444189319161685,-24.832358027425105,162,0.8796240107010791,-0.7809601036505772,1.6605841143516562,6
Metropolitana,Pudahuel,2016,15,3522.7999999999997,234.85333333333332,3469.0,1,21.000457400000002,0.028154749977866666,1.3501889550666666,-1.7005098533333347,7,1.8292192782736696,0.15056636517515856,1.678652913098511,7
O'Higgins,Marchigue,2016,23,3168.75,137.77173913043478,1858.0,3,19.99687704347826,0.026029739620347825,0.8272774813043479,2.324322072173913,20,1.0095117294226725,0.3126475548392032,0.6968641745834694,8
Maule,Curepto,2016,18,3040.493,168.91627777777776,3000.0,1,19.064130777777777,0.03425011316488888,0.7764398754444445,2.2896755483333333,12,0.9298195226538153,0.31125232892524235,0.6185671937285729,9
O'Higgins,Pichidegua,2016,10,3006.65,300.665,1422.0,3,20.921969000000004,4.587695052E-4,1.1821956630000001,-1.7189069499999998,6,1.5658757171301467,0.14982550857063795,1.4160502085595088,10
Valparaíso,Cartagena,2016,43,2918.87,67.8806976744186,1940.0,3,17.03021093023256,0.06360845836023254,0.9874111439534882,8.593883011627907,34,1.2605346629112628,0.5651246556338806,0.6954100072773822,11
Valparaíso,Casablanca,2016,35,2863.8099999999995,81.82314285714284,2200.0,3,17.44091222857143,0.03999391805725716,0.9448669040000003,8.637021248571429,26,1.1938430020856035,0.5668618453832226,0.6269811567023809,12
Valparaíso,San Antonio,2016,104,2119.74,20.382115384615382,805.0,3,17.64206882211539,0.042828227356769215,1.0478588595192309,3.8105340701923085,79,1.3552915218562993,0.3724977580750662,0.9827937637812332,13
Aysén,Río Ibáñez,2016,2,2000.01,1000.005,2000.0,1,5.54720265,0.07596612,1.7391562999999999,-87.7372535,1,2.438958182268931,-3.3141591247755042,5.753117307044436,14
Metropolitana,Colina,2016,16,1816.9,113.55625,856.0,3,18.408074250000002,0.99777441108875,0.7405498662500001,15.683960250000002,5,0.8735589260879233,0.8506441940579564,0.022914732029966856,15
Valparaíso,Villa Alemana,2016,144,1696.1799999999998,11.779027777777777,1170.0,1,18.19704406944445,0.016062326170750003,0.9880435364583325,4.856515222916666,98,1.2615259911495362,0.41461973303886956,0.8469062581106667,16
Metropolitana,Melipilla,2016,57,1412.19,24.775263157894738,650.0,2,19.404297684210523,0.08662682555010527,0.9970742917543857,0.8027048052631581,40,1.2756824567454041,0.25137157079841244,1.0243108859469916,17
Maule,Cauquenes,2016,76,1364.3725,17.952269736842105,940.0,2,17.58888048026316,0.15948668245594738,0.599874900491316,-0.3704275872368436,57,0.6530391303812367,0.20412917724532922,0.44890995313590754,18
Los Lagos,Palena,2016,4,1299.65,324.9125,1144.0,1,13.293957,1.0002082504999998,2.398089675,-75.6935105,3,3.4718914583187774,-2.8291539793241225,6.3010454376429,19
Araucanía,Perquenco,2016,14,1267.52,90.53714285714285,1100.0,1,16.55477807142857,3.7212988828571426E-4,0.5301373991857142,-20.998313642857138,13,0.5437197539160127,-0.6265619855236425,1.1702817394396552,20
Araucanía,Traiguén,2016,65,1211.09,18.632153846153845,285.0,2,16.538340323076923,0.38177791130292305,0.6398380148000006,-11.16345562092308,64,0.7156846604912028,-0.23050930111964765,0.9461939616108505,21
Aysén,Lago Verde,2016,3,1204.3,401.43333333333334,1203.0,1,10.146896966666667,0.7057755354666666,0.9700549533333334,-28.949466099999995,2,1.23332737987294,-0.9467572814530465,2.1800846613259868,22
Maule,Retiro,2016,21,1180.55,56.21666666666666,1100.0,1,20.121162285714288,0.24049427556685715,0.8133651221904763,-4.04780651904762,19,0.9877029408223479,0.05604002392291651,0.9316629168994314,23
Aysén,Chile Chico,2016,3,1106.6,368.8666666666666,1102.0,1,9.522085899999999,3.709179033333333,1.1002848013333333,-37.48227226666666,2,1.437473578316923,-1.2903759468440814,2.7278495251610044,24
Biobío,Mulchén,2016,135,1081.7980000000002,8.01331851851852,230.0,1,18.046896288888895,0.20368191402791117,0.749130224825926,-12.774175017777772,130,0.8870093570871324,-0.2953734546766334,1.1823828117637658,25
Araucanía,Galvarino,2016,106,1079.3099999999995,10.18216981132075,746.9999999999999,1,15.756774099056607,0.2547249505229624,0.6888245905188679,-9.832525457547183,91,0.7924752224197945,-0.17691234397154512,0.9693875663913396,26
Araucanía,Collipulli,2016,263,1055.8443999999988,4.014617490494292,256.8,1,17.198309826996194,0.14987598630958945,0.7652066938631173,-16.400837063117883,246,0.9122105693187942,-0.4414202237585698,1.3536307930773641,27
Maule,Vichuquén,2016,29,1028.734,35.47358620689655,950.0,1,18.768824620689657,0.17404061283834482,0.7962061846896552,3.387714948965518,23,0.9608048685760338,0.35547070515719625,0.6053341634188375,28
O'Higgins,La Estrella,2016,9,1013.26,112.58444444444444,887.0,1,19.866655666666663,0.0020455982537777775,1.179743017777778,-2.980004188888889,5,1.5620309902419722,0.09904074425146887,1.4629902459905033,29
Araucanía,Ercilla,2016,104,962.1697999999997,9.25163269230769,205.5,1,16.99858723076923,0.15432513104973092,0.7692922510384617,-13.37805425000001,99,0.9186150225119827,-0.3196918526081582,1.238306875120141,30
Valparaíso,La Ligua,2016,19,936.3499999999999,49.281578947368416,481.0,2,17.696292684210526,0.00991137990968421,0.8882113568421054,6.422795401578948,12,1.1050306848582345,0.4776943059411406,0.6273363789170939,31
Metropolitana,Padre Hurtado,2016,8,915.0,114.375,468.5,2,19.57152325,0.08722558246675,1.1009857699999999,11.299851225000001,4,1.438572405434715,0.6740948077629447,0.7644775976717704,32
Araucanía,Lumaco,2016,94,906.85,9.647340425531915,450.00000000000006,1,15.319925808510634,0.027066155522212774,0.6195741315802128,-12.560580794680858,80,0.6839193256730858,-0.2867719512037767,0.9706912768768625,33
Metropolitana,María Pinto,2016,7,887.51,126.78714285714285,874.0,1,18.498555285714282,9.738973600000001E-5,0.8684218228571428,6.058603957142857,6,1.0740089322104993,0.46302820716430065,0.6109807250461987,34
Valparaíso,Zapallar,2016,14,858.06,61.29,520.0,1,19.230504214285713,0.04490159076914285,1.10142941,0.7170039607142858,9,1.4392678483064423,0.24792037206594764,1.1913474762404945,35
Valparaíso,San Felipe,2016,5,748.2500000000001,149.65000000000003,745.0000000000001,1,18.8002206,0.3429662021568,1.22882822,-13.4107372,1,1.6389761574782944,-0.32100800481420616,1.9599841622925005,36
Valparaíso,Limache,2016,37,694.8399999999999,18.779459459459456,338.0,2,18.581601405405408,0.025635232863567566,0.8814685024324324,6.748770305405406,29,1.094460695600503,0.4908214131572155,0.6036392824432875,37
Biobío,Hualqui,2016,42,600.2604,14.291914285714286,465.2,1,17.78448757142857,0.00311851149147619,0.6987400590476189,-6.152277476190474,36,0.808018550136306,-0.028707653162793494,0.8367262032990994,38
Biobío,Cañete,2016,149,598.0989999999999,4.014087248322147,111.889,0,14.727736352348987,0.5300066541648322,0.5470828866375842,-6.55040086308726,125,0.5702832253260344,-0.044740201446950054,0.6150234267729844,39
Biobío,Tirúa,2016,81,560.5600000000001,6.920493827160494,90.2,0,15.135825950617283,0.3525135273525679,0.5791540020987646,-12.689666819753091,77,0.6205573859874062,-0.2919702841776619,0.9125276701650681,40
Biobío,Antuco,2016,4,558.82,139.705,449.0,1,13.269126875,0.022667925,1.755849625,-58.2690535,2,2.4651263679074487,-2.127465866110783,4.592592234018232,41
Araucanía,Lautaro,2016,43,478.2699999999999,11.122558139534881,80.0,0,14.850170000000004,0.4145056687963721,0.5999906094,-21.000805139534872,35,0.653220513790622,-0.6266623188426593,1.2798828326332812,42
Araucanía,Los Sauces,2016,44,456.2063999999999,10.36832727272727,158.08,0,15.292507670454542,0.797414083052773,0.4613318681363635,-11.813455509090913,34,0.43586131891542523,-0.25668499170887904,0.6925463106243043,43
Metropolitana,Peñaflor,2016,4,451.6,112.9,450.0,1,20.0619945,0.107573808371,1.064068325,2.2556641,3,1.3807012171567805,0.3098826776925715,1.070818539464209,44
O'Higgins,Requínoa,2016,10,447.35,44.735,187.0,0,17.689370000000004,0.0373288991684,0.531207169,20.77208871,6,0.5453967077338239,1.0555446543067029,-0.510147946572879,45
Biobío,Florida,2016,47,405.8815,8.635776595744682,370.0,1,17.858380372340424,0.433359675483149,0.5163565897659574,4.757393587234043,38,0.5221171804835045,0.4106280750192962,0.11148910546420832,46
O'Higgins,Las Cabras,2016,13,399.71,30.746923076923075,126.0,0,20.454586384615386,0.08767055465015387,0.5282269961538464,3.220374623076923,11,0.5407250370946303,0.3487318600076875,0.19199317708694275,47
Biobío,Los Angeles,2016,219,389.3711999999998,1.777950684931506,68.2,0,19.142378148401825,0.0642017218092968,0.8616775134246568,-3.0847446849315077,198,1.063436662082595,0.09482281303873873,0.9686138490438563,48
Biobío,Alto Biobío,2016,10,385.68,38.568,170.0,0,13.171888150000001,0.21310001069679996,1.226089839,-31.2245477,10,1.6346835158172117,-1.0383755003341506,2.6730590161513623,49
Valparaíso,Santo Domingo,2016,24,360.74000000000007,15.030833333333335,294.0,1,17.37742379166667,0.37888692781466665,0.8503348095833334,13.210695055,15,1.045656023428374,0.7510450623228456,0.2946109611055284,50
Valparaíso,Llay-Llay,2016,5,357.41999999999996,71.484,236.3,1,17.7861802,0.9358655029968,0.374970818,21.017015599999997,3,0.3004831368033733,1.0654079336800175,-0.7649247968766442,51
Biobío,Arauco,2016,71,353.17230000000006,4.974257746478874,126.6,0,15.787024626760568,0.29740361675214083,0.5484039024633806,-3.4521824985915504,58,0.5723540283182998,0.0800259819988762,0.4923280463194236,52
Coquimbo,Ovalle,2016,45,327.36999999999995,7.274888888888888,87.0,0,19.19223435555556,0.026631767174488893,0.9019078988888884,0.6801710996888891,29,1.1265011621230079,0.24643710169734104,0.8800640604256669,53
Biobío,Coihueco,2016,93,323.2995,3.4763387096774196,151.99,0,17.402556483870967,0.24070636090559136,0.8294864634838709,-14.059805307634408,86,1.0129744940753667,-0.34714617232168954,1.3601206663970562,54
Maule,Río Claro,2016,33,317.558,9.622969696969697,48.3,0,18.73662003939394,0.0913020661652121,0.7001225433333333,11.851920036363635,24,0.8101857100898148,0.6963267844959745,0.11385892559384025,55
Valparaíso,Puchuncavi,2016,16,317.39,19.836875,290.0,1,16.951196375000002,0.04284159587925,1.1193057937500002,0.315438615625,10,1.4672905776617613,0.23174921509230054,1.2355413625694607,56
Los Ríos,Mariquina,2016,20,301.3408,15.06704,247.7,1,16.3707855,0.153907025035,0.5067378525000001,-11.224512425000002,20,0.5070390038839537,-0.23296807694557847,0.7400070808295323,57
Valparaíso,San Esteban,2016,1,300.0,300.0,300.0,1,13.170441,0.002572313,0.62336636,8.283356,0,0.6898639614644966,0.5526196396732131,0.13724432179128343,58
Los Lagos,Puerto Montt,2016,163,298.26299999999986,1.82983435582822,62.0,0,14.454990769938656,0.7892280552664779,0.5167258146625767,-52.857466791411056,138,0.5226959714455864,-1.909539645107732,2.4322356165533185,59
Valparaíso,Quintero,2016,23,294.21,12.791739130434781,126.0,0,17.533932043478263,0.017494287139913044,1.172453182608696,9.443902835217392,17,1.5506035628134205,0.5993552090570627,0.9512483537563577,60
Biobío,Tucapel,2016,39,269.1581,6.901489743589743,130.0,0,18.182959807692306,0.16691980494630768,1.0246971233333333,-14.577075220512825,33,1.3189835597083788,-0.3679767869680847,1.6869603466764636,61
Maule,Sagrada Familia,2016,14,265.65,18.974999999999998,243.0,1,20.535865714285713,0.30829545692628574,0.4640451164285714,-3.298138331428571,13,0.4401145629512231,0.08622938684575959,0.3538851761054635,62
Valparaíso,Algarrobo,2016,9,264.44,29.38222222222222,254.0,1,16.947632555555558,1.817113871111111E-4,1.2612952000000002,9.846742588888889,7,1.6898708689729807,0.6155776868468199,1.0742931821261608,63
Araucanía,Temuco,2016,70,263.68000000000006,3.766857142857144,68.2,0,16.227375785714287,0.25140594125437143,0.745093001514286,-14.161921850000013,61,0.8806806712751002,-0.35125843613228575,1.231939107407386,64
Metropolitana,San Bernardo,2016,13,261.8,20.138461538461538,234.0,1,21.870069461538456,0.0016938608618461538,0.8589932392307691,5.8975701,9,1.059228837373597,0.45654332540402326,0.6026855119695738,65
Maule,Linares,2016,30,258.09999999999997,8.603333333333332,220.2,1,18.102179603333333,0.0052180140768,0.8559685026666669,-7.677546512599999,25,1.0544873093726126,-0.09013069505735165,1.1446180044299643,66
Valparaíso,Valparaíso,2016,172,240.57000000000002,1.3986627906976745,75.6,0,16.60198749709302,0.1811950569284884,1.0231727767441858,2.978248126162792,104,1.316594018707874,0.33898135330445817,0.9776126654034158,67
Maule,Longaví,2016,36,235.84910000000002,6.55136388888889,69.0,0,18.596229736111113,0.029892711786944446,0.8632729313888888,-0.8291336099166648,32,1.0659376134184764,0.18565694803475474,0.8802806653837216,68
Araucanía,Angol,2016,115,230.8819999999999,2.00766956521739,22.98,0,16.09470312608695,0.3211729204767305,0.6077941423130439,-7.10390700086956,102,0.6654532054745621,-0.06703005974626258,0.7324832652208246,69
Los Lagos,Maullín,2016,7,229.0,32.714285714285715,225.0,1,14.154521999999998,0.0096325363,0.6649235214285714,-47.918884428571424,7,0.7550082939969723,-1.710661451076801,2.4656697450737735,70
Biobío,Contulmo,2016,45,214.36,4.7635555555555555,50.77,0,15.028329966666668,0.22608401910679998,0.37495466733333316,-13.461418062222219,41,0.3004578192801403,-0.323048938347385,0.6235067576275253,71
Biobío,Quirihue,2016,19,213.6578,11.245147368421053,200.0,1,17.611615684210527,0.09607141701052631,0.44144836084210526,4.755603493684211,15,0.40469225523152974,0.41055598741476096,-0.005863732183231218,72
Biobío,Lebu,2016,150,211.74069999999998,1.4116046666666664,121.97,0,14.472361826666669,0.14265706854322666,0.389892941573333,-8.762991371333339,130,0.32387481580009053,-0.13384188530687943,0.45771670110696994,73
Maule,Romeral,2016,22,192.7,8.759090909090908,151.0,0,18.626748068181822,0.08989583761145455,0.7237360009090908,-11.48803765,21,0.8472017833651917,-0.24358031685149747,1.090782100216689,74
Aysén,Coihaique,2016,31,191.6718,6.18296129032258,117.4,0,10.412229412903228,1.4328589422575484,1.223560023225807,-27.781684645161285,19,1.6307178176228538,-0.8997303717656282,2.530448189388482,75
Metropolitana,Huechuraba,2016,12,188.2,15.683333333333332,154.0,0,17.48818425,0.7302879179166668,0.5347678683333333,15.244708833333334,8,0.5509784022828494,0.8329554076706893,-0.2819770053878399,76
Valparaíso,Quilpué,2016,95,186.18,1.9597894736842105,44.9,0,17.226384657894734,0.1909754233000421,0.995477015157894,7.6986323263157885,61,1.2731785918477245,0.5290726418334156,0.7441059500143089,77
Maule,Rauco,2016,12,173.89999999999998,14.491666666666665,114.0,0,20.427559499999997,0.3569719102903333,0.49774980500000005,-3.701393326666666,11,0.4929494863368015,0.06999018715348379,0.42295929918331776,78
Biobío,Pemuco,2016,25,173.2326,6.929303999999999,80.0,0,18.882337039999996,0.54693602977,0.7715512760799998,-3.724305652000001,21,0.922156233543879,0.06906750093534351,0.8530887326085355,79
Valparaíso,Quillota,2016,47,171.49500000000003,3.6488297872340434,85.0,0,18.14306008510638,0.2384768395508936,0.9676921625531915,11.02785534468085,29,1.2296235073514545,0.663141452024918,0.5664820553265365,80
Maule,Maule,2016,67,167.8504,2.505229850746269,39.0,0,19.86188397761194,0.2766604700296716,0.6637397630746267,-1.7145805611940306,58,0.7531526535923693,0.1499997335463883,0.603152920045981,81
Biobío,San Carlos,2016,53,162.63490000000002,3.068583018867925,41.5,0,19.416415188679245,0.04600821334886793,0.7514262400000001,-8.152497090566044,50,0.8906085532511099,-0.1092570973849868,0.9998656506360967,82
Los Lagos,Puerto Varas,2016,23,160.83,6.992608695652175,50.0,0,14.761563065217395,0.14486407017191302,0.6948722660869567,-61.71305469565217,21,0.8019554605956688,-2.266156827951468,3.0681122885471366,83
Biobío,San Rosendo,2016,20,158.62999999999997,7.931499999999998,137.68,0,19.5983241,0.008489377898400001,0.8012297399999998,-2.88029345,20,0.9686797124388626,0.1030561256339735,0.8656235868048892,84
Aysén,Cochrane,2016,2,155.268,77.634,154.41,0,3.52903685,0.983562343,0.47491739999999993,-85.124582,0,0.45715777841679067,-3.2089460592962613,3.666103837713052,85
Biobío,Santa Bárbara,2016,15,153.022,10.201466666666667,137.16,0,16.043311933333335,2.3841857333333332E-4,0.9953645733333333,-32.16109788000001,15,1.2730023298664455,-1.0760906571814381,2.3490929870478836,86
O'Higgins,Pichilemu,2016,21,152.71300000000002,7.27204761904762,96.153,0,18.289092214285716,0.012123868228571427,0.7548328147619048,2.72100934047619,18,0.8959486446206247,0.32862227019651846,0.5673263744241063,87
Biobío,Treguaco,2016,5,148.3865,29.677300000000002,148.32,0,18.965930800000002,0.0,0.29520263399999996,5.8415995999999994,5,0.17543982476341638,0.45428937656988694,-0.27884955180647053,88
Biobío,Chillán Viejo,2016,24,144.59,6.024583333333333,38.98,0,18.568609249999998,0.30937189362300005,0.5947767855833334,-0.8918161191666663,19,0.6450474081019076,0.18313270457356046,0.4619147035283472,89
Metropolitana,Paine,2016,11,141.75,12.886363636363637,109.0,0,20.332901636363633,0.005537643953090909,0.8568150711818181,7.82230153181818,8,1.0558143764524301,0.5340528378574045,0.5217615385950256,90
Metropolitana,Pirque,2016,19,140.56,7.3978947368421055,76.2,0,16.58169978947369,0.13774015781326313,1.0024088889473686,-7.775627736842104,14,1.2840448848208588,-0.09408045539594337,1.378125340216802,91
Biobío,Chillán,2016,67,135.69400000000005,2.025283582089553,16.2,0,19.18333362686567,0.07953497414214925,0.7166580010447762,-5.698308989552242,58,0.836106425526128,-0.010426205950550596,0.8465326314766786,92
Biobío,Laja,2016,67,132.71509999999998,1.9808223880597011,17.17,0,18.329955522388058,0.05064271282304477,0.6758068799999997,-6.09075099701492,60,0.772068870452992,-0.026229963379671165,0.7982988338326632,93
Los Ríos,Río Bueno,2016,16,132.5,8.28125,75.5,0,15.877449124999998,0.23857072409275,0.6112102843749999,-21.9474271125,13,0.6708082943885331,-0.6647830698156274,1.3355913642041606,94
Magallanes,Punta Arenas,2016,17,132.02970000000005,7.766452941176474,79.8,0,8.244641929411767,1.3329203901764706,0.5743533893441175,-29.84042828764707,9,0.6130320232605534,-0.982636596165379,1.5956686194259324,95
Los Ríos,Lanco,2016,13,131.62,10.124615384615385,42.9,0,15.732244115384614,0.07618175648538462,0.8674681738461538,-29.816949692307695,13,1.0725140074813906,-0.9816911060841337,2.054205113565524,96
Metropolitana,Curacaví,2016,35,121.11,3.4602857142857144,47.0,0,18.959958314285718,0.14416405269594282,0.9632645754285717,12.108928202857147,20,1.222682893554757,0.7066765804997899,0.516006313054967,97
Maule,San Javier,2016,84,120.5966,1.4356738095238095,25.0,0,19.461565654761905,0.3621573062586191,0.5738473506071428,1.109079340476192,71,0.6122387651403506,0.2637093652875175,0.3485293998528331,98
Maule,Parral,2016,17,117.50999999999999,6.91235294117647,31.0,0,19.49352676470588,7.331151995294118E-4,0.7117181727058822,-10.76795338235294,16,0.8283628307063671,-0.2145823072653236,1.0429451379716907,99
Biobío,San Nicolás,2016,27,114.50000000000001,4.240740740740741,20.33,0,17.956942425925927,0.056894389553999995,0.6151507748148147,-4.033039324074071,20,0.6769853433189216,0.056634703296766876,0.6203506400221547,100
Biobío,San Fabián,2016,35,113.8791,3.253688571428571,85.0,0,17.306839714285715,0.094714386072,0.7556200855999999,-13.234628612857144,35,0.897182757623221,-0.31391605915225884,1.21109881677548,101
Los Ríos,La Unión,2016,34,110.0205,3.235897058823529,40.0,0,16.044790749999997,0.31285538013941183,0.8564915629411766,-11.93666470588235,33,1.0553072501791028,-0.2616466630440096,1.3169539132231123,102
Biobío,Tomé,2016,199,107.10040000000001,0.5381929648241206,18.3,0,16.864605974874365,0.09430940130936684,0.5978122354472357,-0.4337337688442202,172,0.6498057300979755,0.2015798183111127,0.4482259117868628,103
Maule,Empedrado,2016,21,105.02199999999999,5.001047619047618,90.0,0,17.560704095238094,0.059045063258476194,0.5714133609523809,-3.5326299809523816,19,0.6084232824172838,0.07678633773848204,0.5316369446788018,104
Araucanía,Carahue,2016,57,103.13,1.809298245614035,10.0,0,14.858320956140357,0.03272239682066667,0.5361039903954385,-9.917851354385965,54,0.5530728855662509,-0.1803484434471868,0.7334213290134377,105
Araucanía,Pitrufquén,2016,16,103.05000000000001,6.440625000000001,35.0,0,15.960925937499997,0.103340718366875,0.6974672048124999,-28.021521749999994,15,0.8060232444727927,-0.9093886839628361,1.7154119284356288,106
Maule,Talca,2016,96,96.78000000000003,1.0081250000000004,17.5,0,19.47087815625,0.0858018194929583,0.6785400807291665,3.5873662624999993,77,0.7763533916054987,0.3635107234771115,0.41284266812838716,107
Biobío,Talcahuano,2016,57,96.05000000000001,1.6850877192982459,50.0,0,16.798905885964913,0.2592693769205965,0.6261483626315786,-3.251525094736842,53,0.6942249836880495,0.08810651587795762,0.6061184678100919,108
Valparaíso,Nogales,2016,19,94.26999999999998,4.96157894736842,37.0,0,18.257447368421055,0.012410118486421054,1.1111856815789476,10.442765778947372,7,1.454561621465336,0.6395797196024767,0.8149819018628593,109
Valparaíso,Catemu,2016,9,92.61,10.29,85.3,0,18.08058722222222,0.5002268322186667,0.49959924711111114,24.66027154222222,5,0.4958486418071016,1.2121229439699333,-0.7162743021628317,110
Los Ríos,Valdivia,2016,15,89.63999999999999,5.975999999999999,80.0,0,15.1692582,0.02719424698453333,0.8310636453333333,-22.284677493333334,13,1.015446858773378,-0.6783642438750211,1.6938111026483993,111
Biobío,Quillón,2016,54,88.4787,1.6384944444444445,22.87,0,18.726949055555558,0.029856752495777787,0.5414688300000002,-0.002614701851852201,51,0.5614827211558078,0.21894111253613044,0.3425416086196773,112
Maule,Curicó,2016,29,87.22,3.0075862068965518,29.1,0,19.325425906896548,0.05331282159434483,0.5894372889655173,3.328642462068966,23,0.6366772997675136,0.35309183837969715,0.2835854613878165,113
Araucanía,Padre Las Casas,2016,42,86.71000000000002,2.06452380952381,30.0,0,15.299092726190478,0.6048566052572857,0.8777786398095235,-18.630463297619038,30,1.0886765267727285,-0.5312079414279398,1.6198844682006683,114
Los Ríos,Paillaco,2016,26,86.60000000000001,3.330769230769231,38.0,0,16.490526692307697,0.03292519062730769,1.0602662446153845,-24.963898115384623,26,1.3747411375850245,-0.7862572624735024,2.160998400058527,115
Maule,Colbún,2016,11,82.22,7.474545454545455,50.2,0,19.07182959090909,0.0,0.7979500490909092,-10.019131663636363,10,0.9635385221399831,-0.1844270318992445,1.1479655540392277,116
Biobío,Coronel,2016,73,80.51000000000002,1.1028767123287675,13.0,0,16.601979246575343,0.08894518800734248,0.7202926297260267,-3.712512735616437,64,0.841804010522409,0.06954240521766725,0.7722616053047417,117
Maule,San Clemente,2016,30,75.13499999999999,2.5044999999999997,15.0,0,18.145219646666664,0.4054696313130667,0.7103064203333334,2.4438067720000007,24,0.8261497905744294,0.3174592395636586,0.5086905510107708,118
Biobío,Quilleco,2016,34,74.51570000000002,2.191638235294118,60.0,0,18.253532882352943,0.01773906535070588,0.8015000728823531,-14.708848999999997,34,0.9691034818826142,-0.3732833566189694,1.3423868385015836,119
Atacama,Vallenar,2016,23,73.32300000000001,3.187956521739131,30.0,0,18.05599526086956,0.026802005520347824,0.8935500869565217,-1.9696424486956523,11,1.1133995916343256,0.13972831478173778,0.9736712768525878,120
Biobío,Yungay,2016,24,72.68169999999999,3.0284041666666663,50.0,0,17.808834229166667,0.0993940804663333,0.9593260604166668,-11.535867504166667,17,1.2165089412731345,-0.24550643943457007,1.4620153807077045,121
Metropolitana,Alhué,2016,10,72.17,7.2170000000000005,55.7,0,17.75664364,0.28944089615679996,0.45264081899999997,0.15772752499999992,7,0.4222373711881847,0.22539814213700132,0.1968392290511834,122
Araucanía,Cholchol,2016,38,70.61999999999999,1.8584210526315788,15.0,0,14.20026292105263,0.44907267213389473,0.5206091580263156,0.4539976342105264,26,0.5287834375459842,0.23732902835821576,0.29145440918776844,123
Los Lagos,Osorno,2016,8,69.75,8.71875,35.5,0,15.723456125000002,0.5073803183125001,0.75382768125,-24.912153250000003,8,0.894373013622545,-0.7841734812136208,1.6785464948361657,124
O'Higgins,Machalí,2016,17,69.45,4.085294117647059,40.0,0,13.886811147058825,0.25942487880635295,0.48840937329411765,0.03118320588235272,11,0.4783075770213462,0.2203021644247817,0.2580054125965645,125
Araucanía,Nueva Imperial,2016,26,69.35,2.667307692307692,12.0,0,15.500063653846151,0.14291166222707694,0.6590840307692306,-3.0238471230769246,24,0.7458544031089667,0.09727517613258062,0.648579226976386,126
Araucanía,Villarrica,2016,21,68.3,3.2523809523809524,29.0,0,15.556784833333333,1.8230243243847621,1.2985599919047621,-48.27967409523809,20,1.748286552627647,-1.7251905592418477,3.473477111869495,127
Biobío,Cobquecura,2016,2,66.55,33.275,65.53,0,15.4988025,0.0493126,0.36802672999999997,1.4371620000000007,2,0.2895976970318358,0.27692135245815214,0.012676344573683662,128
Valparaíso,Concón,2016,14,63.83999999999999,4.56,51.0,0,17.162144857142856,0.005655389762000001,1.1066645207142858,15.38607385714286,6,1.447474322990762,0.8386482196091769,0.6088261033815852,129
Araucanía,Freire,2016,11,61.2,5.5636363636363635,38.0,0,15.529669181818184,0.7483415828181819,0.6419709848181818,-19.015435999999998,10,0.7190282697120836,-0.5467109076995622,1.2657391774116458,130
Los Lagos,Castro,2016,23,60.71,2.6395652173913042,30.85,0,15.290924391304348,0.7088893310284349,0.8620361139130432,-30.754061060869567,19,1.0639987983945736,-1.0194288621632441,2.0834276605578177,131
Los Ríos,Panguipulli,2016,9,59.31,6.59,37.5,0,13.523771666666667,0.7943988892853332,0.51787568,-50.19556488888889,7,0.5244984817069626,-1.8023440565427755,2.326842538249738,132
O'Higgins,San Vicente,2016,14,59.05000000000001,4.217857142857143,43.0,0,21.17869907142857,0.032624229815714285,0.5833842492857144,-4.807996328571428,12,0.6271886528970794,0.025426952127980882,0.6017617007690985,133
Los Ríos,Corral,2016,12,59.0,4.916666666666667,51.0,0,12.787170666666666,7.623351063914,0.7729410301666665,-35.30843287500001,7,0.924334789519503,-1.2028347820796697,2.1271695715991727,134
Biobío,Portezuelo,2016,4,57.076,14.269,50.0,0,17.512660999999998,0.0,0.868012665,-22.6554305,3,1.073367542986892,-0.6932945787322914,1.7666621217191834,135
Biobío,Coelemu,2016,39,55.5082,1.4232871794871795,46.65,0,17.076763692307694,0.0930976832834359,0.5835327184358976,1.5457283230769225,30,0.6274213907299309,0.2812933508738477,0.34612803985608315,136
Biobío,Ránquil,2016,23,54.8194,2.3834521739130436,21.0,0,18.012499760869563,0.039037720280608694,0.6258464025652173,-8.012466291304348,22,0.6937516359833854,-0.10361801506949798,0.7973696510528834,137
Maule,Molina,2016,28,52.830000000000005,1.8867857142857145,8.0,0,18.453001107142857,0.5549059957131429,0.5883371780357142,24.368956853571426,21,0.6349527837089064,1.2003916140219926,-0.5654388303130862,138
Maule,San Rafael,2016,25,52.77,2.1108000000000002,5.0,0,19.959941800000003,0.048532339442880004,0.6299238657999999,-4.438498571999999,23,0.7001434012465683,0.04030673768716171,0.6598366635594065,139
Coquimbo,Paiguano,2016,3,52.0,17.333333333333332,30.0,0,9.815877133333332,0.022058064766666666,0.6642707733333333,14.408658666666666,0,0.7539850566652018,0.7992874165246793,-0.0453023598594775,140
Maule,Teno,2016,10,51.0,5.1,26.0,0,18.295817449999998,0.00756215301,0.590480326,-11.371814270000002,9,0.6383123477130962,-0.23889996645529998,0.8772123141683962,141
Biobío,San Pedro de la Paz,2016,36,48.93,1.3591666666666666,10.0,0,16.628880916666667,0.07478567218944446,0.635438254722222,4.2649806055555555,34,0.7087876679220024,0.3907984564529482,0.31798921146905423,142
Biobío,Los Alamos,2016,176,48.857800000000005,0.27760113636363637,4.62,0,14.821546488636356,0.1561366358760341,0.4891372008744314,-10.080131806250014,149,0.4794485077367359,-0.1868835259510429,0.6663320336877788,143
Los Lagos,Puerto Octay,2016,3,48.02,16.006666666666668,45.84,0,18.846963333333335,0.09836318833333334,1.6022071999999998,-52.67012,3,2.2242789933219784,-1.9019951335868392,4.126274126908818,144
Maule,Yerbas Buenas,2016,13,48.0,3.6923076923076925,15.0,0,18.517438153846154,0.853895158221846,0.58838404,1.9184692123076919,12,0.6350262437643966,0.2963037383586227,0.3387225054057739,145
Metropolitana,Maipú,2016,5,47.91,9.581999999999999,40.0,0,17.2528122,0.8080326006968,0.46684036119999994,41.003491600000004,2,0.4444963433385239,1.8702693209946228,-1.425772977656099,146
Los Lagos,San Pablo,2016,8,47.510000000000005,5.938750000000001,20.5,0,16.560190374999998,0.17527650709999998,0.83705042375,-21.200610375,8,1.024831635561945,-0.6347085356449202,1.6595401712068651,147
Coquimbo,Los Vilos,2016,5,47.0,9.4,43.0,0,17.9785968,0.02468451796,0.793661502,5.6230551,5,0.9568158652460187,0.44548852396035354,0.5113273412856651,148
Valparaíso,Olmué,2016,8,46.059999999999995,5.757499999999999,36.3,0,15.197004875000001,1.8580045809355,1.20169877875,10.05805975,0,1.5964484851961545,0.6240874923500649,0.9723609928460896,149
Metropolitana,Peñalolén,2016,4,45.8,11.45,43.0,0,14.289301000000002,1.0036081125,-0.027988192499999953,72.28181900000001,1,-0.3311888753019011,3.1298569533538454,-3.4610458286557466,150
Metropolitana,Lo Barnechea,2016,2,44.0,22.0,40.0,0,18.4488245,0.3055781,-0.01525116,16.725407,2,-0.31122250964713616,0.892583567263082,-1.2038060769102181,151
Los Lagos,Ancud,2016,13,43.79,3.3684615384615384,20.0,0,15.099559846153848,0.3768464997692308,0.9361769503076922,-32.874755846153846,12,1.1802207715587048,-1.1048298776776728,2.2850506492363776,152
O'Higgins,San Fernando,2016,21,43.760000000000005,2.0838095238095242,13.2,0,19.664308714285717,0.47194209497466666,0.5093344314285714,8.216319657142858,19,0.5111093589167537,0.549920066025888,-0.03881070710913437,153
Biobío,Yumbel,2016,57,43.07,0.7556140350877193,7.47,0,18.971629035087716,0.08057494052968421,0.693408549122807,5.040723617543861,51,0.7996609616123854,0.4220378603793092,0.37762310123307624,154
Biobío,Cabrero,2016,50,42.99999999999999,0.8599999999999999,12.98,0,18.9686255,0.04795499236256001,0.8289108593199999,-6.357161586000003,42,1.0120721863197526,-0.03695839775929039,1.049030584079043,155
Araucanía,Lonquimay,2016,11,42.95,3.9045454545454548,40.0,0,13.06877827272727,0.9383508621363635,0.7504589563636362,-19.27121436363636,9,0.8890922551043074,-0.5570111791732039,1.4461034342775112,156
Metropolitana,San José de Maipo,2016,9,42.0,4.666666666666667,18.0,0,8.108214600000002,1.5429093536555554,-0.9663342484444445,26.822056111111106,5,-1.8021249401736301,1.2991786574029174,-3.1013035975765475,157
Los Ríos,Los Lagos,2016,45,40.9025,0.9089444444444446,9.1,0,16.358742622222227,0.14983763429084443,0.9091773984444446,-16.57360712222222,40,1.1378967117734768,-0.44837772589437125,1.5862744376678481,158
Biobío,Penco,2016,114,40.74349999999999,0.35739912280701747,6.39,0,17.601233903508767,0.03599288839696491,0.625881093333333,-2.013386575438604,103,0.6938060166690784,0.13796672566831938,0.555839291000759,159
Biobío,Negrete,2016,24,37.435,1.5597916666666667,12.4,0,19.13189004166667,0.4131920291438333,0.8590803916666667,0.19381643333333307,21,1.0593654561191985,0.22685145330740653,0.832514002811792,160
Valparaíso,Los Andes,2016,5,37.300000000000004,7.460000000000001,14.0,0,16.0081898,1.6745124052968001,0.2699565948,22.020877000000002,2,0.13586454300122183,1.1058337335596755,-0.9699691905584537,161
Los Lagos,Purranque,2016,2,37.0,18.5,35.5,0,16.379197,0.273931777,0.734607715,-33.136976000000004,2,0.8642441061223294,-1.115389561976519,1.9796336680988484,162
Los Ríos,Lago Ranco,2016,3,36.1,12.033333333333333,20.0,0,9.124839733333333,0.13885895449466665,0.8959837166666667,-159.49801393333334,0,1.117214510114046,-6.203986485893277,7.321200996007323,163
Valparaíso,Viña del Mar,2016,64,35.56999999999999,0.5557812499999999,16.0,0,16.9947816171875,0.03562174777925001,0.97609159578125,0.6062278499999981,44,1.242790322708501,0.24345938483884377,0.9993309378696573,164
O'Higgins,Santa Cruz,2016,11,34.519999999999996,3.1381818181818177,19.0,0,19.42024081818182,0.12536203395309092,0.8894436517272727,10.576611293636363,6,1.10696241034231,0.6449697186517548,0.4619926916905551,165
Coquimbo,La Serena,2016,42,33.8772,0.8066000000000001,10.0,0,19.261188380952376,0.009632492034619047,0.8171215202380954,-0.05624050066666662,32,0.9935914095032286,0.21678158552246657,0.7768098239807619,166
Maule,Villa Alegre,2016,15,33.82,2.2546666666666666,6.0,0,20.415955133333334,0.11306355136346666,0.6838873513333332,2.176260681333334,13,0.7847356863148643,0.3066850781905095,0.47805060812435485,167
Maule,Hualañé,2016,9,33.42,3.7133333333333334,26.2,0,19.504132555555557,0.2650643798853333,0.6854414422222221,0.6261044555555562,7,0.7871718539974305,0.2442598217103839,0.5429120322870467,168
Magallanes,Timaukel,2016,4,33.010000000000005,8.252500000000001,30.0,0,9.6487064,0.1420145817425,0.20568167999999998,-13.772166750000002,3,0.03510822858295646,-0.3355628812731425,0.37067110985609897,169
Maule,Pencahue,2016,16,32.14,2.00875,15.0,0,20.478204375,0.0378753746875,0.8251631802499999,-9.65664063125,11,1.0061973853668362,-0.16982940922601322,1.1760267945928495,170
Biobío,Curanilahue,2016,173,31.93269999999999,0.18458208092485542,4.0,0,15.00664360057804,0.31753591246935264,0.7429925767624269,-5.770297391329467,120,0.8773880794860837,-0.01332520049691177,0.8907132799829954,171
O'Higgins,Coltauco,2016,22,31.550000000000004,1.4340909090909093,10.3,0,20.317455863636365,9.220940265454548E-4,0.26186670681818175,45.12963054090909,17,0.12318296575384716,2.036430174575459,-1.913247208821612,172
Biobío,Bulnes,2016,20,30.77,1.5385,16.6,0,18.30957645,0.069715581575,0.8672902106,-8.330397871,16,1.0722350351818526,-0.11642121520868046,1.1886562503905331,173
Araucanía,Vilcún,2016,10,28.83,2.883,18.0,0,16.7984301,0.0049833208514,1.3391686308599997,-28.865679800000002,10,1.811943996708331,-0.9433831820042016,2.7553271787125326,174
O'Higgins,Palmilla,2016,2,27.9,13.95,26.4,0,19.692451,2.2351742E-5,0.790961735,11.07480985,1,0.9525837542653278,0.6650323240471716,0.2875514302181562,175
Los Lagos,Dalcahue,2016,14,27.3182,1.9513,18.5,0,14.6272455,0.25075966425714286,0.6636452571428572,-32.20853414285715,13,0.7530045076258536,-1.0780009297243427,1.8310054373501963,176
Coquimbo,Illapel,2016,2,26.82,13.41,20.32,0,18.718870000000003,2.2351742E-5,0.6321477799999999,6.7897251,2,0.7036295730924849,0.4924706750278219,0.21115889806466298,177
Metropolitana,Talagante,2016,7,26.7,3.814285714285714,18.0,0,21.64409,0.006595626571428571,0.5887441542857144,27.028252742857145,6,0.6355907530805248,1.3074822576517413,-0.6718915045712165,178
Valparaíso,Petorca,2016,1,24.9,24.9,24.9,0,16.020967,0.16437843,-0.14805412,29.520851,1,-0.5194022767471358,1.4078599376020222,-1.927262214349158,179
Valparaíso,Cabildo,2016,4,24.290000000000003,6.072500000000001,20.5,0,20.324956750000002,0.07156604917500001,0.4201536225,8.327366275,4,0.3713109686358476,0.5543919466568255,-0.18308097802097784,180
Los Lagos,Hualaihué,2016,3,24.0,8.0,22.0,0,10.959001766666667,0.032106414566666665,1.1257734396666665,-251.81852766666665,1,1.477429154547524,-9.921761283261644,11.399190437809168,181
Biobío,Nacimiento,2016,31,22.819999999999997,0.7361290322580644,10.14,0,18.334834,0.4237312326043226,0.8487962429032259,-4.973466519354841,26,1.0432441912438157,0.0187634178804652,1.0244807733633505,182
Biobío,Santa Juana,2016,16,22.575,1.4109375,12.5,0,17.0452975,2.1909363537499997E-4,0.67976201,2.597260243750001,14,0.7782688681205914,0.32363885692896843,0.45463001119162294,183
Metropolitana,El Monte,2016,4,21.6,5.4,12.0,0,19.800884500000002,0.001166015875,1.08676909,6.416468875,3,1.4162865683469334,0.47743953481694573,0.9388470335299877,184
Metropolitana,Renca,2016,14,21.130000000000003,1.5092857142857146,5.0,0,19.409036214285713,0.2990950217098572,0.6759907852857141,17.371650035714286,8,0.7723571573974132,0.9186079682764173,-0.14625081087900416,185
Araucanía,Loncoche,2016,16,20.320000000000004,1.2700000000000002,4.75,0,16.94003678125,0.00663078390425,0.7882645690625,-34.5386031875,15,0.9483557206680436,-1.1718335095052939,2.1201892301733376,186
O'Higgins,Mostazal,2016,5,19.799999999999997,3.9599999999999995,11.2,0,18.6216352,0.6412878230600001,0.5806312483999999,2.8075455600000008,4,0.6228730933401678,0.3321071097299557,0.2907659836102121,187
Maule,Constitución,2016,46,19.7609,0.42958478260869565,6.5,0,16.359993608695653,0.030607187346086962,0.7444803191304348,-4.52944455,34,0.8797202403029559,0.0366443158563315,0.8430759244466244,188
Magallanes,Natales,2016,13,19.63,1.51,6.2,0,9.684800599999999,1.0414745356076922,0.5339354196923077,-54.20668784615385,7,0.5496734692888,-1.9638731819410566,2.5135466512298565,189
Biobío,Ñiquén,2016,25,18.165,0.7265999999999999,4.4,0,18.679452920000003,0.07728270797936,0.8686243895999998,-18.2007345608,25,1.0743264725525985,-0.5139026362162995,1.588229108768898,190
O'Higgins,Doñihue,2016,2,18.1,9.05,16.1,0,19.8631045,0.02993550155,1.4621019,-7.9139405,0,2.004652196423208,-0.09965035188187618,2.104302548305084,191
Maule,Pelluhue,2016,9,17.81,1.9788888888888887,7.0,0,15.64396877777778,0.10529180639333334,0.661937822,-5.719776244444443,4,0.7503279599767773,-0.011290698748299091,0.7616186587250764,192
O'Higgins,Quinta de Tilcoco,2016,2,17.0,8.5,15.0,0,23.1162585,0.00119768085,0.38206196,-5.04882765,2,0.3115990960412775,0.015728602530292433,0.29587049351098504,193
Biobío,Pinto,2016,3,16.35,5.45,15.0,0,16.107680666666667,0.053292139999999995,0.6820491133333334,-13.063604933333332,3,0.7818540942275017,-0.3070288842463283,1.08888297847383,194
Valparaíso,El Tabo,2016,16,16.189999999999998,1.0118749999999999,10.8,0,16.06458834375,1.4151938683345002,1.0607910087499999,3.97487527875,9,1.3755637493349935,0.37911582786949627,0.9964479214654972,195
Biobío,El Carmen,2016,6,15.64,2.606666666666667,8.0,0,16.941549499999997,2.2351741999999996E-5,0.466977448,5.593186366666667,6,0.4447112383837586,0.4442857011041384,4.255372796201917E-4,196
O'Higgins,Rengo,2016,12,15.01,1.2508333333333332,2.6,0,18.20872241666667,0.6715890998249999,0.4785520225,2.4851575,11,0.4628553537234437,0.3191244457913372,0.14373090793210652,197
Los Lagos,Río Negro,2016,1,14.7,14.7,14.7,0,17.04866,0.39505398,0.3883791,-18.702677,1,0.3215017422920696,-0.5341160088972359,0.8556177511893055,198
Biobío,Ninhue,2016,7,14.185,2.0264285714285717,5.47,0,18.215418142857143,6.386212E-6,0.6280298181428572,-9.119954242857144,6,0.6971743228454523,-0.14821688728293841,0.8453912101283907,199
Coquimbo,Coquimbo,2016,20,12.893199999999998,0.6446599999999999,4.0,0,19.64476455,0.008952151959200003,0.8506833,0.12747019350000008,18,1.0462023113558285,0.22417967031597952,0.822022641039849,200
Araucanía,Toltén,2016,2,12.2,6.1,11.7,0,16.2916905,2.2351742E-5,0.30145693,-25.869089000000002,2,0.18524395777863284,-0.8227095710833878,1.0079535288620207,201
Valparaíso,Calera,2016,8,11.89,1.48625,5.0,0,18.407936125,0.00244425615,0.9928367349999999,5.007913950000001,7,1.2690397314763209,0.4207166052197361,0.8483231262565848,202
Valparaíso,La Cruz,2016,9,11.530000000000001,1.2811111111111113,7.62,0,17.894322111111112,0.0025441662726666666,0.9950075166666666,-0.9270448666666664,5,1.2724426136243665,0.1817140323380845,1.090728581286282,203
O'Higgins,Peralillo,2016,4,11.5,2.875,4.5,0,20.284805249999998,4.3679029599999995E-4,0.33490681474999995,25.2903745325,3,0.23767945482460842,1.237497380509224,-0.9998179256846156,204
Biobío,Lota,2016,64,11.480599999999999,0.17938437499999998,2.7,0,16.082233085937496,0.43767311275500004,0.55694560328125,0.7591738781249995,47,0.5857438600426976,0.2496185672970694,0.3361252927456282,205
O'Higgins,Lolol,2016,5,11.4,2.2800000000000002,4.9,0,20.225042199999997,5.245208736E-4,0.699370948,0.29952549999999967,4,0.8090075214301136,0.23110838914987647,0.5778991322802371,206
Araucanía,Cunco,2016,8,11.179999999999998,1.3974999999999997,5.0,0,14.423530375,0.025113345492000005,1.6866782937500002,-34.979402,5,2.356694510442661,-1.1895846099872085,3.54627912042987,207
Maule,Pelarco,2016,8,10.860600000000002,1.3575750000000002,4.0,0,19.529998,0.11267501529,0.552061915,13.719366562500001,7,0.5780882694671591,0.7715294166039036,-0.19344114713674454,208
Los Lagos,Calbuco,2016,16,10.220000000000002,0.6387500000000002,2.5,0,14.317945687500002,0.8129820558875,0.5040470949999999,-58.1479503125,15,0.5028210160494008,-2.122589004401922,2.625410020451323,209
O'Higgins,Navidad,2016,5,10.2,2.04,4.9,0,18.1354794,0.001402571788,1.19940662,14.3824896,2,1.5928553343000358,0.7982335803555587,0.7946217539444771,210
Los Lagos,San Juan de la Costa,2016,7,9.85,1.407142857142857,4.8,0,14.223800714285716,0.08778192546914286,0.7668297728571429,-47.43484042857143,6,0.9147548816365401,-1.6911688539145344,2.6059237355510745,211
Biobío,Chiguayante,2016,18,9.182,0.5101111111111112,2.0,0,16.69828097222222,0.013778400009444445,0.6142209433333333,-2.512882077777777,15,0.6755277545629401,0.11785189186919881,0.5576758626937413,212
Valparaíso,Calle Larga,2016,3,9.0,3.0,4.0,0,9.7985992,0.524605369,0.08107130853333333,4.130600000000001,1,-0.1602289695500904,0.3853869091338701,-0.5456158786839604,213
Valparaíso,El Quisco,2016,12,8.91,0.7425,3.6,0,14.646481416666665,6.157594446666667E-4,0.9649841666666666,4.720692733333333,2,1.2253784969016537,0.4091501206172218,0.8162283762844319,214
Maule,Chanco,2016,14,8.49,0.6064285714285714,2.0,0,16.859417,0.0973657887274286,0.8032567828571429,-5.81752027142857,12,0.9718572719593864,-0.015226880052104774,0.9870841520114912,215
Magallanes,Torres del Paine,2016,2,8.02,4.01,8.01,0,5.1801365,4.193184,0.956682225,23.562147000000003,1,1.212364507735716,1.1679011390605942,0.044463368675121684,216
Los Lagos,Llanquihue,2016,3,7.800000000000001,2.6,5.9,0,12.792090666666667,0.0022059926999999997,0.10250250000000001,-48.05177466666667,2,-0.12663378124851815,-1.7160129808509295,1.5893791996024114,217
Biobío,Concepción,2016,25,7.746,0.30984,1.8,0,17.05124754,2.26348636E-4,0.619523086,0.268155488,17,0.6838393074490929,0.2298451093511568,0.4539941980979362,218
Los Lagos,Quellón,2016,4,7.21,1.8025,3.2,0,15.151712000000002,0.0293944025,0.668062925,-26.08193275,4,0.7599295721396652,-0.8312808527793827,1.5912104249190477,219
Araucanía,Purén,2016,19,6.920499999999999,0.3642368421052631,1.2,0,15.631330999999998,0.606630113931579,0.6480133710526317,-15.6721912,18,0.7285002164142957,-0.4120774361530857,1.1405776525673814,220
Biobío,San Ignacio,2016,7,6.8999999999999995,0.9857142857142857,3.0,0,17.278173714285714,0.9843565581382856,0.5703863428571428,-0.7302404285714305,6,0.6068133455011627,0.18963940612959249,0.4171739393715702,221
O'Higgins,Nancagua,2016,3,6.8,2.2666666666666666,5.0,0,22.572543333333332,0.0,0.5945294733333334,-0.6104814333333334,3,0.6446597254282235,0.19446213681261723,0.4501975886156062,222
Valparaíso,Papudo,2016,7,6.780000000000001,0.9685714285714287,2.5,0,18.959972285714286,0.0027356935142857147,1.1060679271428573,-0.15958757571428553,4,1.4465391125801406,0.21261976779143016,1.2339193447887105,223
Metropolitana,Recoleta,2016,6,6.5,1.0833333333333333,3.5,0,18.658025999999996,0.47199150733333334,0.6036297549999999,15.637381633333334,4,0.6589251794355064,0.8487684591845586,-0.18984327974905213,224
O'Higgins,Rancagua,2016,4,6.37,1.5925,3.0,0,20.3018345,0.4358375675,0.22751355525000003,23.6447475,3,0.06933152228741346,1.1712274859875302,-1.1018959637001169,225
Aysén,Aisén,2016,5,6.2677,1.2535399999999999,4.0,0,10.81681916,0.8338317275200001,1.533175392,-93.7488208,3,2.116065850241946,-3.556246744274466,5.672312594516412,226
Biobío,Quilaco,2016,8,6.23,0.77875,3.7,0,15.752035375,0.01396937337125,1.05009507125,-30.226912499999997,6,1.3587969711120822,-0.9982004313972412,2.3569974025093234,227
Aysén,Guaitecas,2016,1,5.999999999999999,5.999999999999999,5.999999999999999,0,15.265538,0.0,0.21202278,-20.808868,1,0.04504843414131005,-0.6189329526250613,0.6639813867663714,228
Araucanía,Teodoro Schmidt,2016,2,5.96,2.98,5.0,0,14.086739999999999,0.00254716725,0.5272541000000001,16.2919544,1,0.5391999408564123,0.8751283009634541,-0.33592836010704175,229
Aysén,"\"Villa O\"\"Higgins\"",2016,1,5.9,5.9,5.9,0,7.9529533,7.232058,2.96246,-157.5997,1,4.356589230240812,-6.1275408140328995,10.484130044273712,230
Valparaíso,Hijuelas,2016,7,5.71,0.8157142857142857,4.82,0,20.824466857142856,3.834388074285714E-4,0.9520514428571428,-4.022241645714286,5,1.2051053687226185,0.057069529045159634,1.1480358396774588,231
Los Lagos,Quinchao,2016,5,5.6,1.1199999999999999,5.0,0,15.208287799999999,1.1841452806967998,0.46662941,-28.3996902,5,0.444165659657336,-0.9246176409488309,1.368783300606167,232
Biobío,Hualpén,2016,6,5.2299999999999995,0.8716666666666666,2.5,0,18.539797,2.666687E-4,0.7098123233333333,-2.3228387666666666,5,0.8253752521275091,0.12550499304775323,0.6998702590797559,233
O'Higgins,Codegua,2016,4,5.05,1.2625,2.5,0,15.942023249999998,0.851679675871,0.8798665985,-3.40441555,1,1.091949576966021,0.08194957135555822,1.0100000056104628,234
Los Lagos,Chonchi,2016,12,4.914,0.4095,1.2,0,14.754303166666666,0.08242250848333332,0.6050717791666667,-36.848560133333336,11,0.6611856731411381,-1.264856169030686,1.9260418421718242,235
Metropolitana,La Reina,2016,3,4.909999999999999,1.6366666666666665,4.8,0,16.242144333333332,2.7182938333333335,1.0570242,-1.4942753333333343,2,1.3696589610058387,0.15887149119534152,1.2107874698104972,236
Metropolitana,Quilicura,2016,5,4.9,0.9800000000000001,3.0,0,18.2852746,1.0775767006968,0.8586936959999999,27.057740680000002,1,1.0587592782612256,1.308669745731073,-0.24991046746984735,237
Metropolitana,Puente Alto,2016,7,4.9,0.7000000000000001,2.0,0,17.18120342857143,0.45169025558571424,0.5947784714285714,12.928079428571428,4,0.645050050805572,0.7396640462215536,-0.09461399541598159,237
Coquimbo,Vicuña,2016,3,4.75,1.5833333333333333,2.5,0,17.556163333333334,0.016527871333333333,0.6648928433333333,10.6386307,2,0.7549602035122291,0.6474672587606898,0.10749294475153937,239
Atacama,Huasco,2016,2,4.6499999999999995,2.3249999999999997,4.35,0,16.595533,0.018936582,1.2358227,-0.60808861,1,1.6499405909320788,0.19455849652643897,1.45538209440564,240
O'Higgins,Placilla,2016,3,4.5,1.5,3.7,0,20.069707333333337,0.1521719,0.3853829733333334,-6.129276533333333,3,0.31680506270248254,-0.027781398290371625,0.34458646099285417,241
Metropolitana,Buin,2016,2,4.3,2.15,4.0,0,22.984471,6.20260842E-4,0.731173495,1.5333138499999999,2,0.8588606785257593,0.2807934163169267,0.5780672622088325,242
Metropolitana,Las Condes,2016,7,4.21,0.6014285714285714,1.5,0,14.893808285714288,1.375889879069143,0.4750397471428572,24.838181714285717,3,0.45734956781444697,1.2192874399973674,-0.7619378721829204,243
Araucanía,Saavedra,2016,3,4.12,1.3733333333333333,2.0,0,15.105322666666666,0.0,0.31168302,-1.2614913333333344,3,0.2012742106776919,0.1682457727437567,0.0330284379339352,244
Araucanía,Curacautín,2016,8,3.8600000000000003,0.48250000000000004,1.0,0,12.405435100000002,0.06758817690475,1.5600255425000003,-50.030962875,7,2.158155710872236,-1.7957154840393792,3.953871194911615,245
O'Higgins,Olivar,2016,1,3.5,3.5,3.5,0,20.058836,1.320813,-0.07357025,17.267117,1,-0.4026425696645026,0.9143983915533768,-1.3170409612178795,246
Araucanía,Melipeuco,2016,13,3.15,0.2423076923076923,1.0,0,11.819286169230768,1.888031551091077,0.8860257353846154,-76.3275056923077,9,1.1016045400946761,-2.8546851560073736,3.9562896961020497,247
O'Higgins,Malloa,2016,3,3.1,1.0333333333333334,1.5,0,20.752751,0.07572025,0.6226215333333333,-2.1762670000000006,3,0.6886963832569284,0.1314074820838637,0.5572889011730646,248
Metropolitana,La Florida,2016,2,2.5,1.25,1.5,0,14.338252,0.016370788,0.9063425,16.86625,0,1.1334527709312199,0.8982553571460784,0.23519741378514147,249
Araucanía,Renaico,2016,9,2.3899999999999997,0.26555555555555554,1.0,0,19.36278,0.002665652164888889,0.42106247,-12.851220622222225,9,0.37273566324265023,-0.29847610429228627,0.6712117675349365,250
Maule,Licantén,2016,9,2.2220999999999997,0.24689999999999998,1.3,0,18.310674555555558,0.013255410808888889,0.2911753126666667,2.9685964777777776,8,0.16912666113204716,0.33859267852712194,-0.16946601739507478,251
Metropolitana,Isla de Maipo,2016,2,2.1,1.05,1.5,0,20.2537375,0.0,0.6565742400000001,0.6401490999999999,2,0.7419200957877432,0.24482540375755893,0.4970946920301843,252
Los Lagos,Fresia,2016,3,2.0500000000000003,0.6833333333333335,1.5,0,16.501171333333332,0.17137142333333333,0.7584498733333334,-28.49759366666667,3,0.9016186869975947,-0.9285602429365073,1.830178929934102,253
Metropolitana,Vitacura,2016,1,2.0,2.0,2.0,0,13.334104,7.6754293,-0.61711407,52.095856,1,-1.25469304998696,2.316962164674676,-3.571655214661636,254
Aysén,Cisnes,2016,1,1.8,1.8,1.8,0,14.498969,6.2584877E-4,2.1038675,-125.14761,1,3.0106735467063,-4.820685409475416,7.831358956181717,255
O'Higgins,Chépica,2016,2,1.5,0.75,1.0,0,18.7926085,2.2351742E-5,0.647558215,-7.014412800000001,2,0.7277867211651611,-0.06342610141621553,0.7912128225813766,256
Los Lagos,Chaitén,2016,1,1.5,1.5,1.5,0,8.83791,0.10094978,1.3102751,-472.0012,0,1.7666509661529022,-18.788583584343822,20.555234550496724,256
O'Higgins,Peumo,2016,3,1.45,0.48333333333333334,1.0,0,22.218853666666664,4.215786666666667E-4,0.3773810133333333,-2.0449803666666666,3,0.30426131993392125,0.13669443421291994,0.1675668857210013,258
Atacama,Freirina,2016,6,1.2100000000000002,0.2016666666666667,0.7,0,21.099371333333334,0.0020548080666666665,0.7540286466666667,-0.5725124058333333,6,0.894688043751669,0.19599116094616814,0.6986968828055009,259
Los Lagos,Futaleufú,2016,1,1.2,1.2,1.2,0,13.51014,0.0021979213,2.087103,-101.78115,1,2.984393788291669,-3.879711052003332,6.864104840295001,260
Los Ríos,Máfil,2016,1,1.2,1.2,1.2,0,15.978379,0.0,0.81409645,-43.13059,1,0.9888493584403016,-1.517835397266675,2.5066847557069765,260
Valparaíso,Putaendo,2016,3,1.15,0.3833333333333333,1.0,0,19.536920000000002,0.21864783333333335,0.42012564999999996,17.368557166666665,1,0.37126711939833656,0.9184834175115676,-0.547216298113231,262
Magallanes,Laguna Blanca,2016,1,1.0,1.0,1.0,0,9.709683,0.635542,-0.03265953,9.93837,1,-0.33851158823537414,0.6192675501935618,-0.957779138428936,263
Los Lagos,Puqueldón,2016,1,1.0,1.0,1.0,0,13.805669,0.03121607,0.9811363,-57.854755,1,1.2506983192572807,-2.110781941167118,3.3614802604243987,263
Araucanía,Curarrehue,2016,1,0.85,0.85,0.85,0,13.843341,0.0,1.8959284,-54.657593,1,2.6847115846462417,-1.9820312678223255,4.666742852468567,265
Araucanía,Gorbea,2016,2,0.51,0.255,0.5,0,15.4117785,0.002713874,0.68376541,11.033917500000001,2,0.7845445330576392,0.663385576839132,0.12115895621850714,266
Los Lagos,Puyehue,2016,2,0.5,0.25,0.3,0,13.2465115,0.0,0.7972602900000001,-41.2568415,1,0.9624572669714193,-1.442378982779766,2.4048362497511855,267
O'Higgins,Pumanque,2016,2,0.28,0.14,0.25,0,19.299325,4.18163842E-4,1.1614537500000002,3.7981815699999997,1,1.5333610305783678,0.3720003191848093,1.1613607113935585,268
Los Lagos,Los Muermos,2016,1,0.2,0.2,0.2,0,13.053393,0.0,0.962512,-47.44852,1,1.2215031685136488,-1.6917197343617865,2.913222902875435,269
O'Higgins,Graneros,2016,1,0.05,0.05,0.05,0,19.592676,0.0,1.6565914,-3.5404682,0,2.309530783567616,0.07647069030485032,2.233060093262766,270
Magallanes,Porvenir,2016,1,0.01,0.01,0.01,0,6.8058114,0.0,0.9255614,-12.6283,0,1.1635800069952216,-0.28949902392740273,1.4530790309226242,271
Maule,Cauquenes,2017,35,180372.8928,5153.5112228571425,159812.58,4,18.658245171428568,0.006905038497714287,1.1141603340971427,-0.9161185600000006,30,1.4592246385279173,0.1821540379870022,1.2770706005409151,1
O'Higgins,Pumanque,2017,3,46490.350000000006,15496.783333333335,46490.0,1,22.993410333333333,0.004568447666666667,1.16186268,-3.0698008,3,1.5340020626168116,0.09542460777022832,1.4385774548465833,2
Maule,Vichuquén,2017,26,44400.829999999994,1707.7242307692306,37308.12,2,19.146486961538457,3.7353198092307695E-4,1.5500991657692311,-2.0085965269230774,24,2.1425952836350843,0.1381596223597377,2.0044356612753464,3
Biobío,Florida,2017,29,30514.382,1052.2200689655174,30391.1,1,19.200522975862068,0.17153071603172415,1.3645778586206891,-4.1269072172413805,25,1.8517750902126564,0.05285461506515768,1.7989204751474988,4
Biobío,Concepción,2017,18,18958.164,1053.2313333333334,15204.700000000004,3,20.04213288888889,0.5395807733713335,1.2827442286666666,-7.809375583333335,15,1.7234940185800967,-0.09543949130331454,1.8189335098834112,5
O'Higgins,Paredones,2017,2,14333.0,7166.5,12684.0,2,22.9466685,0.0,1.9840659999999999,-1.7505307,2,2.8228746575231782,0.14855201066650064,2.6743226468566776,6
Biobío,San Nicolás,2017,15,12362.490000000002,824.166,12249.4,1,20.56078206666667,0.0045683233856,0.7897880043333331,-4.34569572,13,0.9507438331007331,0.04404393639129902,0.9066998967094341,7
Biobío,Yumbel,2017,42,12143.590000000004,289.13309523809534,11655.9,2,19.232851904761894,0.05036541459095239,0.8218758616666672,-1.0915730428571435,36,1.0010442380494744,0.17508843330096516,0.8259558047485093,8
Biobío,Quirihue,2017,21,11285.679999999997,537.4133333333332,10829.8,2,19.589722238095238,0.2627683373547619,1.2724920188095241,-3.415757392857143,17,1.707422820616435,0.08149283193952989,1.6259299886769052,9
O'Higgins,Santa Cruz,2017,10,10419.409999999998,1041.9409999999998,8169.0,2,20.764897100000002,0.0011542811984,1.139724637,-3.4133876750000005,9,1.4992988253110333,0.0815882611888905,1.4177105641221428,10
Biobío,Hualqui,2017,69,9906.852000000006,143.5775652173914,9051.4,2,19.09016389855073,0.08670628088794201,0.9335398436231883,-1.6086648797101448,58,1.1760868858727391,0.15426498982956158,1.0218218960431775,11
Metropolitana,Alhué,2017,16,9465.380000000001,591.5862500000001,7606.51,3,22.233335437500003,0.07969571652625002,1.0950505643750004,-1.4963244499999993,16,1.4292684733182697,0.15878897265214753,1.2704795006661223,12
Metropolitana,San Pedro,2017,34,9329.910000000003,274.4091176470589,7980.5,3,19.748250205882353,0.020778436171176466,1.0010590261764707,-0.6113733370588234,27,1.2819288618251177,0.19442621958189338,1.0875026422432243,13
Metropolitana,Curacaví,2017,34,5988.720000000004,176.13882352941187,5904.900000000001,1,18.927907117647063,0.023236581354000002,0.7702456923529413,0.135034967647059,19,0.9201096216594105,0.22448430604139322,0.6956253156180172,14
O'Higgins,Lolol,2017,2,5926.0,2963.0,5923.0,1,21.760362999999998,0.0,2.1914214999999997,-2.50893115,2,3.147921777684535,0.11801099691665197,3.0299107807678833,15
Valparaíso,Santo Domingo,2017,17,5766.450000000001,339.20294117647063,5000.0,4,18.797462764705884,0.12369268388235292,1.200139845882353,-2.659090089411765,13,1.594004727306185,0.11196405135743268,1.4820406759487523,16
Maule,San Javier,2017,46,5236.910000000002,113.84586956521743,4218.0,3,20.50829361956522,0.018958204508434783,1.0521415922539128,-2.739215970434781,40,1.3620050642597037,0.10873735807943861,1.253267706180265,17
Metropolitana,Pirque,2017,5,4421.2,884.24,4419.0,1,16.092186599999998,0.049324334000000004,0.8462308760000001,-0.26774799999999993,4,1.0392227636759392,0.20826411504188408,0.8309586486340552,18
Biobío,Portezuelo,2017,5,4368.59,873.7180000000001,4353.200000000001,1,18.7357044,7.2829424E-4,1.367767712,-5.317816499999999,5,1.8567754526562954,0.004896340805756311,1.851879111850539,19
Maule,Maule,2017,35,3979.040000000001,113.68685714285716,3786.84,1,20.16920665714285,0.1443131596848,0.8067374683908578,-4.749740368571429,31,0.9773135381733107,0.027772937122281214,0.9495406010510294,20
Biobío,Tomé,2017,119,3918.1825000000026,32.92590336134456,3625.8,2,17.79995354621849,0.057851856262621834,0.8730863313949584,-3.6491557436974733,97,1.0813209401735628,0.07209381029838169,1.0092271298751812,21
Maule,Curepto,2017,20,3883.4909000000002,194.17454500000002,3807.62,1,20.15376315,0.0102560966176,1.3623550925,-2.7440531600000004,17,1.848290718077255,0.10854256300380016,1.7397481550734548,22
Coquimbo,Los Vilos,2017,10,3115.5200000000004,311.552,3100.0,1,18.350678600000002,0.0332118940584,0.720869449,-2.0532986566,9,0.8427082230649197,0.1363594541806307,0.706348768884289,23
Biobío,Mulchén,2017,82,2983.061000000002,36.37879268292685,2400.6000000000004,2,18.002141121951215,0.27510650958451216,0.6314775239268289,-5.566123640243904,70,0.7025788905383452,-0.005103062259437952,0.7076819527977831,24
Biobío,Lebu,2017,83,2781.6179000000025,33.51346867469883,2714.2699999999995,1,14.570631198795178,0.16909514255356636,0.6094161802650608,-0.8620618216867469,69,0.6679958858717329,0.1843309190636116,0.48366496680812127,25
Maule,Linares,2017,20,2619.860000000001,130.99300000000005,2499.31,1,18.39064132,2.601183994E-4,0.5545984375,-2.176893147,16,0.5820644810161631,0.1313822669562403,0.4506822140599228,26
Araucanía,Collipulli,2017,155,2585.5727000000015,16.681114193548396,1594.32,3,16.74824121612903,0.5239251560482061,0.5431818757032254,-4.296699127096773,145,0.5641680638283587,0.046017043893481,0.5181510199348777,27
O'Higgins,Navidad,2017,6,2566.15,427.69166666666666,2539.0,1,17.644761833333334,0.0024537245236666665,1.2507406833333334,-2.1593356166666666,4,1.6733257797556942,0.13208931397252796,1.5412364657831663,28
Valparaíso,La Ligua,2017,32,2482.5600000000004,77.58000000000001,2000.0,2,18.810927406250002,0.0494039271725,0.727875615,1.131461034,25,0.8536909753028513,0.26461068280342287,0.5890802924994285,29
Maule,Parral,2017,22,2473.52,112.43272727272728,2198.0,1,19.315532863636356,2.107521652247818,0.8474986272727274,-7.25187882727273,19,1.0412100700183362,-0.07298892960817978,1.114198999626516,30
Araucanía,Lumaco,2017,81,2014.1299999999997,24.865802469135797,1848.66,1,15.291590234567904,0.4656132242500989,0.5578829195135809,-0.39104787037037014,73,0.5872131817727683,0.20329879225451492,0.38391438951825335,31
Biobío,Quillón,2017,41,1564.2479999999996,38.15239024390243,782.0,2,19.419784036585366,0.5475779868614634,1.0963835539024396,-5.226726439024389,34,1.4313580460911133,0.00856456490125979,1.4227934811898535,32
Biobío,Los Angeles,2017,155,1432.7341999999992,9.243446451612899,900.6999999999999,1,18.576343435483878,0.2810992685817291,0.7523755503225809,-4.129955805806452,133,0.8920966767226082,0.052731847488630704,0.8393648292339775,33
Valparaíso,Llay-Llay,2017,8,1351.06,168.8825,1290.0,1,19.578258749999996,0.021599116746000006,0.8398099075000001,-4.111234025,4,1.0291573575518105,0.053485779220912105,0.9756715783308983,34
Valparaíso,Limache,2017,43,1270.8900000000003,29.555581395348845,620.0,2,18.906535046511635,0.07769662156595346,0.9068162939534894,-1.8483468990697673,34,1.134195482651582,0.14461292297114434,0.9895825596804377,35
Metropolitana,San José de Maipo,2017,6,1200.4099999999999,200.0683333333333,1103.5,1,15.153831583333334,0.28589210000000004,0.7648406173333333,-8.337169666666666,6,0.9116367136855218,-0.11669391745268202,1.0283306311382039,36
O'Higgins,Litueche,2017,17,1116.5599999999997,65.67999999999998,700.0,2,19.27943576470588,0.003447865779529411,1.3186388130588234,-1.8028988176470586,16,1.7797617871517495,0.1464431308509461,1.6333186563008033,37
Biobío,Ñiquén,2017,19,1079.361,56.80847368421053,972.0,1,19.5540127368421,0.06442350744210526,0.9945523073684209,-5.345039910526316,17,1.2717290349082706,0.0038000458929539414,1.2679289890153167,38
Araucanía,Galvarino,2017,104,1011.0599999999997,9.721730769230767,392.0,1,15.748974221153844,0.12382821506876926,0.48880866369230763,-0.03585608749999995,80,0.4789334981762696,0.21760247195892074,0.2613310262173489,39
O'Higgins,La Estrella,2017,10,968.4,96.84,833.0,1,20.999029099999998,0.0356186197684,1.0165458600000001,-1.82791112,8,1.306205771454984,0.1454358779279335,1.1607698935270505,40
Araucanía,Traiguén,2017,21,863.7899999999998,41.132857142857134,582.8,2,16.919335857142862,0.29285297804457144,0.5610970520142858,-1.1825444238095233,19,0.5922516037734924,0.1714249884856181,0.4208266152878743,41
Valparaíso,Valparaíso,2017,109,803.7999999999995,7.3743119266055,450.0,2,16.296752922018346,0.02403205274484404,0.6332239491100929,-1.0645246247706401,69,0.7053165583426584,0.17617768121569352,0.5291388771269648,42
O'Higgins,Chépica,2017,6,801.26,133.54333333333332,679.0,1,20.298698166666664,7.450580666666667E-6,0.7921540033333333,-1.2918189666666662,5,0.9544527347756572,0.1670244698468061,0.7874282649288511,43
Metropolitana,Lampa,2017,64,788.0999999999999,12.314062499999999,269.5,1,19.709755890625,0.15079505774087495,0.5500963562499998,-2.931345828124997,38,0.5750070914362144,0.10100023104388194,0.4740068603923325,44
O'Higgins,Coinco,2017,7,715.634,102.23342857142858,647.0,1,20.773699857142862,0.04796284206457143,0.7464981128571428,4.349756571428571,6,0.8828833010365565,0.3942124100435408,0.48867089099301575,45
Valparaíso,Quilpué,2017,84,642.7299999999998,7.651547619047617,260.0,1,17.258056916666664,0.02482841671238095,0.693908516309524,-0.17218814190476206,68,0.800444702068836,0.21211233920897188,0.5883323628598641,46
Metropolitana,Padre Hurtado,2017,4,629.0,157.25,605.2,1,19.912331249999998,0.176247224871,1.173299765,-5.4521265,2,1.5519306516452709,-5.123632064079866E-4,1.5524430148516788,47
Biobío,Pemuco,2017,8,609.32,76.165,400.0,2,20.28157125,1.6763806499999998E-5,0.9813916800000001,-6.8612798375,8,1.2510986488050713,-0.057259391054601705,1.308358039859673,48
Valparaíso,Villa Alemana,2017,136,606.4600000000003,4.4592647058823545,81.1,0,17.66661592647058,0.04812777787455884,0.7445121224264696,0.030609100882353454,88,0.8797700946342266,0.22027904504411833,0.6594910495901083,49
Biobío,Chillán,2017,60,601.4819999999999,10.024699999999998,401.9,1,18.803900300000002,0.005938066193133333,0.8572189296999997,-3.0942168350000006,49,1.0564474585181944,0.09444136671248395,0.9620060918057105,50
Metropolitana,Tiltil,2017,24,589.62,24.5675,267.0,1,20.477365708333334,0.10132374547233335,0.8132358758333331,-4.495925079166667,17,0.9875003363282268,0.03799415500741387,0.9495061813208129,51
Metropolitana,Talagante,2017,7,582.3,83.18571428571428,554.3,1,21.758840999999997,0.04417635714285715,1.0353738271428572,-1.5483062985714289,6,1.3357201875099156,0.15669564800820437,1.1790245395017112,52
Metropolitana,Melipilla,2017,42,572.4699999999999,13.630238095238093,159.0,0,19.45554811904762,0.06773726831814285,0.9798536916666662,2.677696789047618,31,1.248687723227539,0.3268780607505443,0.9218096624769947,53
O'Higgins,Mostazal,2017,6,565.5000000000001,94.25000000000001,550.0,1,19.563234999999995,0.20361970891400002,1.1016582028333335,-4.808779049999999,5,1.4396265002427961,0.02539543170112421,1.414231068541672,54
O'Higgins,Marchigue,2017,11,555.9,50.53636363636363,338.0,1,20.447265636363635,0.11329505539709094,1.0326945527272728,-1.3897063590909091,9,1.3315202003723297,0.16308251517369687,1.168437685198633,55
Metropolitana,Colina,2017,20,553.0,27.65,274.0,1,19.370987949999996,0.1331404299484,0.4259036755,-2.6194271060000003,8,0.38032465849903035,0.11356129160397885,0.26676336689505153,56
Biobío,Santa Juana,2017,20,552.289,27.614449999999998,407.71,1,19.873633400000006,0.0448468148936,0.8392812409999998,3.026835700000001,16,1.0283286285171291,0.3409379894860875,0.6873906390310416,57
Biobío,Bulnes,2017,19,542.6600000000001,28.561052631578953,500.0,1,17.611756947368423,0.9243637051096842,0.8989934619894742,-5.399805468421053,11,1.1219325380882146,0.001594620439051221,1.1203379176491635,58
Maule,Río Claro,2017,36,524.68,14.574444444444444,151.0,0,19.78716202777777,0.09813237167744443,0.6866560425000001,-0.8898381922222229,32,0.7890758417018267,0.18321235628527346,0.6058634854165532,59
Araucanía,Angol,2017,37,515.49,13.932162162162163,279.97,2,17.41448398648649,0.033627741863135135,0.5846276410810811,1.6793158864864872,34,0.6291377737176806,0.28667296214768107,0.3424648115699996,60
Valparaíso,Casablanca,2017,29,502.21000000000004,17.317586206896554,150.0,0,16.72375494827586,0.062126603312689654,0.8397863270344827,7.146598713793105,23,1.029120393196351,0.5068420825682755,0.5222783106280756,61
Metropolitana,Pudahuel,2017,13,467.79999999999995,35.98461538461538,152.0,0,18.964890076923076,0.01040817446676923,0.08489131769230769,1.645121881538461,3,-0.15424078512230996,0.2852959593053435,-0.43953674442765345,62
Maule,San Rafael,2017,16,442.17499999999995,27.635937499999997,220.6,1,18.978859718749998,0.054691683121,0.6116977800000001,-4.3189078725,12,0.6715724846270248,0.04512269105030056,0.6264497935767243,63
Valparaíso,San Antonio,2017,49,391.09,7.981428571428571,156.0,0,17.03568474489796,0.14055276966432653,0.8984843493877558,-0.7252648053061223,40,1.121134461427473,0.18983977597188337,0.9312946854555896,64
Biobío,Penco,2017,34,377.97890000000007,11.117026470588238,340.70000000000005,1,18.31355538235294,0.0059917457912941185,1.0941184825882357,-3.1049062352941195,29,1.4278073570202083,0.09401090135429445,1.3337964556659139,65
Valparaíso,Nogales,2017,24,376.69,15.695416666666667,206.0,1,18.852384958333335,3.521951535E-4,0.6132910379166665,-1.7850946008333342,21,0.6740700499073607,0.14716011200584023,0.5269099379015205,66
Araucanía,Ercilla,2017,57,315.05499999999995,5.5272807017543855,92.0,0,17.178156596491228,0.15671904455610527,0.5468651721052626,0.16645490000000082,52,0.569941939554746,0.22574959614770912,0.3441923434070369,67
Valparaíso,Hijuelas,2017,12,309.7899999999999,25.815833333333327,300.0,1,19.368206083333334,0.012478325526833334,0.7736934938333331,-1.7006759733333332,9,0.92551433936446,0.15055967547289892,0.7749546638915611,68
Biobío,Tirúa,2017,52,303.02,5.827307692307692,87.33,0,14.774766730769235,0.12575009796484615,0.5333431855769232,-0.9770693884615393,49,0.5487450926907977,0.1796995298309106,0.36904556285988716,69
Maule,San Clemente,2017,27,278.52000000000004,10.315555555555557,225.85,1,17.755994444444443,0.3181613597019261,0.4604609778518515,-4.818920440740741,21,0.4344961254242609,0.024987034852130267,0.40950909057213064,70
Valparaíso,Cartagena,2017,50,275.9000000000001,5.518000000000002,198.0,0,16.18005125,0.05105288654175998,0.5139813300000001,5.598850229200002,26,0.5183937617820013,0.44451378654832263,0.07387997523367862,71
Biobío,Coihueco,2017,38,270.787,7.125973684210526,131.6,0,19.248258500000002,0.20900472147526314,0.6993013015789475,-2.5257048421052644,34,0.8088983448295765,0.11733551530107196,0.6915628295285045,72
Biobío,San Fabián,2017,21,268.2262,12.77267619047619,260.1,1,19.41244376190476,2.4983111343794286,1.095956444761905,-9.454014352380954,21,1.4306885167266867,-0.16166958815916102,1.5923581048858477,73
Biobío,Cabrero,2017,34,267.5899999999999,7.870294117647056,253.23,1,18.646287029411763,0.012607423435411763,0.8056227061764704,-3.9750170882352953,29,0.975566054998515,0.05897127614894414,0.9165947788495709,74
O'Higgins,Rengo,2017,15,251.49999999999997,16.766666666666666,94.0,0,19.1512306,0.26253176536906664,0.9321938936666668,-1.3628895800000003,14,1.1739769965413804,0.16416243491654792,1.0098145616248324,75
Biobío,Chillán Viejo,2017,26,227.91000000000003,8.765769230769232,123.0,0,18.572418711538464,0.012595922636,1.0620498069999997,-8.671537630769233,20,1.377537021064109,-0.1301590157251915,1.5076960367893004,76
O'Higgins,Las Cabras,2017,19,211.20000000000005,11.115789473684213,79.3,0,18.95286563157895,0.2975243428606316,0.5360799341052633,4.96785575368421,12,0.5530351753157718,0.41910344963092455,0.1339317256848473,77
O'Higgins,Malloa,2017,3,190.5,63.5,185.0,0,22.869307666666668,0.0,0.9516302666666666,-0.17325139999999983,3,1.2044451397545186,0.2120695214863475,0.9923756182681711,78
Valparaíso,Quillota,2017,29,178.86999999999998,6.167931034482757,114.0,0,17.976266603448277,0.036486905471586215,0.8561480886206896,1.6821194979310348,15,1.0547688254026983,0.28678586442203646,0.7679829609806619,79
Maule,Molina,2017,19,173.18300000000002,9.114894736842107,100.0,0,20.069517526315785,0.14576824676063158,1.0362558805263156,-6.122763342105263,19,1.3371028800940126,-0.027519110124730538,1.364621990218743,80
Metropolitana,Paine,2017,10,167.9,16.79,145.0,0,21.1783479,0.0357359663768,1.0653196467,-1.8179653630000001,9,1.3826627687673256,0.14583639654746974,1.2368263722198558,81
Maule,Retiro,2017,15,154.2,10.28,86.0,0,20.0401622,0.005409369810133333,0.7053248716666667,-5.936849386666667,13,0.8183407956452201,-0.02003229933850419,0.8383730949837243,82
Valparaíso,Zapallar,2017,9,153.95,17.105555555555554,79.9,0,19.12253088888889,0.01099581517422222,0.9675518711111112,6.945343277777777,8,1.2294035887612484,0.498737465754591,0.7306661230066575,83
Maule,Constitución,2017,52,151.99950000000004,2.9230673076923086,42.7,0,17.481222326923078,0.02138465318915385,0.9328479442307693,-3.429727951923077,49,1.175002275602227,0.0809302333327836,1.0940720422694432,84
O'Higgins,Requínoa,2017,5,146.49999999999997,29.299999999999994,138.6,0,19.249420399999998,0.23777410209040006,0.814641394,2.23158812,4,0.9897036038200926,0.3089131307517422,0.6807904730683504,85
Araucanía,Los Sauces,2017,46,140.14200000000008,3.046565217391306,37.45,0,16.807030141304345,0.13339450666886954,0.5426005762826087,2.5504539673913054,42,0.5632568282806018,0.3217539541314422,0.24150287414915955,86
Coquimbo,Ovalle,2017,43,139.67000000000002,3.2481395348837214,15.0,0,19.882142093023255,0.06373585971530232,0.5964700777674414,-0.45573116976744216,29,0.6477017854781337,0.20069397637357556,0.4470078091045582,87
Maule,Curicó,2017,26,136.51000000000005,5.250384615384617,35.0,0,18.897800269230764,0.1343374156930769,0.6200038056538462,-4.584593773076922,21,0.6845928757850555,0.034423440090387857,0.6501694356946676,88
Coquimbo,Canela,2017,3,134.2,44.73333333333333,132.0,0,16.784087666666665,0.012160278986666667,0.43638895966666674,0.5762068666666667,2,0.3967612199717113,0.2422504308294319,0.15451078914227942,89
Araucanía,Renaico,2017,5,133.09,26.618000000000002,129.03,0,16.0734026,0.00210143624,0.79135187,-2.4736386,4,0.9531953235664755,0.11943223849795274,0.8337630850685228,90
Araucanía,Purén,2017,17,132.57,7.798235294117647,70.03,0,14.783571823529412,1.5527199415647062,0.2608312159411764,-0.7845750588235292,14,0.12155974704238814,0.18745133426119853,-0.06589158721881039,91
Biobío,San Rosendo,2017,9,120.01500000000001,13.335,90.43,0,19.135973888888888,4.967053777777778E-6,1.1795024933333333,-8.337309522222222,9,1.5616539480222331,-0.11669954947788089,1.678353497500114,92
Biobío,Cañete,2017,69,113.9308,1.6511710144927536,27.2,0,14.537026985507243,0.342774023858058,0.3731068338985504,-4.757884998550725,61,0.2975611855447728,0.027444950428463802,0.270116235116309,93
Metropolitana,Renca,2017,9,113.5,12.61111111111111,57.2,0,19.341827,0.015201046618666666,0.36797205333333327,-4.858831566666668,3,0.2895119867755849,0.023379801832060638,0.26613218494352425,94
Biobío,Arauco,2017,40,109.85650000000003,2.746412500000001,70.0,0,17.833939775,0.009392202040199998,0.9461407014999994,-2.605115234875,37,1.1958397863958505,0.11413763494978607,1.0817021514460645,95
O'Higgins,Pichidegua,2017,6,106.85,17.808333333333334,102.0,0,18.6281255,9.468446166666668E-5,0.9525809166666667,-0.35711258333333323,4,1.2059353632826209,0.2046653764489246,1.0012699868336963,96
Biobío,El Carmen,2017,8,99.02000000000001,12.377500000000001,75.0,0,18.360613,0.0111979900565,0.8982392624999999,-12.987869162500001,5,1.1207502671955651,-0.3039789820233323,1.4247292492188974,97
Biobío,San Carlos,2017,32,98.08000000000001,3.0650000000000004,12.7,0,18.696093406249997,0.052392889427750035,0.8145769941250002,-5.836287431249998,29,0.9896026516200909,-0.015982639210939436,1.0055852908310303,98
Biobío,Laja,2017,27,97.93,3.6270370370370375,64.42999999999999,0,19.157032592592593,0.054674430792148156,1.23642003,-4.795057537037035,26,1.6508769557561898,0.025948001146554534,1.6249289546096353,99
Los Lagos,Palena,2017,5,97.38,19.476,75.0,0,10.170485199999998,2.05204451,0.14761028319999997,-31.122476,2,-0.055923551589681736,-1.0342650423390765,0.9783414907493947,100
Valparaíso,Quintero,2017,13,86.27000000000001,6.636153846153847,56.3,0,16.883103769230768,0.0449993582963077,0.7417423505384615,-2.7310216584615388,11,0.8754282451260103,0.1090673454820639,0.7663608996439464,101
Araucanía,Victoria,2017,33,84.27000000000001,2.553636363636364,25.5,0,15.629168000000005,0.8694552809400001,0.3800741551515149,6.3552984848484835,31,0.30848304538700083,0.47497618484569887,-0.16649313945869804,102
Araucanía,Lautaro,2017,24,80.57,3.357083333333333,25.0,0,17.057064500000006,0.22231363903825,0.4016351285416666,-3.3086072499999997,22,0.3422816777278092,0.08580780035271882,0.2564738773750904,103
Biobío,Coronel,2017,38,80.2088,2.110757894736842,31.4,0,16.162415210526323,0.005516566608421053,0.5533908932894732,-3.9380926629736845,32,0.5801715542883972,0.06045823383682541,0.5197133204515718,104
Maule,Chanco,2017,8,76.72500000000001,9.590625000000001,72.4,0,16.787947375,0.3253198083105,1.3142513999999998,-4.0556012125,5,1.7728841495692937,0.055726129278068914,1.7171580202912249,105
Maule,Sagrada Familia,2017,16,76.47999999999999,4.779999999999999,25.0,0,20.688868375,0.004440546074999999,0.9117980637499999,-4.7275437125,14,1.1420048242203498,0.028666803124441625,1.113338021095908,106
Araucanía,Cholchol,2017,48,75.42,1.57125,35.0,0,14.803570635416667,1.2395465977799165,0.3823939511666665,1.6320889468750017,34,0.3121195200119172,0.28477111911470604,0.027348400897211134,107
Metropolitana,San Bernardo,2017,13,73.07000000000001,5.620769230769231,20.0,0,21.203886000000004,0.16756929770523074,0.6636526488461538,-1.5573942923076924,10,0.7530160947401074,0.1563296717727502,0.5966864229673572,108
Biobío,San Ignacio,2017,7,69.465,9.92357142857143,56.26,0,20.288937714285712,0.05116260528114286,0.7433418534285714,0.6519472000000002,5,0.877935599925473,0.2453005167856724,0.6326350831398005,109
O'Higgins,Machalí,2017,10,68.42999999999999,6.842999999999999,56.99999999999999,0,14.569914200000003,2.7949772448000005,0.173923687,10.66094536,6,-0.01467508638459708,0.6483658768164717,-0.6630409632010688,110
Biobío,Yungay,2017,25,67.71199999999999,2.7084799999999998,20.0,0,19.495944139999995,0.10313756430880001,0.8130711712000002,-7.911133827999999,24,0.9872421480151987,-0.09953732635803406,1.0867794743732329,111
O'Higgins,San Vicente,2017,8,67.7,8.4625,61.2,0,21.339813,0.0409137009085,0.9378123199999998,-0.009119300000000052,6,1.1827843505758218,0.21867917041639698,0.9641051801594248,112
Biobío,Santa Bárbara,2017,15,66.7748,4.451653333333334,54.0,0,16.3904517,2.1257449600645333,0.4996856746666666,-1.7846022399999995,12,0.4959841242420304,0.14717993952437713,0.3488041847176533,113
Biobío,Ninhue,2017,8,65.03999999999999,8.129999999999999,34.7,0,20.06480475,1.3300627634230002,1.25736964375,1.8558505250000001,5,1.6837172306364332,0.29378206502620097,1.3899351656102321,114
Araucanía,Carahue,2017,37,63.90599999999999,1.727189189189189,30.800000000000004,0,13.664314594594595,0.22591555946583783,0.29501160051351333,2.8210266378378375,31,0.17514036376702677,0.3326499967807323,-0.15750963301370555,115
Valparaíso,Viña del Mar,2017,53,62.62000000000001,1.1815094339622643,15.2,0,16.697890084905662,0.03458348588120755,0.6706947966037732,-1.013831526415093,38,0.7640552513979483,0.1782191075016341,0.5858361438963142,116
Maule,Hualañé,2017,12,62.58999999999999,5.215833333333332,37.0,0,18.347518333333337,0.010200931430666667,0.8332705558333334,-2.7462703749999995,8,1.018906375894838,0.10845327509026934,0.9104531008045686,117
Araucanía,Temuco,2017,56,62.01000000000001,1.1073214285714288,10.0,0,15.339105780357144,0.18925567686246428,0.41796565914285716,-0.2737581098214296,38,0.3678811527483604,0.20802208611548462,0.1598590666328758,118
Coquimbo,Illapel,2017,3,60.5,20.166666666666668,38.0,0,18.358789333333334,0.035742918666666665,0.33320809,-0.6490336533333333,3,0.2350165614461627,0.19290962734205033,0.04210693410411237,119
Araucanía,Nueva Imperial,2017,21,59.85,2.85,10.0,0,14.651020619047621,0.2171093739881905,0.23641086752380933,-1.6727507595238087,20,0.08327880476498464,0.15168423221455718,-0.06840542744957254,120
Metropolitana,Peñalolén,2017,8,59.10999999999999,7.388749999999999,35.0,0,18.1105575,2.81492249E-4,0.920437242875,-6.400243250000001,7,1.1555474613586914,-0.038693309299216695,1.1942407706579081,121
Metropolitana,Quilicura,2017,7,58.21000000000001,8.315714285714288,24.0,0,19.185133142857143,0.06357021428571429,0.6421470642857142,-7.382763428571428,2,0.7193042890307945,-0.07825969178653423,0.7975639808173287,122
Maule,Talca,2017,41,58.12999999999999,1.4178048780487802,20.0,0,19.979447731707307,0.19298490213551217,0.7087926422048786,-1.836187476585366,33,0.8237768165215712,0.1451025865641529,0.6786742299574183,123
Los Lagos,Puerto Montt,2017,44,57.809999999999995,1.3138636363636362,41.0,0,13.813058465909096,0.12073836979472728,0.4541224395681816,14.309202272727271,33,0.4245599355708959,0.7952822776896306,-0.37072234211873467,124
Valparaíso,Olmué,2017,12,57.64999999999999,4.804166666666666,13.2,0,17.280123666666665,0.017652598672333337,0.605937076,1.8330312866666665,5,0.6625420984289155,0.2928631274494901,0.3696789709794254,125
Metropolitana,Calera de Tango,2017,2,57.2,28.6,53.2,0,20.746935,0.0,0.3040647505,-4.1484704,2,0.18933193491655656,0.05198625922343647,0.1373456756931201,126
Metropolitana,Huechuraba,2017,8,55.50000000000001,6.937500000000001,34.0,0,20.6510485,0.035565351306499994,0.9727693853750001,-5.547654812499999,7,1.2375824795351988,-0.004359317022907322,1.241941796558106,127
Biobío,Contulmo,2017,25,55.39,2.2156000000000002,21.06,0,16.43954238,0.01149900424416,0.6371907359200001,-1.2557018440000005,24,0.7115348290364879,0.16847891721688293,0.543055911819605,128
Valparaíso,Catemu,2017,8,51.91,6.48875,41.3,0,21.587269374999998,1.6763806499999998E-5,0.6451716515,-3.8218712999999997,6,0.7240455829134281,0.06513850300676784,0.6589070799066603,129
Araucanía,Padre Las Casas,2017,19,50.680000000000014,2.6673684210526325,38.0,0,15.158814552631585,0.022154007272842106,0.6044412411578947,13.052474484210524,9,0.6601972519808427,0.7446734724484063,-0.08447622046756365,130
Biobío,Pinto,2017,10,50.580000000000005,5.058000000000001,38.940000000000005,0,17.6183315,0.11363905519999999,0.495206075,-4.786532000000001,10,0.4889619764276453,0.02629132708191349,0.46267064934573177,131
Maule,Teno,2017,12,50.2,4.183333333333334,30.0,0,19.896418083333334,0.04698211349733333,0.6461160194999999,-5.001428596283334,11,0.7255259588801737,0.017637376649941913,0.7078885822302318,132
Metropolitana,Buin,2017,3,50.0,16.666666666666668,45.0,0,19.42785166666667,2.545615E-4,0.6617476166666666,-3.8013823666666666,3,0.7500297971798447,0.06596359850170466,0.6840661986781401,133
Maule,Licantén,2017,5,48.82,9.764,48.0,0,21.3975604,0.0128027052,1.8521027000000003,-2.9410836,5,2.6160111278266465,0.10060808804775456,2.515403039778892,134
Biobío,Los Alamos,2017,84,46.336500000000015,0.5516250000000001,8.6,0,15.025175214285717,0.08879031795507146,0.6730673344047625,-3.9684414619047614,74,0.7677744031912962,0.05923607859490089,0.7085383245963953,135
Metropolitana,Peñaflor,2017,11,45.92,4.174545454545455,25.5,0,20.121339545454546,0.04645335418945454,0.5845506918181819,-1.0814276145454549,8,0.629017149300658,0.17549699274415295,0.453520156556505,136
Coquimbo,Salamanca,2017,3,43.0,14.333333333333334,40.0,0,11.216624000000001,0.007933626656,-0.018956500000000005,-0.17815273333333334,0,-0.31703094056032005,0.2118721433219148,-0.5289030838822348,137
Biobío,Coelemu,2017,26,41.4465,1.5940961538461538,18.2,0,18.034534653846155,0.009394250939846154,1.2006501611538458,-1.0104072038461527,24,1.5948046892525676,0.17835700599927076,1.4164476832532968,138
Los Lagos,Osorno,2017,4,41.2,10.3,39.4,0,14.8570225,0.0379243875,0.6114263575,6.581337749999999,4,0.6711470071163147,0.4840788538973828,0.1870681532189319,139
Coquimbo,La Serena,2017,21,40.07,1.908095238095238,21.0,0,19.240660095238095,0.017864452097714284,0.9224387627952384,-0.6806183036190475,15,1.1586850115371001,0.19163770399514285,0.9670473075419572,140
Maule,Longaví,2017,21,38.910000000000004,1.852857142857143,10.0,0,17.445443761904762,0.08810995090580953,0.32394385649523805,-1.0199734476190474,18,0.22049409919546167,0.1779717704912982,0.042522328704163476,141
Maule,Romeral,2017,8,35.830000000000005,4.478750000000001,15.0,0,17.446522875,0.0050633680605,0.6624826262499999,1.9058544499999996,5,0.7511819862867336,0.2957957380942633,0.4553862481924703,142
Valparaíso,Calera,2017,2,35.53,17.765,35.0,0,19.1888295,2.2351742E-5,0.570372125,6.678304949999999,1,0.6067910578188049,0.48798375214537865,0.11880730567342629,143
O'Higgins,Peralillo,2017,4,34.4,8.6,24.0,0,19.03433225,1.1175871E-5,0.9050714949999998,5.2610442,1,1.131460364098699,0.4309102363624294,0.7005501277362697,144
O'Higgins,San Fernando,2017,20,34.101,1.70505,5.0,0,18.60130923,0.0269008796484,0.7089984015000002,-2.0146606350000003,14,0.8240993614568425,0.13791541890738232,0.6861839425494601,145
Valparaíso,Algarrobo,2017,20,32.360000000000014,1.6180000000000008,17.8,0,14.67023395,0.20842960377259998,0.5169253375000001,10.306065349999999,8,0.5230087402108755,0.6340747522991319,-0.1110660120882564,146
Los Ríos,Mariquina,2017,12,30.99,2.5825,10.0,0,16.899489083333332,0.005626895679333333,0.5929025812500001,13.344951550000003,11,0.6421094357734961,0.7564516116726009,-0.11434217589910478,147
Araucanía,Perquenco,2017,3,29.41,9.803333333333333,20.0,0,16.255840666666668,0.06100908,0.8183739999999999,9.107809333333334,3,0.9955547764728407,0.5858206228601851,0.40973415361265564,148
Coquimbo,Coquimbo,2017,8,29.050000000000004,3.6312500000000005,20.0,0,16.1802355,0.06928411275375,0.041209817012500004,-0.6483861674999998,4,-0.22271519742532517,0.1929357017908968,-0.415650899216222,149
Biobío,Tucapel,2017,28,29.028,1.0367142857142857,12.0,0,18.635582625,0.7745546676404288,0.697011752142857,-6.717428000000003,25,0.8053092842516403,-0.051466434382399825,0.8567757186340401,150
Metropolitana,Puente Alto,2017,13,28.310000000000006,2.177692307692308,17.0,0,15.572268923076924,0.7149835064987694,0.5068666883846153,0.5883975692307694,9,0.5072409649279946,0.24274135408063857,0.26449961084735607,151
Aysén,Chile Chico,2017,1,28.2,28.2,28.2,0,5.484047,0.512883,-0.97148514,0.81476593,0,-1.8101993942700818,0.2518572759116235,-2.0620566701817054,152
Maule,Pencahue,2017,15,26.740000000000002,1.7826666666666668,12.0,0,20.117800533333334,3.911554824E-4,1.01633765,-1.9106868199999993,12,1.3058793848344756,0.14210247564441253,1.1637769091900632,153
Biobío,San Pedro de la Paz,2017,17,26.28,1.5458823529411765,8.5,0,16.020336470588237,0.02137878365105882,0.49939493423529424,-7.185139647058824,15,0.4955283642552828,-0.07030132278968892,0.5658296870449717,154
Biobío,Curanilahue,2017,112,22.871,0.20420535714285712,2.7,0,15.403737767857141,0.25488529795144643,0.5206016956428571,-0.927833401249998,82,0.5287717396346545,0.18168227781374086,0.34708946182091366,155
Metropolitana,Cerrillos,2017,2,22.3,11.15,21.3,0,17.128436,0.0303424903,-0.381245135,9.072239699999999,0,-0.8849487313782111,0.5843882230498864,-1.4693369544280974,156
Los Lagos,Calbuco,2017,7,21.810000000000002,3.115714285714286,16.3,0,13.726123000000001,0.20417489714285716,0.25618880285714285,10.585300714285713,5,0.11428237555446273,0.6453196442293702,-0.5310372686749074,157
Maule,Yerbas Buenas,2017,6,21.600000000000005,3.600000000000001,14.8,0,17.311137333333335,0.15158516671666666,0.3712205816666667,2.8204213,4,0.2946043271259137,0.3326256196443149,-0.038021292518401195,158
Los Ríos,La Unión,2017,14,21.261,1.5186428571428572,6.5,0,16.246842071428574,0.06238424515957143,0.6138732178571427,12.723579778571429,14,0.6749826657437744,0.7314287839369793,-0.056446118193204886,159
Valparaíso,La Cruz,2017,6,21.180000000000003,3.5300000000000007,10.9,0,16.231645833333335,0.009410704247333335,0.423486395,6.330502996666669,2,0.3765353687760801,0.4739776630944328,-0.09744229431835266,160
Biobío,Nacimiento,2017,17,20.25,1.1911764705882353,9.0,0,17.25055044117647,0.012033564098,0.6394594805882354,4.7425435294117655,11,0.7150912763976205,0.4100300587336569,0.3050612176639636,161
Los Lagos,Castro,2017,20,20.209999999999997,1.0105,3.6,0,13.32852005,0.8272095310323999,0.03630904999999999,-20.75426589,9,-0.23039756034309158,-0.6167341092669373,0.3863365489238457,162
Biobío,Negrete,2017,17,19.539999999999996,1.1494117647058821,5.5,0,18.016746941176468,0.018671265211764706,0.7446125611764705,-5.238316435294117,14,0.879927540790419,0.008097832272825192,0.8718297085175938,163
Maule,Rauco,2017,3,19.5,6.5,14.4,0,21.499271333333336,0.0,1.4177913666666668,-5.736337666666667,3,1.9351917227303772,-0.011957632191977801,1.947149354922355,164
Biobío,Quilaco,2017,9,18.770000000000003,2.085555555555556,12.9,0,15.764286055555557,0.2411690778315555,-0.05651537222222225,0.18051822222222333,9,-0.3759076197530193,0.22631593035460132,-0.6022235501076206,165
Valparaíso,San Felipe,2017,4,17.16,4.29,17.0,0,20.7835545,0.05650799599600001,1.163433075,-7.26164275,3,1.5364637883596337,-0.07338212570697694,1.6098459140666106,166
Los Ríos,Río Bueno,2017,6,16.600000000000005,2.7666666666666675,10.9,0,14.607085333333336,0.296180779914,0.198898,-11.166874833333331,4,0.024474241791691245,-0.23064699382966003,0.25512123562135125,167
Metropolitana,Maipú,2017,5,16.3,3.2600000000000002,5.3,0,20.3613478,0.1857772586968,0.3424091322,-4.5746871,3,0.24943996603197366,0.03482238478861099,0.21461758124336267,168
Coquimbo,Punitaqui,2017,1,15.8,15.8,15.8,0,17.984344,0.0038351864,0.20992279,0.8008455,0,0.041756523862259594,0.2512966960174082,-0.20954017215514864,169
O'Higgins,Rancagua,2017,5,15.5,3.1,5.0,0,17.182756599999998,0.00115670264,0.20623474279999998,3.4466393799999997,3,0.03597520086200562,0.3578436096806919,-0.3218684088186863,170
Biobío,Quilleco,2017,25,15.113899999999996,0.6045559999999999,5.0,0,16.26102848,0.14794610493615998,0.27794727399999997,0.1206864239999993,22,0.14839060217058678,0.2239064858821157,-0.07551588371152892,171
Coquimbo,Vicuña,2017,2,15.01,7.505,15.0,0,17.473857000000002,0.0010207295,0.44890213,-1.8922486,0,0.41637666292325354,0.14284498829790937,0.27353167462534417,172
Atacama,Vallenar,2017,8,13.7665,1.7208125,5.5,0,19.16153225,0.00113365235475,0.1395235085,-1.0231719645000004,6,-0.06860024850695046,0.17784296525649074,-0.2464432137634412,173
Metropolitana,La Florida,2017,7,13.610000000000001,1.9442857142857144,7.5,0,15.650045142857142,0.8737282253548572,0.5209388894285714,3.453597057142858,3,0.5293003191465687,0.35812379742753075,0.17117652171903797,174
Coquimbo,Monte Patria,2017,3,13.5,4.5,8.0,0,21.261724333333333,1.4901161333333334E-5,0.4283212033333333,-0.35664499999999993,1,0.38411433593770405,0.20468420617009966,0.1794301297676044,175
O'Higgins,Quinta de Tilcoco,2017,5,13.3,2.66,5.0,0,20.2653322,1.78813936E-5,0.641736606,6.644815400000001,4,0.7186608612764414,0.4866351179152352,0.23202574336120613,176
Valparaíso,Puchuncavi,2017,11,13.150000000000002,1.1954545454545455,5.8,0,16.256629727272728,0.08310903336072727,0.7315220339999999,2.1168998072727274,6,0.8594070426116597,0.30429459797535663,0.555112444636303,177
Los Lagos,Fresia,2017,2,12.2,6.1,11.5,0,17.2273265,0.087329185,0.5106101,29.960955,2,0.5131090762882399,1.4255830577760191,-0.9124739814877793,178
Metropolitana,Isla de Maipo,2017,5,11.4,2.2800000000000002,4.0,0,21.449751399999997,0.060359380696800004,0.5365650200000001,2.383550668,5,0.5537955881001689,0.31503270817014967,0.23876287993001927,179
Biobío,Talcahuano,2017,20,11.140999999999998,0.5570499999999999,2.25,0,17.416408099999995,0.0400493904384,0.9121608021999996,-4.673071810000001,19,1.1425734471338687,0.030860402987459776,1.111713044146409,180
Valparaíso,El Quisco,2017,8,10.670000000000002,1.3337500000000002,6.9,0,16.368897625,0.14535734293549998,0.5012817412499999,-1.9679078749999999,8,0.4984860923426994,0.13979816658508132,0.3586879257576181,181
Maule,Pelluhue,2017,5,10.28,2.056,10.0,0,17.0956716,0.08564498562,0.66734998968,-6.443448200000001,5,0.7588119862901107,-0.04043318560336646,0.7992451718934772,182
Biobío,Chiguayante,2017,11,10.161499999999998,0.9237727272727271,5.0,0,18.773833818181817,0.03285130336072727,1.1250918436363635,-5.972411327272727,11,1.4763606956604272,-0.02146438936036663,1.4978250850207937,183
Los Lagos,San Pablo,2017,5,10.06,2.012,5.0,0,14.358668900000001,0.604666539,0.8066751194,0.20361847999999866,3,0.9772158009060412,0.22724618466868576,0.7499696162373555,184
Aysén,Cochrane,2017,2,10.0,5.0,7.0,0,11.46683275,1.626593,0.22204970499999999,-17.57127,1,0.06076647921522378,-0.4885539094236989,0.5493203886389227,185
Maule,Pelarco,2017,4,9.78,2.445,6.6,0,17.127435000000002,0.06405311,0.41694116,-1.2916945249999996,3,0.3662751645011545,0.16702948115007302,0.19924568335108148,186
Atacama,Freirina,2017,1,9.2,9.2,9.2,0,19.078821,0.0,1.2781258,-1.3331623,0,1.7162542446760014,0.1653595614045736,1.5508946832714279,187
Maule,Colbún,2017,6,9.0,1.5,4.2,0,18.106344000000004,0.0,0.6083060866666666,-9.658938233333332,6,0.6662557211436809,-0.1699219343515175,0.8361776554951984,188
Araucanía,Freire,2017,8,8.45,1.05625,2.0,0,16.278311062500002,0.004627043375,0.16175126825,-5.4073559375,8,-0.0337563726783564,0.0012905607830239335,-0.03504693346138033,189
Araucanía,Loncoche,2017,6,8.01,1.335,5.0,0,16.097473499999996,0.22978924276666668,0.15298398108999997,0.0483239049999995,5,-0.04749982989548185,0.22099242552290482,-0.26849225541838667,190
Metropolitana,María Pinto,2017,14,7.709999999999999,0.5507142857142856,2.0,0,19.185949214285717,3.581600525714286E-4,0.6056665814285714,-0.2518770785714286,8,0.6621180755239907,0.20890324181135364,0.45321483371263704,191
Los Lagos,Chonchi,2017,5,7.32,1.464,4.8,0,12.113650999999999,0.0470336513936,-0.013299561999999997,-10.67405324,3,-0.30816321626156085,-0.21080092034932965,-0.0973622959122312,192
Los Ríos,Máfil,2017,2,7.319999999999999,3.6599999999999997,7.3,0,15.37075125,0.7026088,1.16001177,3.148298500000001,1,1.5311006061076868,0.3458293328982586,1.1852712732094282,193
Valparaíso,Cabildo,2017,3,7.01,2.3366666666666664,5.0,0,11.324079166666666,0.007361794666666667,-0.31430068666666666,42.281582,1,-0.7800076994714578,1.9217384050121094,-2.701746104483567,194
O'Higgins,Doñihue,2017,2,7.0,3.5,5.0,0,21.1499225,0.0,0.8299322200000001,3.190793,1,1.0136732547634646,0.34754059916767205,0.6661326555957925,195
Los Ríos,Paillaco,2017,7,6.800000000000001,0.9714285714285715,2.7,0,16.634748000000002,0.6663927729217143,0.8101493414285714,8.030900657142858,6,0.9826619350340882,0.5424531872437313,0.4402087477903569,196
Valparaíso,Concón,2017,12,5.989999999999999,0.4991666666666666,1.5,0,16.192695,0.021773313333333332,0.53574529775,6.286100083333335,7,0.5525106047903715,0.4721895444472897,0.08032106034308178,197
O'Higgins,Chimbarongo,2017,4,5.949999999999999,1.4874999999999998,4.55,0,19.9009135,0.0187405385,0.34767103275,-0.47123815,3,0.25768843602844327,0.20006950562530373,0.057618930403139534,198
Aysén,Río Ibáñez,2017,1,5.82,5.82,5.82,0,4.339231,0.7360149,0.23945427,10.514786,1,0.08804959314714823,0.6424799955206087,-0.5544304023734605,199
O'Higgins,Coltauco,2017,7,5.8,0.8285714285714285,2.0,0,20.214536857142857,6.945005428571429E-5,1.048735357142857,-2.9063228857142858,5,1.356665505321353,0.10200791244521444,1.2546575928761385,200
Los Ríos,Valdivia,2017,9,5.549999999999999,0.6166666666666666,3.5,0,15.310795666666666,0.2716477322222222,0.28543398388888885,0.19099250000000006,8,0.16012664721818323,0.22673773266449027,-0.06661108544630703,201
Los Lagos,Quinchao,2017,2,5.5,2.75,5.0,0,13.5616865,0.06568432,0.6958246299999999,28.58224115,2,0.8034483708260716,1.3700618372256401,-0.5666134663995686,202
Metropolitana,El Monte,2017,5,5.42,1.084,3.91,0,19.0677182,0.0101594254168,0.50416775,1.9538751219999995,4,0.5030101528713472,0.2977295449687568,0.2052806079025904,203
Biobío,Ránquil,2017,12,5.4,0.45,1.25,0,16.066836333333335,1.4346621842406668,0.8391179331666666,0.9967441375,6,1.028072629805136,0.2591855929470766,0.7688870368580594,204
Araucanía,Teodoro Schmidt,2017,1,4.9,4.9,4.9,0,13.297821,0.0,-0.31640625,-5.5340004,1,-0.7833083464174869,-0.0038094497332602953,-0.7794988966842267,205
Valparaíso,Santa María,2017,2,4.720000000000001,2.3600000000000003,2.72,0,18.4260055,2.2351742E-5,0.6328888,-12.774441,0,0.7047911840311,-0.2953841658605551,1.000175349891655,206
Araucanía,Vilcún,2017,3,4.7,1.5666666666666667,3.0,0,16.956153,1.1421460312473333,0.6525405133333333,-3.303396166666667,2,0.7355968912596834,0.08601765224262067,0.6495792390170627,207
Valparaíso,Rinconada,2017,3,4.7,1.5666666666666667,3.0,0,19.434760666666666,0.0028039018333333335,0.6683969433333333,-3.4299047533333336,2,0.7604531738639073,0.0809231134869269,0.6795300603769804,207
Los Lagos,Dalcahue,2017,5,4.53,0.906,3.7,0,13.885838000000001,0.25638936019999997,-0.07904472400000002,-22.852354639999994,3,-0.4112242663549605,-0.7012247729554315,0.290000506600471,209
Valparaíso,Papudo,2017,4,4.4399999999999995,1.1099999999999999,3.66,0,19.40493875,0.045060645046,0.6842513125,-1.618417075,4,0.7853062259392081,0.153872265998189,0.631433959941019,210
Biobío,Lota,2017,27,4.278,0.15844444444444442,1.6,0,16.62734709259259,0.27034743866192595,0.7021615617407403,1.1472035150740745,20,0.8133820422887855,0.2652446372412664,0.5481374050475192,211
Araucanía,Curacautín,2017,4,4.02,1.005,2.0,0,13.130142000000001,0.141282806921,0.215238575,3.355699350000001,3,0.0500894622489768,0.354181427377607,-0.3040919651286302,212
Los Lagos,Puerto Varas,2017,6,3.85,0.6416666666666667,2.5,0,12.917426166666665,0.2965256573333333,0.11138423883333333,6.9398848333333305,3,-0.11271091144376114,0.49851765255850095,-0.6112285640022621,213
Araucanía,Pitrufquén,2017,8,3.61,0.45125,1.4,0,16.1149255,0.106149585875,0.31462097250000004,11.157725412499998,5,0.20587969738672968,0.6683713586355463,-0.46249166124881663,214
Valparaíso,Calle Larga,2017,3,3.52,1.1733333333333333,2.5,0,15.157802333333331,0.011676922333333332,-0.06230895333333334,-6.5491731,1,-0.38498954357750376,-0.044690759058921975,-0.34029878451858175,215
Biobío,Antuco,2017,3,3.32,1.1066666666666667,3.3,0,20.219075333333333,2.9802322666666667E-5,0.47108745999999996,2.8158519999999996,2,0.45115402656361686,0.33244161256187293,0.11871241400174393,216
Los Ríos,Los Lagos,2017,10,3.2605,0.32605,1.0,0,16.8691267,0.0974152313454,0.39618331095000003,-0.8372508700000001,9,0.3337354968557501,0.1853300635348626,0.14840543332088751,217
Biobío,Hualpén,2017,7,3.1,0.4428571428571429,1.1,0,17.355718142857146,0.020685605085714286,1.0661850214285713,-3.7854197142857138,7,1.3840193161624155,0.066606419304159,1.3174128968582566,218
Metropolitana,Recoleta,2017,6,3.0000000000000004,0.5000000000000001,1.6,0,17.743380833333333,0.6407328333333333,0.8357540966666667,-4.227527,6,1.0227995342421117,0.048802626213176124,0.9739969080289356,219
O'Higgins,Pichilemu,2017,10,2.78,0.27799999999999997,1.1,0,18.839131799999997,0.0017289072368000002,1.029819496,-1.6599505139999997,10,1.3270133080569553,0.15219970194370105,1.1748136061132541,220
Los Lagos,San Juan de la Costa,2017,6,2.411,0.4018333333333333,0.9,0,13.571401666666667,0.038917486314,0.3744316066666667,16.818034633333333,5,0.2996378778589115,0.896313709858922,-0.5966758320000105,221
Araucanía,Gorbea,2017,3,2.41,0.8033333333333333,1.0,0,16.691582333333333,0.004757816528,0.64007632,18.790460999999997,3,0.7160582238593282,0.9757439116539377,-0.25968568779460954,222
Araucanía,Toltén,2017,1,2.4,2.4,2.4,0,13.618934,0.035239384,0.12563324,11.108307,1,-0.0903744082191019,0.6663812643315963,-0.7567556725506982,223
Los Ríos,Lanco,2017,1,2.1,2.1,2.1,0,16.873327,0.037642196,0.45891953,0.5248718,1,0.4320797767615862,0.24018315228692041,0.1918966244746658,224
Los Lagos,Maullín,2017,2,2.01,1.005,1.01,0,15.24893475,0.0258069485,0.40032579,14.740917499999998,2,0.340229179856834,0.8126675794680716,-0.47243839961123757,225
Valparaíso,Petorca,2017,1,2.0,2.0,2.0,0,17.79835,0.014265999,1.690155,-10.619656,1,2.3621445387959454,-0.20861032716759595,2.5707548659635413,226
Arica y Parinacota,Camarones,2017,1,2.0,2.0,2.0,0,19.9811,0.0025834888,-0.36683464,-0.20093632,1,-0.8623590730385499,0.21095464144852122,-1.073313714487071,226
Atacama,Copiapó,2017,3,1.5799999999999998,0.5266666666666666,1.2999999999999998,0,17.099940333333336,0.0014168520946666666,0.12322711966666666,-0.28508561433333335,1,-0.09414620344571364,0.2075659241089226,-0.3017121275546363,228
Magallanes,Porvenir,2017,1,1.5,1.5,1.5,0,11.026282,0.0,0.91714,25.223251,1,1.150378756882604,1.2347942957088116,-0.08441553882620756,229
Coquimbo,Paiguano,2017,1,1.5,1.5,1.5,0,5.2160087,0.41460618,-0.44540787,-13.566533,0,-0.9855291945606506,-0.32728194844117614,-0.6582472461194744,229
Metropolitana,Lo Barnechea,2017,2,1.4000000000000001,0.7000000000000001,1.3,0,14.773247,0.719586351742,0.0420312895,14.961808249999999,1,-0.22142747047159758,0.8215629162693148,-1.0429903867409123,231
Los Lagos,Río Negro,2017,2,1.2999999999999998,0.6499999999999999,0.7,0,14.2833945,2.2351742E-5,0.18997573699999998,-13.039639,1,0.010487846960243614,-0.30606376891779535,0.316551615878039,232
Araucanía,Pucón,2017,3,1.2,0.39999999999999997,0.7,0,14.623583333333334,2.062970126666667,0.6384236066666666,33.58920009999999,2,0.7134674572317137,1.5716935769442513,-0.8582261197125376,233
Valparaíso,San Esteban,2017,1,1.1,1.1,1.1,0,10.344425,0.0,-1.0895157,-3.7985153,0,-1.9952221866196087,0.06607905613690042,-2.061301242756509,234
Arica y Parinacota,Arica,2017,4,1.08,0.27,0.5,0,19.738681,0.34586154750000003,-0.13310814250000003,3.5931571699999996,2,-0.49597320472169426,0.363743925060235,-0.8597171297819293,235
Maule,Villa Alegre,2017,2,1.02,0.51,1.0,0,16.900284,0.0,0.4544496499999999,1.509361,1,0.42507286533909255,0.279828827858154,0.14524403748093856,236
Araucanía,Melipeuco,2017,6,0.97,0.16166666666666665,0.5,0,13.871291166666666,2.1667866658333335,0.28879833683333334,18.1011773,6,0.165400552351146,0.9479862501714762,-0.7825856978203302,237
Maule,Empedrado,2017,4,0.96,0.24,0.35,0,17.50033225,5.643815E-4,1.7626035400000002,1.311729975,3,2.475713695567263,0.2718701671638971,2.203843528403366,238
Valparaíso,El Tabo,2017,5,0.9000000000000001,0.18000000000000002,0.3,0,15.888819799999998,0.0059209764,0.411638654,0.6487052080000002,4,0.3579630420595587,0.2451699607947722,0.11279308126478649,239
Araucanía,Villarrica,2017,5,0.82,0.16399999999999998,0.5,0,14.275857300000002,0.2679542020284,0.395213884,-1.2075744560000001,3,0.332215838885239,0.1704170215767265,0.16179881730851248,240
Valparaíso,Putaendo,2017,4,0.8,0.2,0.5,0,21.064265250000002,0.239328010871,1.0443759075,-9.061831250000001,3,1.3498317027364246,-0.14587625691539,1.4957079596518146,241
Los Ríos,Corral,2017,2,0.71,0.355,0.45,0,14.384409999999999,6.482005E-4,0.819123745,39.116006999999996,2,0.9967300645800065,1.7942597496379236,-0.7975296850579171,242
Los Lagos,Ancud,2017,2,0.55,0.275,0.3,0,13.932943250000001,0.2449238615,0.44031620000000005,77.98854700000001,2,0.4029174982499895,3.35966860274652,-2.9567511044965302,243
Araucanía,Cunco,2017,2,0.51,0.255,0.5,0,15.308422,6.622483,-0.151408675,13.2277604,2,-0.5246608227812313,0.7517322888880341,-1.2763931116692655,244
Los Lagos,Chaitén,2017,2,0.5,0.25,0.4,0,12.1621795,0.5503176,-0.12019825,-200.33636,0,-0.47573586653332833,-7.848558939328854,7.372823072795526,245
Magallanes,Primavera,2017,1,0.5,0.5,0.5,0,13.968656,0.021677464,-0.36994934,26.377693,1,-0.8672416262631645,1.2812840215461352,-2.1485256478092998,245
O'Higgins,Nancagua,2017,1,0.43,0.43,0.43,0,16.738968,0.18718094,0.31381607,-2.6436458,1,0.2046179452767751,0.11258599752753498,0.09203194774924012,247
Metropolitana,Providencia,2017,2,0.31,0.155,0.3,0,13.951958999999999,0.04477473,0.019068240000000014,13.1807585,1,-0.25742397459180516,0.7498395082677577,-1.0072634828595628,248
O'Higgins,Codegua,2017,1,0.3,0.3,0.3,0,4.9624887,6.1834025,-1.6011939,32.91703,0,-2.797320637634157,1.5446250852703118,-4.341945722904469,249
Aysén,Cisnes,2017,1,0.3,0.3,0.3,0,9.865447,0.1259502,0.15306282,111.15712,1,-0.04737624329829891,4.695376992761135,-4.742753236059434,249
Magallanes,Torres del Paine,2017,1,0.3,0.3,0.3,0,6.181704,0.004902482,0.66454744,6.700531,0,0.7544187548465601,0.48887880184986504,0.26553995299669503,249
Araucanía,Lonquimay,2017,6,0.26000000000000006,0.04333333333333334,0.1,0,14.196660000000001,2.9587186833333337,1.0496605166666668,7.103256516666666,6,1.35811577039223,0.5050966792811503,0.8530190911110797,252
Biobío,Cobquecura,2017,3,0.255,0.085,0.15,0,16.999037333333334,0.007250656828,0.44398435,10.094454666666666,1,0.40866763072209605,0.6255531265678996,-0.21688549584580358,253
Los Ríos,Panguipulli,2017,1,0.25,0.25,0.25,0,12.993168,0.8903964,0.7320156,1.4023285,0,0.8601807486715886,0.27551859695813186,0.5846621517134567,254
Magallanes,Punta Arenas,2017,8,0.17200000000000001,0.021500000000000002,0.076,0,8.6793623875,4.69846898,-0.07808544749999999,23.005237,7,-0.4097205200653107,1.1454742062081305,-1.5551947262734411,255
O'Higgins,Peumo,2017,1,0.1,0.1,0.1,0,20.309958,4.4703484E-5,0.14665413,15.350381,0,-0.05742240184488624,0.837210857539084,-0.8946332593839702,256
O'Higgins,Palmilla,2017,1,0.1,0.1,0.1,0,20.313728,0.0,1.9033184,-3.394094,1,2.6962960288398725,0.08236522327199597,2.6139308055678767,256
Aysén,Coihaique,2017,4,0.08499999999999999,0.021249999999999998,0.04,0,8.02121045,0.16970187375,0.02703022975,33.658784999999995,4,-0.24494288853914803,1.5744957817526504,-1.8194386702917984,258
Biobío,Treguaco,2017,1,0.06,0.06,0.06,0,22.820013,0.007033348,0.9441986,-7.220144,1,1.1927953795697193,-0.07171095858893065,1.2645063381586499,259
Los Lagos,Frutillar,2017,1,0.05,0.05,0.05,0,10.745116,0.0,-0.105685234,-36.173183,0,-0.4529854979361332,-1.2376585291618454,0.7846730312257122,260
Magallanes,Natales,2017,2,0.0345,0.01725,0.0245,0,10.607001,4.47315565,0.055152429999999975,10.6783905,2,-0.2008589833431754,0.6490683978403029,-0.8499273811834783,261
Atacama,Alto del Carmen,2017,1,0.03,0.03,0.03,0,20.225101,0.0,1.2336445,9.693878,1,1.6465260799249657,0.6094217839710759,1.0371042959538896,262
Los Lagos,Futaleufú,2017,1,0.02,0.02,0.02,0,12.075816,0.65635526,0.22451496,94.7948,1,0.06463097298661348,4.036461455330449,-3.9718304823438353,263
Metropolitana,Las Condes,2017,1,0.01,0.01,0.01,0,12.532516,0.30747235,0.032693863,5.1511497,0,-0.23606466887503202,0.42648475186339896,-0.662549420738431,264
Magallanes,Río Verde,2017,1,0.01,0.01,0.01,0,5.541327,3.8969276,0.24263239,-34.429916,0,0.09303156253560052,-1.167456643843004,1.2604882063786045,264
Araucanía,Ercilla,2018,64,5739.635000000001,89.68179687500002,2245.02,3,17.068333351562504,0.3485535098623751,-0.02600908289062496,2.032610918750002,63,-0.32808645516348656,0.300900259135853,-0.6289867142993395,1
Araucanía,Galvarino,2018,95,2482.975,26.13657894736842,680.0,3,15.643683752631578,0.13232381508004212,-0.11558913179999987,14.040064374736842,83,-0.4685106875658384,0.7844440137577842,-1.2529547013236226,2
Araucanía,Traiguén,2018,32,1145.2480000000003,35.78900000000001,277.4,4,16.63654753125,0.07636804544768752,-0.036843504249999964,14.156780581249995,31,-0.34507031843925956,0.7891442104255847,-1.1342145288648442,3
Araucanía,Victoria,2018,66,1132.5939999999998,17.16051515151515,154.0,0,16.304511386363647,0.114835178806303,0.08172183872727272,6.107410443939394,66,-0.15920920896443916,0.46499365903650725,-0.6242028680009464,4
Araucanía,Collipulli,2018,222,992.6596,4.471439639639639,150.2,0,16.664181290540544,0.34469536237175646,0.02451876713063059,13.21466224765764,201,-0.2488798166255452,0.7512048223618927,-1.0000846389874378,5
Biobío,Mulchén,2018,95,921.6409999999995,9.70148421052631,294.44,1,17.67316005263158,0.22022092855048428,0.041426489770526334,6.976454642315789,93,-0.22237554472253276,0.4999903297423853,-0.7223658744649181,6
Araucanía,Angol,2018,48,916.4330000000001,19.09235416666667,465.863,1,16.676881677083333,0.053412763125083335,0.06254341145833335,7.23076265625,44,-0.18927300063137245,0.5102313897922065,-0.6995043904235789,7
Valparaíso,Limache,2018,92,882.7400000000001,9.595,730.0,1,17.608009483695657,0.007220746347500001,0.18661649887608692,-3.3729351814130526,71,0.005221959737024639,0.083217295247157,-0.07799533551013237,8
Metropolitana,Melipilla,2018,84,763.0879999999999,9.08438095238095,336.418,1,18.387350357142857,0.06724881522021427,0.49823631244047645,-0.9403883235714288,48,0.4937121275132542,0.18117668732358871,0.3125354401896655,9
Biobío,Quirihue,2018,21,656.3600999999999,31.25524285714285,517.3000000000001,1,18.086497166666668,0.33970594000495236,-0.1568787850476191,6.431293138095237,20,-0.533235678610685,0.478036512341185,-1.01127219095187,10
Valparaíso,Quilpué,2018,82,622.54,7.591951219512195,170.0,0,16.755419481707317,0.041535249847512196,0.2923287248536586,-2.2947078090243886,54,0.1709347313773058,0.12663783515530896,0.04429689622199684,11
Biobío,Laja,2018,25,574.7999999999998,22.991999999999994,548.8899999999999,1,20.137843559999997,0.02588715396776,0.11862900323999996,2.5365722639999997,25,-0.10135413621168629,0.3211949337693826,-0.4225490699810689,12
Coquimbo,Los Vilos,2018,9,492.88,54.76444444444444,463.0,1,16.440602,0.0019208010666666665,-0.050129467666666656,-2.0792834288888886,7,-0.3658971792997463,0.1353130396014178,-0.5012102189011641,13
Metropolitana,Paine,2018,22,437.74000000000007,19.897272727272732,333.02,1,18.111218954545453,0.5763199387462727,0.2598489540909091,-5.138506861818181,10,0.12001996929029685,0.012117193753814702,0.10790277553648214,14
Metropolitana,Padre Hurtado,2018,6,421.627,70.27116666666667,212.717,1,18.610901000000002,0.74669218,0.21244970549999997,-9.322014566666669,4,0.04571767563381178,-0.15635391716967642,0.2020715928034882,15
Biobío,Chillán Viejo,2018,28,393.867,14.066678571428572,97.01,0,18.55745314285715,0.004312489252714285,-0.11296875650000003,8.347494205357142,27,-0.46440302972697284,0.5552025044535586,-1.0196055341805315,16
Valparaíso,Villa Alemana,2018,125,380.2099999999998,3.0416799999999986,96.0,0,17.731724183999994,0.030569225576991994,0.12216949979439994,-2.1848303787200054,107,-0.09580411121139008,0.1310626322525736,-0.22686674346396368,17
Los Ríos,Mariquina,2018,13,357.19000000000005,27.47615384615385,269.0,1,15.15754923076923,1.1944958182253846,0.06382303723076921,18.885198184615383,13,-0.1872670800157412,0.9795590065130724,-1.1668260865288136,18
Biobío,Tirúa,2018,79,356.5199999999999,4.512911392405062,89.25999999999999,0,14.372341708860755,0.06703622780149367,-0.22071288841772152,11.679513084177215,76,-0.6333009841778593,0.6893839047847414,-1.3226848889626006,19
Maule,Cauquenes,2018,46,350.7429999999998,7.6248478260869526,200.0,1,16.97867198913043,0.22583661027021734,-0.04101044215217387,4.858659682608696,35,-0.3516023427404854,0.4147060910743115,-0.766308433814797,20
Metropolitana,Lampa,2018,53,348.68,6.578867924528302,93.86,0,18.678487905660376,0.26614710533773583,0.3804588675471698,-5.176606239622641,28,0.3090861143014883,0.01058292037437946,0.29850319392710883,21
Los Lagos,Calbuco,2018,2,336.59000000000003,168.29500000000002,327.79,1,15.696631499999999,0.0120019542,-0.22757912,36.110905450000004,2,-0.6440643774911814,1.6732434082601708,-2.3173077857513524,22
Maule,San Javier,2018,72,320.2499999999999,4.447916666666665,100.33,0,19.794535763888888,0.011480128976500002,-0.0338800598611111,-0.36456369013888956,65,-0.34042487105847313,0.20436531814146966,-0.5447901891999428,23
Biobío,Cañete,2018,93,305.07000000000005,3.2803225806451617,194.75,0,14.286610091397838,0.3335673553639786,0.001931836075268828,9.785236559247318,82,-0.28428672356955426,0.6131008205725689,-0.8973875441421231,24
Valparaíso,La Cruz,2018,15,302.38,20.158666666666665,265.0,1,17.847678566666666,0.004225969358933334,-0.13879877733333323,-3.0050218453333333,14,-0.5048937516300949,0.09803327571758448,-0.6029270273476793,25
Valparaíso,La Ligua,2018,26,298.7599999999999,11.490769230769226,169.0,0,17.71677846153846,0.025400318305846156,0.3741792466538462,-1.7578807051153842,15,0.29924228239406403,0.14825602375445388,0.15098625863961015,26
Maule,Parral,2018,40,295.61,7.39025,65.7,0,17.951817225000003,0.6503866993288,-0.17153756675000004,7.725695715000002,36,-0.5562145471597851,0.530162492618607,-1.0863770397783923,27
Aysén,Río Ibáñez,2018,3,289.78,96.59333333333332,287.4,1,10.072002,2.286037871,-0.5027082133333333,15.956858333333331,2,-1.0753522838192282,0.8616338817821535,-1.9369861656013816,28
Metropolitana,San Pedro,2018,50,284.54999999999984,5.690999999999997,106.0,0,18.96038472,0.04959272474851999,0.108274950852,-1.3406926616000001,39,-0.11758498087565333,0.16505631148275862,-0.28264129235841196,29
Maule,Romeral,2018,14,281.8299999999999,20.13071428571428,203.95,1,14.254721142857141,0.0028656795831428572,0.3127330292857144,5.448309299999999,7,0.20292018821127147,0.43845145814567965,-0.23553126993440818,30
Biobío,Los Angeles,2018,118,276.35039999999987,2.3419525423728804,63.5,0,18.233056669491518,0.31298531391794926,-0.004862730508474539,8.866155515762717,111,-0.2949377759930028,0.5760891510959903,-0.8710269270889932,31
Metropolitana,Talagante,2018,16,275.91,17.244375,113.1,0,21.607972312499996,0.08637495514175,0.287740712125,-3.28291971875,11,0.16374263700452998,0.08684224494608093,0.07690039205844905,32
Valparaíso,San Antonio,2018,84,272.2500000000001,3.2410714285714297,64.2,0,15.90870689880952,0.0928537590797619,0.08266504085714274,-2.7562320909523828,60,-0.15773066059680815,0.10805211379893066,-0.26578277439573883,33
O'Higgins,Mostazal,2018,11,269.25,24.477272727272727,229.0,1,16.38206629090909,0.7008717003167273,-0.11789330400000005,-10.151182272727272,8,-0.47212267055141593,-0.18974474956135998,-0.282377920990056,34
Valparaíso,Santo Domingo,2018,22,266.71999999999997,12.123636363636363,117.3,0,17.448708636363637,0.006747008744,0.14830727918181827,-4.015586430909091,16,-0.0548309519882529,0.05733753654287886,-0.11216848853113176,35
Biobío,Contulmo,2018,45,256.63,5.7028888888888885,67.53,0,15.503090882222223,0.2987669245489778,-0.09078354111111107,18.59489696444443,43,-0.42962584574912904,0.967868489245,-1.3974943349941291,36
Maule,Longaví,2018,31,241.65999999999997,7.7954838709677405,178.0,0,17.635616645161285,0.3663527517523871,-0.031476145806451625,6.451862987096776,24,-0.3366565343585425,0.47886486633436676,-0.8155214006929092,37
Biobío,Ñiquén,2018,13,237.88,18.298461538461538,165.0,0,19.007713384615382,0.0033176576324615383,-0.13095026461538462,8.795985184615384,12,-0.49259055033319665,0.5732633707995755,-1.065853921132772,38
O'Higgins,Las Cabras,2018,24,232.29999999999998,9.679166666666665,121.0,0,19.196074020833333,0.10533599809058332,0.28043944466666665,0.8201347404166666,17,0.15229728850468746,0.25207347951851183,-0.09977619101382437,39
Araucanía,Los Sauces,2018,25,230.67,9.226799999999999,90.0,0,15.951106559999998,0.53891533331872,-0.24360721748000003,27.735301348000004,24,-0.6691897632539875,1.3359553171963123,-2.0051450804503,40
Araucanía,Cholchol,2018,32,210.61099999999996,6.581593749999999,76.871,0,16.55010953125,0.46108753465968766,0.026421282812500002,8.536796384375,30,-0.24589746388615089,0.5628257600202723,-0.8087232239064231,41
Maule,Linares,2018,54,200.6549999999999,3.715833333333331,89.8,0,18.36025747222222,0.22573496740777788,0.05250695974074076,3.1515513759259233,50,-0.20500597963333758,0.3459603271881225,-0.5509663068214601,42
Valparaíso,Casablanca,2018,37,197.66000000000003,5.342162162162163,85.8,0,16.14411339189189,0.20161906357632434,0.17819576945945942,-1.84165438810811,29,-0.00797823917996959,0.1448824323962785,-0.15286067157624808,43
Maule,Curicó,2018,71,193.23500000000007,2.72161971830986,58.0,0,17.59971171830986,0.08926063374847885,-0.09321223605633798,5.312119964788737,62,-0.4334330285713665,0.43296707274048907,-0.8664001013118556,44
O'Higgins,La Estrella,2018,13,187.3,14.407692307692308,92.0,0,19.13441315384615,0.007138515921692307,0.641294033076923,-0.2604507538461539,9,0.7179670911371994,0.20855797733471454,0.5094091138024848,45
Metropolitana,Tiltil,2018,11,186.33000000000004,16.93909090909091,75.6,0,19.415034272727272,0.02917071643636364,0.35030737781818183,-7.177222,8,0.2618211278170098,-0.06998247676620624,0.331803604583216,46
Biobío,Bulnes,2018,20,184.18000000000004,9.209000000000001,162.3,0,18.4797885,0.22866030999439996,-0.23251634875000002,15.570081564999999,18,-0.6518038972375366,0.8460582652331519,-1.4978621624706885,47
Araucanía,Lumaco,2018,77,176.3700000000001,2.2905194805194817,21.1,0,15.249853792207789,0.3616384061585715,-0.11131199941558438,15.537228841818175,68,-0.46180592418071903,0.8447352762101151,-1.306541200390834,48
Valparaíso,Cartagena,2018,70,162.6700000000001,2.323857142857144,38.7,0,15.52118389285714,0.021216166873028575,0.09790241657142855,-0.7753267005714282,44,-0.13384479745478775,0.18782376842383774,-0.32166856587862547,49
Maule,Teno,2018,27,152.8,5.65925925925926,45.0,0,17.7983355,0.16010912148614811,-0.10416921111111108,4.974782125925926,24,-0.4506090050332101,0.41938237671999845,-0.8699913817532086,50
Coquimbo,Ovalle,2018,58,149.67000000000004,2.580517241379311,20.0,0,18.467639258620697,0.003568474837862069,0.3076825190344828,-3.5122721060000006,31,0.19500309022010054,0.0776061554730817,0.11739693474701884,51
Araucanía,Nueva Imperial,2018,14,149.05,10.646428571428572,58.6,0,14.958768142857144,0.009582776884857144,-0.020505632857142846,12.872107928571426,14,-0.31945933611270044,0.7374100571171172,-1.0568693932298177,52
Araucanía,Perquenco,2018,9,148.76000000000002,16.52888888888889,74.3,0,16.02226988888889,0.019525074737333333,-0.15054872777777778,24.859484311111107,8,-0.5233127834571039,1.2201453019653445,-1.7434580854224484,53
O'Higgins,Litueche,2018,18,147.81000000000003,8.211666666666668,105.0,0,18.035577277777772,0.021894255441777775,1.0515279747222224,-0.8420098944444445,8,1.3610431673649674,0.18513841619209842,1.175904751172869,54
Metropolitana,Alhué,2018,18,147.41000000000003,8.189444444444446,55.2,0,18.47106130555555,0.038364383170444445,-0.4206952577777778,-7.7061609833333335,15,-0.9467901042809247,-0.09128300838220714,-0.8555070958987175,55
Araucanía,Carahue,2018,47,147.12,3.130212765957447,30.02,0,14.272049521276594,0.0692042194653617,-0.024669344063829767,10.295241015744683,44,-0.32598630229839193,0.6336388531098257,-0.9596251554082176,56
Biobío,San Carlos,2018,35,145.79000000000002,4.165428571428572,40.7,0,17.94564137142857,0.014292821419371429,-0.037967428771428544,5.566851814857143,34,-0.346832164298034,0.4432252007986457,-0.7900573650966797,57
Biobío,Coihueco,2018,53,139.6418,2.6347509433962264,40.0,0,16.835550283018865,3.195881578664717,-0.01328501971698107,10.56188421773585,49,-0.3081404200144593,0.6443766548850169,-0.9525170748994762,58
Biobío,Hualqui,2018,34,135.20599999999993,3.976647058823527,112.92,0,17.531357176470596,0.37033905069717643,0.15359663208823526,7.053489323529412,29,-0.046539448122920414,0.5030925394762541,-0.5496319875991745,59
Metropolitana,Curacaví,2018,56,135.16999999999993,2.413749999999999,90.0,0,18.518223232142855,0.21978415208671434,0.39776910696428575,-4.67889277946429,36,0.3362213649788861,0.030625990800011434,0.30559537417887467,60
Metropolitana,Colina,2018,25,134.52000000000004,5.380800000000002,69.9,0,19.2414566,0.31676203859872,0.3135486297599999,-5.924328116000002,15,0.20419871029228087,-0.01952806401058975,0.22372677430287063,61
Araucanía,Lautaro,2018,13,132.1,10.161538461538461,110.0,0,16.167363923076927,0.012184350057846157,-0.16261797846153847,14.93369356153846,13,-0.5422323451627828,0.8204307293265504,-1.3626630744893333,62
Biobío,Chillán,2018,78,131.79299999999992,1.689653846153845,18.48,0,18.43632080769231,0.5046905222664617,-0.06344149942307692,6.981933926282052,74,-0.38676490446699624,0.5002109821522737,-0.8869758866192698,63
Metropolitana,Puente Alto,2018,28,123.74000000000001,4.4192857142857145,32.0,0,15.954302178571426,0.5471237440595714,0.12466270209642856,-0.7190126135714282,18,-0.09189580770242084,0.19009155360958913,-0.28198736131200997,64
Coquimbo,Punitaqui,2018,1,120.81,120.81,120.81,0,19.425611,0.0,-0.2012062,0.5751879,1,-0.602722615655851,0.24220939673592987,-0.8449320123917808,65
O'Higgins,Malloa,2018,6,113.60000000000001,18.933333333333334,81.7,0,17.113502999999998,0.060765995830666664,0.19645929999999998,-10.10480435,3,0.020651375207793022,-0.1878770966931384,0.20852847190093143,66
Biobío,San Nicolás,2018,15,111.37,7.424666666666667,75.28,0,18.4802688,0.0189920263104,0.010369996000000015,4.634510199999999,15,-0.27105920087063934,0.40567952413283126,-0.6767387250034707,67
Metropolitana,San Bernardo,2018,18,108.84,6.046666666666667,82.0,0,20.075296888888886,0.2990413693102222,0.440781580611111,-4.638381364444445,11,0.4036470213512362,0.032257397642065526,0.37138962370917067,68
Biobío,El Carmen,2018,7,108.42999999999999,15.489999999999998,80.8,0,15.434765285714287,8.65065636E-4,0.22194958142857146,29.689757685714284,6,0.06060952712785156,1.4146618605318428,-1.3540523334039913,69
O'Higgins,San Vicente,2018,28,104.89,3.7460714285714287,35.7,0,20.84580078571428,8.362611584285714E-4,-0.3510817417857145,-4.555093878571432,27,-0.8376650851831589,0.035611409696301555,-0.8732764948794605,70
Metropolitana,Pudahuel,2018,13,104.4,8.03076923076923,47.1,0,18.456776846153847,0.06712342655769231,0.10744123515384615,-6.068351141538462,7,-0.11889190008791546,-0.02532791447648137,-0.09356398561143409,71
Magallanes,San Gregorio,2018,1,101.002,101.002,101.002,0,11.593804,1.7965305,0.77202415,14.879662,1,0.9228975030346591,0.8182548621262187,0.10464264090844044,72
Biobío,Tomé,2018,179,98.6039,0.5508597765363128,16.3,0,16.49358269553072,0.10479744043955308,-0.020919479944134033,7.0345538111731845,151,-0.32010807609699626,0.5023300007103132,-0.8224380768073094,73
Araucanía,Temuco,2018,52,98.44250000000001,1.8931250000000002,20.0,0,15.895672355769237,0.13212455133826917,-0.10615585403846159,11.452840236538464,49,-0.4537232342787532,0.6802557211761315,-1.1339789554548847,74
Coquimbo,Salamanca,2018,8,96.22,12.0275,58.7,0,20.209349874999997,0.0014677644,0.0270988925,-2.9746553625,7,-0.24483525392540564,0.09925614309556055,-0.3440913970209662,75
Valparaíso,San Felipe,2018,12,95.93999999999997,7.994999999999997,73.5,0,16.676617166666663,0.19217933217366667,0.11874246599999998,-6.315166810000001,6,-0.10117627382856376,-0.03526725552534542,-0.06590901830321834,76
Biobío,Portezuelo,2018,13,93.264,7.174153846153846,67.307,0,17.189889576923076,0.0772577844,-0.17007739630769234,6.670465361538461,12,-0.5539256076466452,0.4876680495650374,-1.0415936572116826,77
Biobío,Cabrero,2018,40,91.964,2.2991,21.15,0,18.700861462500008,0.08232361826010001,0.22862095835000001,3.0723389212499987,37,0.07106746943380098,0.342770417863284,-0.271702948429483,78
Biobío,Quilaco,2018,11,91.42,8.31090909090909,70.3,0,14.267546272727271,0.9804465605258182,-0.024988781727272716,33.452521372727276,8,-0.32648704760089514,1.5661894835738586,-1.8926765311747538,79
Maule,San Clemente,2018,40,87.29999999999998,2.1824999999999997,50.0,0,16.950256675,0.46006159804095004,0.06262782720000001,-1.5673185024999998,35,-0.18914067188328026,0.15593002084962687,-0.34507069273290714,80
Metropolitana,Cerrillos,2018,3,86.0,28.666666666666668,82.2,0,21.291293999999997,0.08443556666666667,0.9137344000000001,-6.172731966666667,1,1.145040193534048,-0.02953136163353551,1.1745715551675835,81
Biobío,Tucapel,2018,21,85.8633,4.088728571428571,26.0,0,18.361797,0.39513067811676195,0.20512317676190475,-1.5077610933333339,21,0.03423272796134938,0.1583284155924893,-0.12409568763113993,82
Maule,Río Claro,2018,31,85.84,2.769032258064516,23.0,0,17.098601258064516,0.04063234176296774,-0.03336647935483864,2.2915091032258066,24,-0.33961979058298597,0.31132616673109037,-0.6509459573140763,83
Biobío,Curanilahue,2018,206,83.41130000000003,0.404909223300971,21.0,0,15.304276344660192,0.4591550467186989,0.0822557445902914,9.566683263398076,174,-0.15837226678923044,0.6042996137515466,-0.7626718805407771,84
Biobío,Yumbel,2018,32,83.31,2.6034375,56.1,0,17.990556156249998,0.15649871003337498,0.06568271293749998,5.524864428125,31,-0.18435188252685436,0.4415343561327353,-0.6258862386595896,85
Maule,Molina,2018,33,80.688,2.445090909090909,20.0,0,18.48850784848485,0.10913556624048486,0.04256980939393939,0.5427141636363634,28,-0.22058329541632007,0.24090166962581172,-0.46148496504213177,86
Valparaíso,Valparaíso,2018,136,80.48999999999998,0.5918382352941175,23.7,0,16.03986885661764,0.06625920945272058,0.25025754244485304,-0.5433355749999998,95,0.1049846278895015,0.19716612068103892,-0.09218149279153742,87
Aysén,Chile Chico,2018,5,72.06400000000001,14.4128,41.0,0,5.83776254,3.3715758559999998,0.009633226000000005,2.102369630000001,2,-0.27221414957815515,0.30370946337545746,-0.5759236129536126,88
O'Higgins,Coltauco,2018,32,72.03,2.2509375,29.2,0,19.602470812500002,0.6033460104648751,-0.3152161864375,-2.3248041978125,28,-0.7814428220701722,0.12542584454560074,-0.906868666615773,89
Maule,San Rafael,2018,18,70.05999999999999,3.8922222222222214,20.0,0,19.36873322222222,0.02322366624822222,-0.04592736666666663,-5.096544277777777,15,-0.3593100338964309,0.013807039607884465,-0.3731170735043154,90
O'Higgins,Requínoa,2018,6,69.55,11.591666666666667,52.0,0,17.50284483333333,2.5982792434140003,-0.33046865666666664,-13.02740435,4,-0.8053523471290083,-0.30557107589015464,-0.49978127123885363,91
Biobío,Lebu,2018,127,69.20299999999999,0.5449055118110235,9.2,0,14.110940503937007,0.364069654868819,-0.041075820582677246,8.390410191023623,104,-0.3517048289082302,0.5569307440772671,-0.9086355729854972,92
Biobío,Alto Biobío,2018,4,68.0,17.0,51.0,0,13.29392975,1.16415325E-4,-0.2909312385,21.2081841575,4,-0.7433741313899016,1.0731063488683872,-1.8164804802582888,93
Metropolitana,Isla de Maipo,2018,12,66.50999999999999,5.5424999999999995,28.8,0,20.195955333333334,0.09611125087100002,0.3272322083333334,-3.2911409299999996,8,0.22564886622623828,0.08651117430150702,0.13913769192473124,94
Valparaíso,Viña del Mar,2018,49,65.74,1.3416326530612244,34.300000000000004,0,15.164337867346937,0.06803407965355102,0.23428623685714278,-1.7710936799999994,25,0.07994826817634115,0.1477239332900726,-0.06777566511373145,95
Valparaíso,Quintero,2018,14,62.44,4.46,47.0,0,15.314947071428573,0.3096978073928572,0.28375877885714285,-1.0750678528571427,6,0.15750062296877168,0.17575310225617724,-0.01825247928740556,96
Biobío,Yungay,2018,14,61.9664,4.426171428571428,37.8,0,17.860038857142857,0.18589755528342858,0.13878788307142859,4.671598869285714,14,-0.06975340300285052,0.40717309597685986,-0.4769264989797104,97
O'Higgins,Pichidegua,2018,8,61.7,7.7125,43.0,0,19.727173625000002,2.244487355E-4,0.20576405374999998,0.7536109337500001,7,0.035237356338016695,0.24939454585741108,-0.2141571895193944,98
Atacama,Vallenar,2018,13,61.41000000000002,4.723846153846155,26.5,0,18.94222353846154,0.005855941291076924,0.12606613307692308,-0.7384198229230768,10,-0.08969581204976165,0.18931001946406628,-0.27900583151382796,99
O'Higgins,Marchigue,2018,12,61.290000000000006,5.107500000000001,27.87,0,17.946421583333333,0.003539646623666667,-0.039836405833333345,-2.902419566666667,11,-0.3497619424404984,0.10216510027481471,-0.45192704271531314,100
Biobío,Los Alamos,2018,153,60.800399999999996,0.3973882352941176,10.98,0,14.339959777777773,0.2527000767464837,-0.07285816977124186,8.797485753921562,140,-0.4015263242421161,0.5733237991759201,-0.9748501234180362,101
Maule,Talca,2018,91,58.28999999999999,0.6405494505494504,12.5,0,18.868980620879128,0.229849023708022,-0.020101788241758123,2.2007447681318713,76,-0.31882627584073525,0.3076710597146062,-0.6264973355553414,102
Biobío,Concepción,2018,24,53.7,2.2375000000000003,22.12,0,16.66616739166667,0.31662537271025,-0.06857434720833332,9.973482816666666,22,-0.39481107344165184,0.6206815538595835,-1.0154926273012352,103
Biobío,Quillón,2018,36,51.96,1.4433333333333334,8.3,0,17.360835694444443,0.6587332379676668,-0.23245915944444442,14.776638673611107,28,-0.6517142482092984,0.81410608185084,-1.4658203300601382,104
Maule,Maule,2018,61,50.480000000000004,0.8275409836065575,8.0,0,18.537964647540985,0.15599136895540988,-0.09889389950819662,3.6321102852459055,52,-0.4423395120876112,0.3653125787026803,-0.8076520907902915,105
Valparaíso,Nogales,2018,28,50.150000000000006,1.7910714285714289,11.7,0,17.685965892857148,0.08029782639142859,0.4502236107142859,-3.8030354367857155,19,0.41844819466717836,0.06589702887185366,0.3525511657953247,106
Biobío,Quilleco,2018,13,49.98,3.8446153846153845,31.0,0,17.879432846153847,0.6167222786719999,-0.02993326830769229,11.29799324846154,12,-0.3342379446045525,0.6740199864900827,-1.0082579310946351,107
O'Higgins,Santa Cruz,2018,10,49.95,4.995,18.1,0,18.9153564,1.527369052E-4,-0.16871414400000004,1.35573479,9,-0.5517885954300958,0.27364225427167055,-0.8254308497017664,108
Biobío,Nacimiento,2018,33,49.825,1.509848484848485,39.5,0,18.10563178787879,0.4953074820647273,0.27056277345454544,5.286224342424241,29,0.13681477883274443,0.43192424825548925,-0.29510946942274485,109
Biobío,Negrete,2018,22,48.87,2.221363636363636,18.7,0,19.793726,0.00561921939290909,0.13542860231818185,0.4467844618181823,21,-0.07501935705112185,0.23703855174099514,-0.312057908792117,110
O'Higgins,Paredones,2018,13,47.05000000000001,3.61923076923077,22.0,0,17.621253615384614,0.003970872760307693,0.36906030023076924,-6.735152776923075,11,0.2912179049693926,-0.052180216469054096,0.34339812143844667,111
O'Higgins,Peralillo,2018,6,46.1,7.683333333333334,25.0,0,20.671940666666668,0.028050193916666664,-0.10158729500000004,-3.5737389500000005,6,-0.4465616351953478,0.075130867216378,-0.5216925024117258,112
Biobío,Coronel,2018,62,45.285000000000004,0.7304032258064517,7.0,0,16.312928370967743,0.06870843217851613,0.12735599266774192,3.1813339580645157,60,-0.08767384906634346,0.3471596807098678,-0.43483352977621126,113
Biobío,Arauco,2018,38,45.2413,1.1905605263157895,19.18,0,15.269062592105259,0.2923562425849474,-0.008320983371052615,9.031803521052632,31,-0.3003588771153302,0.5827598459870525,-0.8831187231023827,114
Biobío,Santa Juana,2018,18,44.94999999999999,2.497222222222222,8.2,0,14.760887277777776,0.12320548988711108,-0.28384324388888893,25.91903543333333,12,-0.7322631059477943,1.262813743673754,-1.9950768496215483,115
O'Higgins,Chimbarongo,2018,7,44.199999999999996,6.314285714285714,24.4,0,21.60881314285714,6.386212E-6,-0.1288046157142857,-3.9031270857142855,7,-0.4892270659010037,0.06186630812772371,-0.5510933740287274,116
Araucanía,Cunco,2018,7,43.269999999999996,6.181428571428571,35.0,0,15.220213714285714,0.02991488,-0.5549977214285714,46.952457471428566,6,-1.1573204689940182,2.109835962175651,-3.2671564311696693,117
Valparaíso,Zapallar,2018,9,41.050000000000004,4.561111111111112,28.2,0,18.025078333333333,0.07875758676666667,0.41629801,-3.320333198111111,6,0.3652669729878753,0.08533559290282679,0.27993138008504853,118
Metropolitana,Maipú,2018,7,40.199999999999996,5.742857142857142,16.0,0,21.91628485714286,0.01787261192628572,0.1077553825714286,-3.592696505714286,6,-0.11839944768905795,0.07436744075779202,-0.19276688844684997,119
Metropolitana,Huechuraba,2018,8,39.07999999999999,4.884999999999999,35.26,0,18.207630875,0.101190293371,0.42085540850000003,-4.6803642045,5,0.37241107699212256,0.03056673607218592,0.34184434091993665,120
Los Ríos,Los Lagos,2018,19,38.949999999999996,2.05,18.9,0,16.05438644736842,0.0699555112374737,-0.1095358087368421,42.80859827894736,17,-0.4590215964682512,1.9429615087454013,-2.4019831052136524,121
Los Lagos,Puerto Montt,2018,49,36.199,0.7387551020408163,12.39,0,14.632633491836732,0.7354218044258777,0.060472645897959185,-6.031393922448983,45,-0.19251909915265086,-0.02383963617130905,-0.16867946298134182,122
O'Higgins,San Fernando,2018,18,36.05,2.0027777777777778,9.0,0,16.97504023888889,0.2861701228046667,-0.04638187111111106,2.166035633333333,10,-0.36002250769513505,0.30627331243857603,-0.666295820133711,123
Metropolitana,Quilicura,2018,8,35.22,4.4025,21.11,0,19.729499625,0.06534159299225,-0.27801371025,-5.221366505000001,8,-0.7231248235236261,0.008780411053166891,-0.7319052345767929,124
O'Higgins,Lolol,2018,17,35.04,2.061176470588235,18.0,0,19.236070764705882,0.02249817766870588,0.33644553,-1.9967504411764712,15,0.24009151990492159,0.13863666778826952,0.10145485211665206,125
Araucanía,Purén,2018,17,33.76,1.9858823529411764,12.0,0,15.834817852941175,0.045051085356941176,0.06607516117647061,2.345083382352941,15,-0.18373668702979834,0.3134836190314681,-0.49722030606126644,126
Biobío,Pemuco,2018,14,33.7209,2.4086357142857144,13.5,0,19.364167571428574,0.11056102857142858,0.07856777907142856,5.800534872857143,13,-0.164153461747458,0.45263568768256657,-0.6167891494300246,127
Araucanía,Pitrufquén,2018,11,33.66,3.0599999999999996,16.3,0,17.10895890909091,0.0045263970116363635,0.02521237363636365,11.281606045454541,11,-0.24779253031187756,0.6733600689064918,-0.9211525992183693,128
O'Higgins,Pichilemu,2018,14,33.553,2.396642857142857,20.0,0,16.564068785714287,0.014275578812,0.12156487107142858,-1.7666520271428574,11,-0.09675191739530457,0.14790279998375935,-0.2446547173790639,129
Valparaíso,Olmué,2018,20,33.45,1.6725,10.0,0,17.0535066,0.1626036233484,0.47784834610000004,-7.777853789999997,12,0.461752282006776,-0.09417009922474531,0.5559223812315213,130
Metropolitana,Vitacura,2018,3,32.9,10.966666666666667,26.0,0,15.000074333333332,1.7902401000000001,0.030313490000000016,7.1199619,2,-0.23979610299932502,0.5057694100819824,-0.7455655130813075,131
Valparaíso,El Tabo,2018,12,32.32,2.6933333333333334,21.5,0,14.257845083333335,1.451383703248667,0.0052100025000000145,-3.0186098791666662,7,-0.27914792302764185,0.09748608151676717,-0.37663400454440904,132
O'Higgins,Codegua,2018,7,32.04,4.577142857142857,16.5,0,14.4593948,0.6443341729217142,0.9650239999999999,-16.590324242857143,2,1.2254409389892105,-0.4490509293598611,1.6744918683490715,133
Metropolitana,Calera de Tango,2018,1,30.0,30.0,30.0,0,22.151861,0.0,-0.088293076,-2.1892262,1,-0.42572183301626687,0.13088561121025463,-0.5566074442265215,134
Valparaíso,Hijuelas,2018,10,28.72,2.872,19.5,0,17.409983500000003,1.0877847679999998E-4,0.23065786099999994,-9.277138027000001,6,0.07426048500576078,-0.15454672544793455,0.22880721045369534,135
Biobío,Florida,2018,31,28.271599999999996,0.9119870967741934,11.3526,0,16.419797596774192,0.42877628719045174,-0.24464973432258072,11.116890370967743,23,-0.6708239957551777,0.6667269192567032,-1.337550915011881,136
Metropolitana,Renca,2018,8,28.1,3.5125,12.0,0,21.446662625000002,0.002112472492,0.643996692125,-4.8792942125000005,4,0.72220373564557,0.022555764942638827,0.6996479707029313,137
Metropolitana,Peñaflor,2018,12,27.52,2.2933333333333334,12.0,0,20.188343083333333,0.050681330007,0.1274394951666667,-1.7110934966666662,9,-0.08754295190276798,0.1501401586815222,-0.23768311058429017,138
Biobío,Ránquil,2018,11,27.279000000000003,2.479909090909091,9.7,0,17.81550236363636,0.22729801217127268,0.20207576777272737,0.8790760727272726,9,0.029455659034381243,0.25444706466146977,-0.22499140562708853,139
O'Higgins,Coinco,2018,8,27.15,3.39375,12.0,0,19.071983312500002,0.2340176132125,-0.04790055625000001,0.749946475,6,-0.3624031738979978,0.24924697700368809,-0.6116501509016858,140
Maule,Retiro,2018,20,27.130000000000003,1.3565,5.0,0,18.151428349999996,0.23567789307179998,-0.03319182279999999,11.60479085,15,-0.33934600179914565,0.686374817987093,-1.0257208197862386,141
Valparaíso,Quillota,2018,32,26.14999999999999,0.8171874999999997,5.0,0,17.068065374999996,0.4959148063765001,0.31097405779062504,-5.775163548124999,18,0.20016285301194126,-0.013521162091609215,0.21368401510355048,142
Biobío,Coelemu,2018,42,26.013000000000005,0.6193571428571429,7.0,0,16.769642049999998,0.16472282550995235,-0.09020734061904753,7.789623359523812,34,-0.4287226031991083,0.5327368780509959,-0.9614594812501043,143
Coquimbo,Coquimbo,2018,13,25.26000000000001,1.9430769230769238,11.5,0,17.850265,0.012920596184615385,-0.00525026615384617,-0.1651607523076923,10,-0.29554527058797575,0.21239533429726548,-0.5079406048852413,144
Valparaíso,Catemu,2018,8,23.4,2.925,7.5,0,17.7440905,2.3306347949999994E-4,0.3486918155,-8.2161735,2,0.2592885985184563,-0.11182136550490082,0.37110996402335716,145
Maule,Villa Alegre,2018,13,23.246,1.788153846153846,8.0,0,19.51027176923077,0.007068021714153846,-0.006211060769230759,2.1304190769230766,13,-0.29705139665069075,0.3048390230218861,-0.6018904196725768,146
Araucanía,Teodoro Schmidt,2018,4,22.8,5.7,19.0,0,15.466659,0.002860091575,0.05890989750000001,-6.996843825,4,-0.19496883820608038,-0.06271859351976615,-0.13225024468631424,147
Valparaíso,Puchuncavi,2018,9,22.720000000000002,2.5244444444444447,21.0,0,16.224582,0.011657364871333335,0.3221380433333334,-7.587834452222223,6,0.21766333575862695,-0.08651796345951977,0.30418129921814674,148
Araucanía,Freire,2018,10,22.53,2.253,12.0,0,15.0568273,0.28651470080520003,0.04956531300000001,16.3492288,8,-0.20961725737426962,0.8774347582419463,-1.0870520156162158,149
Maule,Sagrada Familia,2018,19,21.8,1.1473684210526316,4.0,0,17.750996421052633,0.039849526711578945,-0.17265515252631583,3.3589893736842087,15,-0.5579664565044842,0.3543139176188466,-0.9122803741233307,150
Araucanía,Padre Las Casas,2018,25,21.730000000000004,0.8692000000000002,4.1,0,14.824733879999998,0.32291154519615994,-0.12004942160000001,15.316507272,19,-0.4755025655462881,0.8358467523455723,-1.3113493178918603,151
Valparaíso,Calera,2018,19,20.510000000000005,1.0794736842105266,8.9,0,17.643739,0.0011312137930526316,0.35922803052631574,-5.691450238947369,12,0.2758049983810341,-0.010150002005088535,0.28595500038612265,152
Los Lagos,San Juan de la Costa,2018,13,20.18,1.5523076923076924,7.75,0,15.67787730769231,0.9045853661307693,0.0788186134615385,18.96824436923077,13,-0.16376025782403825,0.982903301293239,-1.1466635591172771,153
O'Higgins,Rengo,2018,19,20.0,1.0526315789473684,4.0,0,15.934821852631575,0.5297731935517893,-0.17644756736842107,-8.063296757894738,16,-0.5639113845284985,-0.10566497321548582,-0.4582464113130127,154
Coquimbo,Illapel,2018,2,19.7,9.85,10.0,0,16.000303000000002,0.014617108,-0.064263345,-0.8867608,1,-0.38805321626965494,0.18333628379371916,-0.5713895000633741,155
Metropolitana,El Monte,2018,6,17.58,2.9299999999999997,10.0,0,19.929339666666667,0.2534451683333333,-0.3293247266666667,1.2568120633333333,5,-0.8035591410063533,0.2696586063778709,-1.0732177473842242,156
Biobío,Santa Bárbara,2018,7,17.31,2.472857142857143,7.82,0,17.008411285714285,0.047963644497714286,0.34450013614285707,-11.517067785714286,7,0.25271778991352845,-0.24474936912989467,0.4974671590434231,157
Los Lagos,Ancud,2018,9,17.2,1.911111111111111,6.6,0,15.376146055555559,0.3525908114426667,0.04181098977777778,-3.6878728888888883,8,-0.22177280874466332,0.07053465924085542,-0.29230746798551877,158
Maule,Hualañé,2018,26,16.700900000000004,0.6423423076923078,4.3,0,18.125682230769232,0.127763629508,0.023202712076923097,-0.18272121538461583,17,-0.2509428431919079,0.21168816917851319,-0.4626310123704211,159
O'Higgins,Rancagua,2018,5,16.6,3.3200000000000003,7.5,0,17.379576999999998,0.3320425707936,0.14363671399999997,-2.1192813,3,-0.06215245424826503,0.13370231332670485,-0.1958547675749699,160
Biobío,San Fabián,2018,10,16.575,1.6575,7.36,0,17.1577771,0.0041376798935999996,0.40183152900000013,-12.826472099999998,10,0.3425895519022569,-0.29747947387430923,0.6400690257765661,161
Araucanía,Curacautín,2018,5,16.38,3.276,15.0,0,16.7195516,0.6561897612,0.3083438819,-13.910605279999999,5,0.19603983192609836,-0.3411378424275546,0.5371776743536529,162
Metropolitana,María Pinto,2018,17,16.169999999999998,0.9511764705882352,7.0,0,18.03296120588235,0.10610152714611765,0.5776563471764707,-3.8800034029411754,10,0.6182096864111369,0.06279750577340112,0.5554121806377358,163
Biobío,San Pedro de la Paz,2018,30,15.77,0.5256666666666666,4.0,0,15.847803000000003,0.08815908966939998,0.12179336703333336,5.127703753666668,27,-0.09639373082978954,0.42554057656742633,-0.5219343073972159,164
Biobío,Talcahuano,2018,24,15.710000000000003,0.6545833333333334,6.25,0,17.233625666666665,0.01579084625533333,-0.057059089999999986,6.613833592500001,23,-0.37675994292673387,0.4853874712282473,-0.8621474141549812,165
Metropolitana,Buin,2018,3,15.7,5.233333333333333,15.0,0,20.228433,0.22387131333333335,0.11119589333333339,-4.864438533333334,2,-0.11300615879611171,0.023154007601503955,-0.13616016639761566,166
Araucanía,Loncoche,2018,15,15.524999999999999,1.035,7.0,0,16.338947333333333,0.1116892859656,0.1955424673333334,3.8028989333333345,13,0.019214163183179096,0.3721902888221248,-0.3529761256389457,167
Maule,Vichuquén,2018,24,15.203999999999999,0.6335,3.5,0,16.932667229166665,0.3229623316300833,0.2647126583333333,-1.7346482375,16,0.1276442332105525,0.14919160219838062,-0.021547368987828136,168
Biobío,Hualpén,2018,10,15.129999999999999,1.513,5.8,0,17.7023115,0.0027723609968000004,0.11133899720000003,2.747876107,9,-0.11278183149471897,0.3297042029482958,-0.44248603444301476,169
Valparaíso,Los Andes,2018,4,14.769999999999998,3.6924999999999994,9.2,0,14.357111750000001,0.602065605,-0.13734340250000002,-1.8471398500000002,3,-0.5026123296358374,0.14466153119947078,-0.6472738608353081,170
Maule,Constitución,2018,37,14.4125,0.389527027027027,6.0,0,15.452064675675677,0.22771799925605413,0.07519871508108107,-0.6217582729729729,24,-0.16943475183960305,0.194008015095668,-0.36344276693527106,171
Metropolitana,Recoleta,2018,7,14.239999999999998,2.0342857142857143,14.0,0,18.67586657142857,0.093306549212,0.23767184200000005,-7.547241748,5,0.08525548791099608,-0.08488328307688754,0.1701387709878836,172
Metropolitana,Pirque,2018,10,14.129999999999999,1.4129999999999998,11.6,0,14.199491,0.9593578663483999,0.63078303687,-5.666423630000001,4,0.7014902238870553,-0.009142172951224357,0.7106323968382796,173
Valparaíso,Llay-Llay,2018,3,13.799999999999999,4.6,12.2,0,20.311004333333333,0.005139348333333333,-0.27285956666666666,-1.2341600133333333,3,-0.7150452716011517,0.1693464132034526,-0.8843916848046043,174
Valparaíso,Papudo,2018,13,13.68,1.0523076923076924,8.9,0,18.288915538461534,0.09311091061538462,0.1944181726153846,-1.8240436127692303,9,0.017451737010341254,0.1455916236049206,-0.12813988659457934,175
Maule,Pelarco,2018,17,13.4409,0.7906411764705882,4.3,0,17.612247705882353,0.2661787761290588,-0.2743099435294118,6.199174429411765,15,-0.7173188588577423,0.46868902227376874,-1.186007881131511,176
Maule,Curepto,2018,22,13.253599999999999,0.6024363636363635,4.5,0,17.321168909090908,0.07284508743381818,0.29374815818181815,-1.2706433818181821,12,0.17315981205073536,0.1678772170043515,0.00528259504638387,177
Maule,Yerbas Buenas,2018,7,13.030000000000001,1.8614285714285717,5.4,0,20.240991571428573,1.2772424E-5,0.0812209,1.4655631142857142,7,-0.15999447239211428,0.2780650738548246,-0.4380595462469389,178
Biobío,Lota,2018,64,13.005499999999996,0.20321093749999994,2.0,0,16.016926953125004,0.5089246452089375,0.04477749920625001,8.050169353124991,59,-0.21712255665751629,0.5432291434142899,-0.7603517000718061,179
O'Higgins,Graneros,2018,2,13.0,6.5,12.0,0,20.408613000000003,0.6443103649999999,-0.368086805,-3.0021448,2,-0.8643219465925034,0.09814913519668193,-0.9624710817891853,180
Los Lagos,Castro,2018,9,12.6,1.4,2.5,0,14.892640444444444,0.3450146144444445,0.13472726555555556,-19.911731999999997,9,-0.07611876119017273,-0.5828050166362517,0.506686255446079,181
O'Higgins,Machalí,2018,12,12.223,1.0185833333333334,4.0,0,12.306463616666667,0.9502265740618333,0.5919993388333333,-6.432163233333334,4,0.6406935276044574,-0.03997873660859958,0.680672264213057,182
Maule,Colbún,2018,10,12.2,1.22,4.5,0,18.8243802,7.6182187E-5,-0.10569715399999999,12.24361178,9,-0.45300418353488653,0.7121003285756232,-1.1651045121105097,183
Biobío,San Ignacio,2018,6,12.149999999999999,2.025,6.8,0,14.814689166666668,1.4901161333333334E-5,-0.660609245,43.433649333333335,4,-1.3228753811750127,1.9681325023100273,-3.2910078834850403,184
Valparaíso,Concón,2018,19,11.969999999999997,0.6299999999999999,3.3,0,16.038851921052633,0.06564182054652631,-0.005294594000000091,-3.1176455963157896,14,-0.29561475820096544,0.09349788346232575,-0.3891126416632912,185
Arica y Parinacota,Putre,2018,2,11.87,5.935,11.7,0,7.08125175,0.08351635,0.36007404,-10.2602255,0,0.2771311891165115,-0.19413595305215997,0.4712671421686715,186
O'Higgins,Navidad,2018,7,11.800000000000002,1.6857142857142862,8.0,0,16.91946914285714,0.042273795766857136,-0.07619898742857145,1.096529457142857,6,-0.40676333584055063,0.2632039777189284,-0.669967313559479,187
Maule,Rauco,2018,7,11.66,1.6657142857142857,4.1,0,20.484735142857144,0.004897958571428571,-0.03937885000000002,-1.1830771714285717,7,-0.34904468533404104,0.17140353457909874,-0.5204482199131397,188
Los Ríos,Paillaco,2018,12,11.581000000000001,0.9650833333333334,3.16,0,14.7674565,0.0731324169105,-0.004274521666666658,14.482033933333334,12,-0.2940157093486017,0.8022422605363958,-1.0962579698849975,189
O'Higgins,Placilla,2018,4,11.450000000000001,2.8625000000000003,10.0,0,17.967333999999997,0.061432365871000004,-0.13343262749999998,-1.7579419500000002,3,-0.49648186214715706,0.14825355740456816,-0.6447354195517252,190
Maule,Pencahue,2018,14,11.219999999999999,0.8014285714285714,4.0,0,19.068635785714285,0.15471861916799995,0.16489928571428572,-5.530425935000001,11,-0.028821591536868793,-0.00366550495486081,-0.025156086582007985,191
Biobío,Penco,2018,62,11.173299999999998,0.18021451612903222,2.05,0,17.53384353225806,0.015445940375451614,0.08043686145161293,7.18645792096774,54,-0.1612235185097659,0.5084472248046477,-0.6696707433144136,192
Atacama,Freirina,2018,6,11.11,1.8516666666666666,10.0,0,18.340396166666665,0.003751367364,0.4177780066666667,-0.9462480013333333,3,0.3675869917688983,0.1809407163413774,0.1866462754275209,193
O'Higgins,Doñihue,2018,6,10.600000000000001,1.7666666666666668,4.5,0,19.21503225,0.013985981847333332,-0.43809207166666675,4.751418316666666,5,-0.9740610676967323,0.4103874490801142,-1.3844485167768465,194
Araucanía,Renaico,2018,6,10.370000000000001,1.7283333333333335,5.0,0,16.691824166666667,0.004652421847333333,0.05860297,9.516847941666667,6,-0.19544997277918466,0.6022927303877154,-0.7977427031669,195
Araucanía,Lonquimay,2018,5,10.27,2.054,10.0,0,15.168987000000001,1.3561269093936001,-0.020899009800000014,4.91639388,5,-0.32007598743091287,0.41703106453175637,-0.7371070519626692,196
Maule,Chanco,2018,10,9.84,0.984,4.9,0,13.9860352,0.32283468067340004,-0.09384012050000001,-1.23547772,7,-0.43441729004601487,0.1692933487604859,-0.6037106388065008,197
Biobío,San Rosendo,2018,9,9.73,1.0811111111111111,4.8,0,20.140380555555552,0.020023538161555558,0.2295447512222222,5.083167011111112,9,0.07251559216380529,0.4237470685773365,-0.35123147641353125,198
Biobío,Treguaco,2018,4,9.52,2.38,4.5,0,16.826853,2.40624625,-0.3238720825,14.44592515,4,-0.7950116644087244,0.8007881489937752,-1.5957998134024995,199
Los Ríos,La Unión,2018,10,9.485000000000001,0.9485000000000001,4.36,0,15.1428805,0.019246991408800002,-0.26836585900000004,22.355295599999998,7,-0.7080010083146848,1.1193008709549723,-1.8273018792696571,200
Coquimbo,La Serena,2018,11,9.479999999999999,0.8618181818181817,4.0,0,17.973140454545455,1.2784519218181817E-4,0.43347125254545454,-1.074858723181818,5,0.3921874695902442,0.1757615239709713,0.2164259456192729,201
Los Lagos,Puerto Varas,2018,14,8.559999999999999,0.6114285714285713,5.5,0,14.97330735714286,2.8888479399095712,0.17441859055714287,-3.486353928571428,13,-0.013899283591775552,0.07864988825728172,-0.09254917184905728,202
O'Higgins,Quinta de Tilcoco,2018,2,8.2,4.1,8.0,0,22.7992015,0.0,-0.46269226,0.16015194999999993,2,-1.0126239241108472,0.22549577445942476,-1.238119698570272,203
Biobío,Cobquecura,2018,5,8.129999999999999,1.626,5.5,0,16.838261799999998,0.01186449077,-0.206135752,4.279266,5,-0.6104501014533613,0.3913737335748827,-1.001823835028244,204
Arica y Parinacota,Camarones,2018,2,8.0,4.0,6.0,0,16.9194575,2.2351742E-5,0.15025710850000001,1.4961934499999998,0,-0.051774431159622075,0.27929856666751013,-0.3310729978271322,205
Los Lagos,Purranque,2018,2,7.5009,3.75045,7.5,0,14.3699035,0.0,0.30122995,-21.348678999999997,2,0.18488814761042305,-0.640671303615385,0.8255594512258081,206
Araucanía,Villarrica,2018,8,7.09,0.88625,4.0,0,14.858514625000002,0.6778951866125,-0.41843808375,61.05282600000001,6,-0.9432517948681907,2.677662034943717,-3.620913829811908,207
Los Ríos,Valdivia,2018,11,6.719999999999999,0.6109090909090908,2.75,0,15.079207454545452,3.1968964393841817,0.06071966545454548,28.239887454545453,11,-0.19213187530041684,1.3562751511547275,-1.5484070264551444,208
Araucanía,Vilcún,2018,7,6.66,0.9514285714285714,4.0,0,14.411814714285715,0.12554282857142857,0.052132191428571416,3.09753252857143,7,-0.20559346036376613,0.3437849719917951,-0.5493784323555613,209
Maule,Empedrado,2018,9,6.497000000000001,0.721888888888889,5.4,0,18.26990288888889,7.999026022222221E-4,0.27026951111111114,-2.430194611111111,9,0.1363550655375336,0.12118174096990386,0.015173324567629737,210
Biobío,Pinto,2018,9,6.130000000000001,0.6811111111111112,3.4800000000000004,0,17.701469555555555,1.0982133411075556,-0.017794930000000007,16.59339947222222,7,-0.31521008225964403,0.8872675844983767,-1.2024776667580208,211
Maule,Pelluhue,2018,4,5.77,1.4425,5.5,0,14.68771475,0.001855194575,-0.24862217749999999,6.576923125,4,-0.6770511332790186,0.48390107562361545,-1.160952208902634,212
Coquimbo,Combarbalá,2018,1,5.0,5.0,5.0,0,16.706194,0.0,0.41329384,-1.1006494,0,0.36055768479935296,0.1747229256746201,0.18583475912473285,213
Magallanes,Cabo de Hornos (Ex-Navarino),2018,1,5.0,5.0,5.0,0,7.43256,1.2414045,0.7246537,-19.908264,1,0.8486403535824015,-0.582665359235357,1.4313057128177586,213
Biobío,Ninhue,2018,6,4.91,0.8183333333333334,2.5,0,17.915031166666665,0.019850054166666666,0.06009769233333332,1.0340783666666669,6,-0.19310687028182696,0.26068905356121413,-0.4537959238430411,215
Los Lagos,Dalcahue,2018,13,4.800000000000001,0.3692307692307693,1.11,0,13.368122076923074,1.1597957185953844,0.09010549846153845,-16.292120153846152,12,-0.14606711988054308,-0.437042161191612,0.2909750413110689,216
Los Lagos,Quemchi,2018,2,4.8,2.4,4.1,0,14.441299,4.4703484E-5,0.26175308,-28.589012,2,0.12300484619577869,-0.9322416866583847,1.0552465328541634,217
Metropolitana,Lo Barnechea,2018,6,4.72,0.7866666666666666,1.5,0,15.156752333333332,1.3270949830333334,0.121030495,2.3888723166666663,4,-0.09758959666159361,0.3152470125592102,-0.41283660922080384,218
Valparaíso,El Quisco,2018,4,4.5,1.125,3.5,0,15.773052250000001,0.020654872499999997,0.5556540474999999,-2.230137975,3,0.583719238138658,0.12923808175163456,0.45448115638702347,219
Los Lagos,Chonchi,2018,6,4.4,0.7333333333333334,1.7,0,16.795389333333333,0.940393009414,0.20618565833333333,-22.112950499999997,6,0.03589825684781428,-0.6714487463108865,0.7073470031587008,220
Los Lagos,Llanquihue,2018,3,4.4,1.4666666666666668,2.4,0,14.044166500000001,1.794348146666667E-4,-0.09150854333333334,20.177385,3,-0.4307623474789792,1.0315957574090335,-1.4623581048880128,220
Atacama,Huasco,2018,1,4.0,4.0,4.0,0,14.717977,0.032696873,-0.32753754,-0.36807638,0,-0.8007575761614818,0.20422386106645457,-1.0049814372279364,222
Maule,Licantén,2018,8,3.8724999999999996,0.48406249999999995,1.27,0,16.904264625,0.0045716296815,0.07206785499999999,-2.3493051,7,-0.17434263734533384,0.1244391858607435,-0.2987818232060773,223
Los Lagos,Río Negro,2018,4,3.5005999999999995,0.8751499999999999,1.5,0,14.666713,1.679347875,0.34523678,-18.8979131,4,0.2538725408815465,-0.5419782252429234,0.7958507661244698,224
Valparaíso,Algarrobo,2018,12,3.23,0.26916666666666667,2.2,0,13.99696729166667,0.19678504358333335,0.01567458916666666,-7.936042434166668,5,-0.26274380662041397,-0.10054040340450182,-0.16220340321591215,225
Valparaíso,Petorca,2018,3,3.2,1.0666666666666667,1.62,0,14.847045333333334,0.10107952936666666,0.11521625433333332,-5.795455766666667,1,-0.10670390607043521,-0.014338335822843171,-0.09236557024759204,226
O'Higgins,Pumanque,2018,5,3.1999999999999997,0.6399999999999999,1.5,0,17.8045118,2.440614046,0.38512840800000003,2.0152153200000003,3,0.3164060102129516,0.30019973315302867,0.016206277059922947,227
Coquimbo,Vicuña,2018,4,3.0000000000000004,0.7500000000000001,1.5,0,11.7968802,1.126938964,1.0541175422000002,1.9083098249999988,1,1.3651025313611729,0.29589461678247614,1.0692079145786968,228
Valparaíso,Rinconada,2018,1,3.0,3.0,3.0,0,22.603546,0.0,0.035203934,-4.2816334,1,-0.23212992226859747,0.046623745245535884,-0.27875366751413333,229
Los Lagos,Osorno,2018,3,2.8,0.9333333333333332,1.16,0,17.438520999999998,0.002225861,0.039782213333333316,21.65049786666667,3,-0.2249530858085361,1.0909184546937538,-1.3158715405022898,230
O'Higgins,Chépica,2018,4,2.64,0.66,1.2,0,18.47346525,7.83242275E-4,0.010117062500000024,0.31478537500000026,2,-0.2714556953246921,0.2317229088962664,-0.5031786042209585,231
Metropolitana,La Florida,2018,3,2.61,0.87,2.0,0,12.45085,0.10524938499999999,0.8405474133333333,5.046703233333333,0,1.03031345973973,0.4222786613018891,0.6080347984378409,232
Coquimbo,Monte Patria,2018,3,2.5999999999999996,0.8666666666666666,1.3,0,15.648682666666666,1.618635467828,1.1611153566666668,-4.5148841,0,1.5328305706750527,0.0372306695480441,1.4955999011270087,233
Biobío,Chiguayante,2018,5,2.5300000000000002,0.506,1.24,0,15.79077,0.0097226352968,-0.14148006,18.1993376,4,-0.5090968868695199,0.9519391949145724,-1.4610360817840924,234
Biobío,Antuco,2018,2,2.4000000000000004,1.2000000000000002,2.2,0,11.451096,4.7026115,0.5071063069999999,-7.921779000000001,2,0.5076165871847845,-0.09996601062954466,0.6075825978143292,235
Araucanía,Saavedra,2018,2,2.3,1.15,2.0,0,15.2361875,0.0014016405,0.2553482,-4.0153046,2,0.1129646601434238,0.05734888595817744,0.05561577418524635,236
Aysén,Coihaique,2018,13,2.1429999999999985,0.16484615384615373,1.52,0,9.367274061538463,0.8830457636910769,0.22389903615384613,-23.444451923076922,9,0.06366546075071412,-0.7250687082586088,0.7887341690093229,237
Araucanía,Toltén,2018,3,2.11,0.7033333333333333,1.5,0,17.170401333333334,1.2632458433333333,0.09479332,-5.6677386,3,-0.13871856683561634,-0.009195127187802955,-0.12952343964781338,238
O'Higgins,Peumo,2018,7,2.11,0.30142857142857143,1.0,0,16.45110042857143,9.004558857142855E-4,-0.0031003971428571475,-8.334644304285714,4,-0.2921751707799353,-0.11659222035163203,-0.1755829504283033,238
Tarapacá,Pozo Almonte,2018,2,2.0,1.0,1.0,0,12.060656999999999,2.2351742E-5,0.004292014999999996,5.6886123500000005,0,-0.2805869453502671,0.44812853409438275,-0.7287154794446499,240
O'Higgins,Nancagua,2018,2,2.0,1.0,1.5,0,20.1600915,0.0016624108,0.2516575,-3.3819482,2,0.10717917865689684,0.08285433828346901,0.02432484037342783,240
Los Ríos,Máfil,2018,2,1.7999999999999998,0.8999999999999999,1.2,0,14.76631,0.057216733742,-0.22491931300000004,59.66937250000001,2,-0.6398949071586607,2.6219499472652665,-3.261844854423927,242
Metropolitana,San José de Maipo,2018,8,1.7700000000000002,0.22125000000000003,1.0,0,6.74263457,2.8338463765250004,-0.7318598475,7.130765449999999,4,-1.4345666705422426,0.5062044722830888,-1.9407711428253314,243
Los Ríos,Corral,2018,2,1.7000000000000002,0.8500000000000001,1.1,0,15.908603,1.1219621798500001,0.496440895,-19.6040555,2,0.49089766024079534,-0.5704147916344006,1.061312451875196,244
Los Lagos,Fresia,2018,2,1.5,0.75,1.0,0,14.082817,0.22684036,-0.163315775,-8.213413150000001,2,-0.543326199703827,-0.111710205381902,-0.431615994321925,245
Aysén,Aisén,2018,4,1.4219999999999997,0.3554999999999999,1.4,0,11.387274175,3.99607913975,0.2657976175,-37.401512,4,0.1293449976109069,-1.2871237066658114,1.4164687042767183,246
Coquimbo,Paiguano,2018,2,1.3,0.65,1.3,0,13.595665,0.0,0.031084060000000004,-7.059761849999999,2,-0.2385881699597735,-0.06525232127090119,-0.1733358486888723,247
Valparaíso,San Esteban,2018,2,1.3,0.65,1.2000000000000002,0,3.7011304800000002,0.0,1.5130712000000002,-34.009803500000004,0,2.0845508447910612,-1.15053858737431,3.2350894321653714,247
Magallanes,Porvenir,2018,2,1.11,0.555,1.1,0,7.737800999999999,0.55423285,0.20632576500000002,-2.70345497,1,0.0361178857870776,0.11017746430035,-0.0740595785132724,249
Metropolitana,Las Condes,2018,2,1.1,0.55,0.8,0,15.853797,0.23866909,-0.051816465000000006,-3.6289278,2,-0.3685416889699499,0.0729083956623483,-0.4414500846322982,250
Araucanía,Melipeuco,2018,4,0.9700000000000002,0.24250000000000005,0.9000000000000001,0,9.6873228,4.188404292425,0.24088191625,-5.690893175,4,0.09028754826370729,-0.010127568872729321,0.10041511713643661,251
Araucanía,Gorbea,2018,1,0.93,0.93,0.93,0,14.887928,0.0,-0.047729492,0.5520897,1,-0.3621350163529842,0.24127922528917406,-0.6034142416421582,252
Los Lagos,Curaco de Vélez,2018,1,0.9,0.9,0.9,0,12.146194,0.0580512,0.3319397,-17.279129,1,0.233028253845248,-0.4767893036697144,0.7098175575149623,253
Los Ríos,Río Bueno,2018,3,0.87,0.29,0.47,0,17.410737,0.009808068333333333,-0.07189973333333333,30.479291000000003,3,-0.4000238948201819,1.446456604070779,-1.8464804988909609,254
Los Lagos,Quinchao,2018,1,0.8500000000000001,0.8500000000000001,0.8500000000000001,0,13.974996,0.0,-0.34662533,53.266747,1,-0.8306792863150333,2.364114296679047,-3.1947935829940803,255
Valparaíso,Calle Larga,2018,1,0.8,0.8,0.8,0,21.57547,0.0,1.5984707,-9.780661,0,2.21842171649796,-0.17482374669938244,2.393245463197342,256
Arica y Parinacota,Arica,2018,2,0.75,0.375,0.5,0,21.235432,1.5433359875,-0.1302709515,8.5015585,2,-0.4915256701065154,0.5614067198400978,-1.0529323899466132,257
Los Ríos,Lanco,2018,1,0.73,0.73,0.73,0,16.573645,0.047036447,-0.65525913,144.26558,1,-1.314488627636852,6.028664614223273,-7.343153241860125,258
Metropolitana,La Reina,2018,1,0.7,0.7,0.7,0,17.404173,0.21704845,0.32431602,-6.440633,1,0.2210774966720274,-0.04031981665440475,0.2613973133264321,259
Atacama,Alto del Carmen,2018,3,0.65,0.21666666666666667,0.5,0,8.1635231,0.0295421725,0.12931331000000001,-8.279496033333334,2,-0.08460559014824191,-0.11437138292802948,0.029765792779787567,260
Los Lagos,Queilén,2018,1,0.5,0.5,0.5,0,12.661678,0.007059425,0.017476082,12.282707,1,-0.2599198156606066,0.7136747048191675,-0.9735945204797741,261
Los Lagos,San Pablo,2018,1,0.5,0.5,0.5,0,14.049717,0.82566965,0.7709198,-32.676163,1,0.9211663418783351,-1.096832484156867,2.0179988260352024,261
Araucanía,Curarrehue,2018,1,0.5,0.5,0.5,0,16.523417,2.0943692,0.18223286,9.098885,1,-0.00164976149776018,0.5854612372782784,-0.5871109987760386,261
Los Ríos,Lago Ranco,2018,2,0.5,0.25,0.35,0,10.9029645,6.46337842E-4,-0.44906806,115.127707,1,-0.9912668490658042,4.855273722993785,-5.846540572059589,261
Metropolitana,Peñalolén,2018,3,0.5,0.16666666666666666,0.2,0,15.935607,0.30591773566666663,0.23831907333333335,-5.207855290666666,2,0.08627007725624221,0.00932451170966244,0.07694556554657977,261
Valparaíso,Panquehue,2018,2,0.43000000000000005,0.21500000000000002,0.4,0,20.7009725,0.002616085,-0.35860633000000003,-4.6005633,2,-0.8494605076795654,0.033780342448058796,-0.8832408501276242,266
Valparaíso,Putaendo,2018,1,0.3,0.3,0.3,0,17.791407,0.0,-0.101638794,9.572353,1,-0.44664236419284825,0.604527935746236,-1.0511702999390842,267
Magallanes,Punta Arenas,2018,5,0.275,0.05500000000000001,0.2,0,7.480244280000001,6.523085444,0.10767497399999999,4.5394238799999975,2,-0.11852549486204905,0.40185036948696773,-0.5203758643490168,268
Magallanes,Timaukel,2018,4,0.19,0.0475,0.15,0,8.610023075,3.934826800871,0.4091731375,3.963756475,3,0.35409813836500853,0.3786680703052561,-0.02456993194024759,269
Coquimbo,Canela,2018,1,0.15,0.15,0.15,0,17.14312,0.14646724,-0.15700722,0.567132,1,-0.5334370111598552,0.2418849832250104,-0.7753219943848656,270
Los Lagos,Cochamó,2018,1,0.1,0.1,0.1,0,13.653931,0.0071991235,0.7934799,-59.835075,1,0.9565311888949429,-2.190530021945684,3.1470612108406266,271
Los Ríos,Panguipulli,2018,1,0.1,0.1,0.1,0,16.440382,3.4146757,0.84130764,-62.604015,1,1.0315051787376344,-2.3020360668227746,3.3335412455604088,271
Araucanía,Pucón,2018,1,0.05,0.05,0.05,0,7.0799575,0.05394593,-1.1582079,84.1192,1,-2.1029029657045526,3.6065518391271825,-5.709454804831735,273
Magallanes,Natales,2018,3,0.05,0.016666666666666666,0.03,0,10.572260333333334,3.446203386666667,0.7870262366666666,9.493614366666664,2,0.946414530880128,0.6013571073490775,0.3450574235310504,273
Tarapacá,Pica,2018,1,0.038,0.038,0.038,0,18.28724,0.0,0.097055435,-0.7314482,0,-0.13517251203492955,0.18959076881166023,-0.3247632808465898,275
Aysén,Tortel,2018,1,0.036,0.036,0.036,0,10.442146,0.0891611,0.8638458,-53.081604,1,1.0668356329659323,-1.9185657177707527,2.985401350736685,276
Metropolitana,La Granja,2018,1,0.01,0.01,0.01,0,21.54106,0.0039804727,-0.17656898,0.66972876,1,-0.5641017090014251,0.2460165855438776,-0.8101182945453027,277
Metropolitana,Providencia,2018,1,0.01,0.01,0.01,0,17.359314,0.0,1.239521,-24.564533,0,1.655737986055395,-0.770174709410445,2.42591269546584,277
Aysén,Cochrane,2019,2,15150.2,7575.1,15145.0,1,11.796024,2.060680551742,-0.056708990000000015,-4.513923500000001,1,-0.3762111318425404,0.037269353198361124,-0.4134804850409015,1
Araucanía,Galvarino,2019,106,4021.202000000003,37.93586792452833,1601.3000000000002,3,15.371722377358488,0.3297031965147171,0.07043272156603773,-23.76952283962264,72,-0.17690584600769862,-0.738159411635563,0.5612535656278643,2
Valparaíso,Casablanca,2019,34,4020.7300000000005,118.25676470588236,2532.0,3,16.12755363235295,0.015159630640235296,0.23709283067647066,-5.109200905882353,18,0.08434783914713861,0.013297353395318855,0.07105048575181976,3
Araucanía,Carahue,2019,90,3620.8325000000004,40.23147222222223,1611.1000000000004,3,13.899450927777778,0.15704520095508887,-0.2982156815111112,-20.682929055555554,75,-0.7547931061590359,-0.6138613535326304,-0.14093175262640556,4
Araucanía,Traiguén,2019,68,3208.603,47.18533823529412,929.99,4,15.846258911764705,0.052131684877529415,-0.02809309161764711,-18.241259439705882,56,-0.3313533134581047,-0.5155345852530854,0.18418127179498067,5
Araucanía,Cholchol,2019,73,2981.3600000000006,40.840547945205486,2349.71,2,14.92676482191781,0.5054695509664657,0.28360259476712335,-27.203756712328786,42,0.15725579132130704,-0.876457040449621,1.033712831770928,6
O'Higgins,Paredones,2019,25,2973.686,118.94744,1282.759,3,17.627660159999998,0.004402883335999999,0.646405032,-4.224968778639999,21,0.7259790101897153,0.0489056465551748,0.6770733636345405,7
Biobío,Nacimiento,2019,45,2718.960000000001,60.42133333333335,2662.56,1,17.70345308888889,0.06783633700044446,0.2893842884444444,-14.346135603999999,35,0.16631908059730088,-0.35867677929627634,0.5249958598935772,8
Araucanía,Temuco,2019,102,2501.9780000000014,24.529196078431386,1616.138,2,15.673814088235293,0.6449399700779805,0.030852669215686145,-22.70205908431371,73,-0.23895089440196626,-0.695172325817833,0.4562214314158667,9
Biobío,Cañete,2019,177,2413.0892999999987,13.633272881355925,1752.07,1,14.199447748587566,0.11230174310239549,-0.2593236924237287,-16.500862531073455,146,-0.693826654580946,-0.44544827937505344,-0.2483783752058925,10
Araucanía,Lumaco,2019,108,2008.2799999999997,18.595185185185183,704.0,3,14.032454646296296,0.1265314020753889,-0.05218249138888885,-23.09680889629629,67,-0.36911546600316764,-0.7110690192276407,0.341953553224473,11
Valparaíso,Santo Domingo,2019,18,1852.2299999999998,102.90166666666666,1840.0,1,16.88837761111111,0.021594576276,0.6147191783333334,-7.095620418888888,9,0.6763087796715754,-0.06669635660274396,0.7430051362743194,12
Araucanía,Ercilla,2019,118,1822.5899999999995,15.445677966101691,480.5,1,15.41466290677966,0.17400197992422037,-0.37446792832203346,-10.640298284745755,107,-0.8743248920616202,-0.2094415981699383,-0.664883293891682,13
Biobío,Tirúa,2019,138,1798.1889999999994,13.030355072463763,676.126,1,14.21964963405797,0.26888727955555075,-0.6362143331123185,-16.56382968550724,132,-1.2846343127891684,-0.4479839855832329,-0.8366503272059356,14
Maule,Parral,2019,42,1654.2900000000004,39.38785714285715,680.0,2,18.06478008333334,0.044459011085142865,0.44229168619047626,-18.428325847619046,31,0.40601423837568107,-0.5230678056463628,0.9290820440220439,15
Araucanía,Perquenco,2019,19,1641.03,86.37,1392.7,1,14.893717184210525,0.5130842242254737,-0.39662945789473697,-14.866986231578949,17,-0.9090649465380052,-0.3796515903983873,-0.5294133561396179,16
Biobío,Coihueco,2019,53,1485.1692999999996,28.022062264150936,997.0003,2,15.821513594339628,0.21986028459052828,0.22880343566037734,-30.642770169811314,37,0.07135351790723399,-1.0149471445771814,1.0863006624844154,17
Valparaíso,Valparaíso,2019,160,1459.4799999999998,9.121749999999999,501.00000000000006,3,15.456158550000003,0.03705318457207498,0.10977642088875014,-4.760633527393745,88,-0.11523130078781287,0.027334266347004574,-0.14256556713481744,18
Metropolitana,San José de Maipo,2019,21,1224.8999999999999,58.32857142857142,1072.29,1,13.163466309523809,0.4290374182754286,0.9970617521428571,-13.471324857142857,18,1.2756627998536634,-0.3234478879522912,1.5991106878059544,19
Metropolitana,Lampa,2019,41,1193.8999999999999,29.11951219512195,762.28,1,19.706373780487805,0.37178896338521955,1.220725083414634,-15.368179926829274,19,1.626273811934784,-0.3998348109357402,2.0261086228705243,20
Araucanía,Collipulli,2019,298,1191.0319999999997,3.996751677852348,145.2,0,15.804776020134216,0.13659403473683226,-0.045213054261745246,-18.11218784563759,226,-0.35819028935087877,-0.5103368334200602,0.15214654406918143,21
Maule,Pencahue,2019,25,1184.3950000000004,47.37580000000002,1100.0,1,17.763839064,0.08431777907752,0.6731696956400001,-14.293105607999996,14,0.7679348630041786,-0.35654124544079074,1.1244761084449693,22
Maule,San Javier,2019,123,966.1899999999998,7.855203252032519,303.6,1,19.044594585365846,0.0040896494781951205,0.46326130307317054,-10.201559827642264,96,0.4388858698424459,-0.19177346881824137,0.6306593386606872,23
Araucanía,Freire,2019,21,923.705,43.985952380952384,276.095,2,17.402055952380948,0.04577432625847619,0.3953701284761904,-33.91917942857143,14,0.3324607651930862,-1.146889128817729,1.4793498940108152,24
Biobío,Mulchén,2019,177,881.0220999999998,4.977525988700564,84.36,0,16.704754240112997,0.260147834758373,-0.1884454652542369,-14.694179401129952,150,-0.5827190947448876,-0.37269260746949995,-0.21002648727538764,25
Araucanía,Victoria,2019,100,837.4199999999997,8.374199999999997,165.9,0,13.914570660000006,0.6459328652148199,-0.26153870458,-18.637527707999986,86,-0.697298871727433,-0.5314924273543117,-0.1658064443731213,26
Biobío,Quilaco,2019,14,810.7486999999999,57.91062142857142,698.9887,1,16.16642495,0.004323598634571429,0.0219737507142857,-19.946443214285715,12,-0.2528693431001084,-0.5842028476538548,0.3313335045537464,27
Maule,Longaví,2019,48,789.7899999999998,16.45395833333333,260.0,2,16.974442479166672,0.47441534343137515,0.36517990729166666,-20.621719459791674,33,0.2851350639068225,-0.6113964247396063,0.8965314886464288,28
Araucanía,Angol,2019,105,788.1500000000002,7.506190476190478,184.08,0,15.16333719714286,0.11909162132582855,0.09410297748571428,-20.83033490952381,77,-0.13980073656920683,-0.619797431514721,0.47999669494551417,29
Maule,Romeral,2019,16,758.7199999999999,47.419999999999995,580.0,1,17.10199603125,0.023591913092749998,0.38760666987500003,-20.071410775,11,0.32029089335072436,-0.5892353288319184,0.9095262221826428,30
Metropolitana,Pudahuel,2019,16,730.9060000000001,45.681625000000004,690.456,1,21.5371385625,0.044357962948,1.0075032643750002,-5.561402131249999,11,1.292030745151414,-0.004912925675126976,1.296943670826541,31
Los Lagos,Ancud,2019,5,692.9,138.57999999999998,568.3,1,15.542342000000001,0.0506248362,-0.10586490200000002,-10.0295296,4,-0.45326714258016315,-0.1848457599174727,-0.26842138266269044,32
Valparaíso,El Quisco,2019,8,665.64,83.205,659.0,1,15.582310875000001,0.01602759586125,0.18050837625,-9.38369801,6,-0.004353034267002184,-0.15883792794654408,0.1544848936795419,33
Araucanía,Lautaro,2019,44,661.0300000000001,15.023409090909093,177.20000000000002,0,15.806651977272725,0.2363469476560909,0.2818259570454546,-25.65676817272727,34,0.1544707628315951,-0.8141593476425713,0.9686301104741664,34
Araucanía,Cunco,2019,7,635.58,90.79714285714286,625.85,1,16.993487285714288,8.674604628571429E-5,0.19955266742857145,-36.82149442857143,7,0.025500487839279044,-1.2637662249763506,1.2892667128156297,35
Maule,Curicó,2019,89,609.595,6.849382022471911,185.0,0,18.284562528089886,0.23435790607523596,0.5476648167151685,-13.374166503370777,65,0.5711954494814296,-0.31953529188452023,0.8907307413659499,36
O'Higgins,Coltauco,2019,35,580.2,16.57714285714286,521.0,1,20.716393342857145,0.15499851365005712,0.5813146769142857,-3.308005231428571,32,0.6239444247994479,0.0858320438212817,0.5381123809781662,37
Maule,Rauco,2019,19,528.68,27.825263157894735,450.3,1,20.965018789473685,0.16587013386757896,1.0862814600868418,-7.208223189473684,16,1.415522167600502,-0.07123090397109179,1.486753071571594,38
Araucanía,Nueva Imperial,2019,49,485.46999999999997,9.907551020408162,200.0,1,13.022514840816328,0.41971938724036756,-2.3495520408165816E-4,-27.9983703265306,30,-0.287683350451135,-0.9084563691909933,0.6207730187398582,39
Biobío,Arauco,2019,100,470.7584,4.707584,350.0,1,14.227579805000003,0.16721833856512003,-0.18756368961799988,-17.299200102499988,68,-0.5813368375528319,-0.4775975729915835,-0.10373926456124843,40
Valparaíso,La Ligua,2019,25,420.7999999999999,16.831999999999997,142.0,0,16.727763479999997,0.03598317452672001,0.42627246999999996,-11.38623440239999,14,0.38090277477834933,-0.23948066951514482,0.6203834442934941,41
Araucanía,Pitrufquén,2019,26,411.53199999999987,15.82815384615384,360.012,1,16.35489569230769,0.5318980034070769,-0.19076863153846152,-28.91593563461538,19,-0.586360852548964,-0.945406999548084,0.3590461469991201,42
Biobío,Chillán,2019,52,405.27,7.793653846153846,181.7,0,17.255593346153844,0.09430034760276922,-0.10751335500000012,-15.420922175,38,-0.4558512307783125,-0.4019587570997754,-0.05389247367853711,43
Metropolitana,San Pedro,2019,78,403.59000000000003,5.174230769230769,229.51,1,19.219594461538456,0.013308981532589748,1.4756867373076925,-6.039594538717956,44,2.025947567149936,-0.024169877449815563,2.0501174445997514,44
O'Higgins,Rengo,2019,32,370.1470000000001,11.567093750000003,319.597,1,16.033642124999997,0.05421979372981251,0.7743845573750001,-14.259328788750008,21,0.9265976393688843,-0.35518104279172835,1.2817786821606125,45
Maule,Cauquenes,2019,65,368.473,5.668815384615385,231.68,1,17.53837218461538,0.08330852422163075,0.359884433076923,-8.654966190769231,49,0.27683396437779556,-0.1294916788625949,0.40632564324039044,46
Araucanía,Los Sauces,2019,45,358.09,7.957555555555555,110.0,0,15.99713768888889,0.15091979424191113,-0.1227127253333334,-18.331384740000008,37,-0.47967751730129343,-0.5191639581463796,0.03948644084508618,47
Araucanía,Lonquimay,2019,3,354.18600000000004,118.06200000000001,351.386,1,8.4790965,0.2292487666666667,-0.3244956866666666,-24.861127333333332,1,-0.7959892161905466,-0.7821186522343982,-0.013870563956148385,48
Maule,Colbún,2019,12,354.03,29.502499999999998,300.0,1,18.658108666666664,1.6415274185861666,0.8525963633333334,-13.586576674999998,11,1.04920119842266,-0.3280891132493886,1.3772903116720485,49
O'Higgins,Machalí,2019,27,347.23,12.86037037037037,155.0,0,14.532949648148149,0.3841673185957037,1.202008372,-23.436190965925935,16,1.596933798555742,-0.7247360370346726,2.3216698355904146,50
Biobío,Ñiquén,2019,16,343.6650000000001,21.479062500000005,264.98,1,17.74459990625,0.43420704606050003,-0.2658026193750001,-15.999326587499997,13,-0.7039829154336679,-0.42525127639500465,-0.2787316390386632,51
O'Higgins,Navidad,2019,6,338.771,56.46183333333334,336.601,1,15.079039000000002,0.006181187833333333,0.668391085,-7.8879645,1,0.7604439904355491,-0.09860429056536975,0.8590482810009189,52
Valparaíso,Puchuncavi,2019,9,323.81000000000006,35.978888888888896,320.00000000000006,1,17.040139333333332,0.006575758177777777,-0.18750614833333334,-3.38729372,6,-0.5812466367678456,0.08263907258865028,-0.6638857093564958,53
O'Higgins,Requínoa,2019,8,322.57800000000003,40.322250000000004,270.978,1,19.784440999999998,0.08877087375,0.8446761475000001,-9.817643550000001,6,1.0367855964845325,-0.17631304508792442,1.213098641572457,54
Biobío,Los Angeles,2019,232,318.7659999999998,1.373991379310344,65.4,0,17.39259004310345,0.25109487810787945,0.20529377801724133,-16.69858895659484,174,0.03450015972343463,-0.45341078187694017,0.4879109416003748,55
Biobío,Coelemu,2019,28,307.523,10.982964285714287,293.0,1,17.425843607142863,0.0016451148039999999,-0.04960881678571426,-6.014472428571431,27,-0.3650810154195355,-0.02315820253399739,-0.34192281288553816,56
Biobío,San Carlos,2019,40,298.449,7.461225000000001,136.6,0,17.848405449999998,0.4829203704476,0.023829124499999965,-16.507924719999995,32,-0.24996088923286444,-0.4457326758427895,0.19577178660992509,57
Metropolitana,Alhué,2019,7,288.28,41.18285714285714,273.76,1,16.513259428571427,0.8594359311285713,1.0358359542857143,-14.502882685714287,3,1.3364446105270724,-0.3649890313234009,1.7014336418504734,58
Biobío,Los Alamos,2019,159,270.61539999999997,1.701983647798742,100.0,0,13.671571531446547,0.1972067119968051,-0.3550059256477993,-16.684969498742156,123,-0.8438165721866595,-0.4528623222214319,-0.3909542499652276,59
Maule,Hualañé,2019,32,263.39,8.2309375,170.0,0,19.066890562499996,0.0824724573671875,1.2659386165625,-8.997781559375001,20,1.6971498134974814,-0.14329695664987505,1.8404467701473564,60
Maule,Linares,2019,56,260.70399999999995,4.655428571428571,104.0,0,17.708542589285713,0.5510531976533571,0.6181225783928571,-18.253526359285722,40,0.6816438944291062,-0.5160285777863918,1.197672472215498,61
Valparaíso,San Antonio,2019,41,257.2800000000001,6.275121951219514,216.0,1,16.31342809756097,0.03704937562117074,0.17802314414634143,-3.5877788731707296,31,-0.00824884382221903,0.07456547529631248,-0.08281431911853152,62
Maule,Sagrada Familia,2019,39,249.90599999999998,6.407846153846153,115.0,0,19.88958248717949,0.03861385244964103,0.6699173971794871,-8.53712727948718,31,0.7628366126636041,-0.12474627053677925,0.8875828832003834,63
Biobío,Alto Biobío,2019,22,222.34000000000003,10.106363636363637,90.0,0,11.280260768181817,0.3423701028621818,0.737842235,-27.151415954545453,17,0.8693144872364271,-0.8743492624239905,1.7436637496604175,64
Aysén,Chile Chico,2019,5,211.296,42.2592,207.0,1,12.87150324,0.9290839966968001,-0.829007066,-48.0446688,3,-1.5868530753162233,-1.7157268254674887,0.12887375015126534,65
Coquimbo,Ovalle,2019,46,200.26000000000005,4.353478260869566,125.0,0,17.845615847826085,0.02797952388739132,0.3329530573913043,-3.574786352739134,18,0.23461677646334925,0.07508868799370283,0.15952808846964642,66
Maule,Maule,2019,67,196.99,2.9401492537313434,90.0,0,19.122314432835825,0.014483011280238803,0.374161618358209,-10.257557728358222,56,0.2992146485636123,-0.1940285210874334,0.4932431696510457,67
Valparaíso,Nogales,2019,43,190.28999999999996,4.4253488372093015,49.0,0,17.07098427906977,0.0305952253295814,0.2798911919534884,-4.346212035348835,23,0.15143785643975913,0.04402314421723315,0.10741471222252598,68
Los Ríos,Panguipulli,2019,12,188.1,15.674999999999999,170.0,0,15.740558125000002,0.22498145959999996,-0.04475115499999999,-50.37758058333333,10,-0.35746622355645835,-1.8096738831887325,1.4522076596322742,69
Biobío,Tucapel,2019,32,184.80759999999998,5.775237499999999,92.0,0,16.559902071874998,0.19577378610887497,0.29681817437499985,-18.998115968750003,24,0.17797231966419363,-0.5460134248426443,0.7239857445068378,70
Biobío,Portezuelo,2019,11,177.92000000000002,16.174545454545456,70.0,0,17.262847727272728,8.58510041090909E-4,-0.11118437272727272,-11.674945374545455,9,-0.46160585865320014,-0.2511071470179296,-0.21049871163527056,71
Los Lagos,Fresia,2019,4,177.33,44.3325,161.61,0,15.5123915,0.038114840871000005,-0.39035939000000003,-38.8628455,4,-0.8992360897562925,-1.3459720453193744,0.4467359555630819,72
Metropolitana,Pirque,2019,11,164.02,14.910909090909092,120.0,0,16.124259999999996,1.1067630569530909,1.3740744031818182,-16.257447154545453,6,1.8666617195091013,-0.43564586910292563,2.302307588612027,73
O'Higgins,Las Cabras,2019,23,163.884,7.125391304347826,73.0,0,19.306831956521734,0.06459476236956523,0.8018887560869565,-5.893777880434783,15,0.9697127753728347,-0.018297796854948607,0.9880105722277833,74
O'Higgins,Lolol,2019,16,160.89,10.055625,91.0,0,19.475890125,0.0120856569335,1.4630712956249998,-8.24296935,9,2.006171805289157,-0.1129004424269792,2.119072247716136,75
Araucanía,Purén,2019,35,160.61499999999995,4.588999999999999,65.39999999999999,0,15.417939142857144,0.04572342053977142,0.12483248708571427,-19.35212876571428,24,-0.09162965550576366,-0.5602696264307477,0.4686399709249841,76
Maule,Molina,2019,31,153.67000000000002,4.957096774193549,70.0,0,18.23799959032258,0.3287125301027097,0.47590032612903227,-13.302722770967746,21,0.4586985974815047,-0.3166582313373364,0.775356828818841,77
Los Ríos,Mariquina,2019,27,152.65000000000006,5.653703703703706,78.1,0,14.962612777777778,0.946841652485037,-0.07843999548148146,-37.58962068888889,21,-0.4102763037331641,-1.2946989000268145,0.8844225962936505,78
Los Lagos,Futaleufú,2019,1,152.0,152.0,152.0,0,19.868544,0.0,0.23891068,-66.93289,1,0.08719747027580643,-2.476361162352948,2.5635586326287543,79
Biobío,Coronel,2019,64,151.16390000000007,2.361935937500001,106.0,0,15.528248046875,0.2653879193013125,-0.08698413410937496,-10.440805948437502,59,-0.423669956929034,-0.2014079819106391,-0.22226197501839487,80
Biobío,Laja,2019,35,150.87999999999997,4.310857142857142,85.0,0,17.449529599999998,0.0205192187912,0.037292590571428606,-13.858430461714287,29,-0.22885577808843843,-0.33903674683529894,0.11018096874686051,81
Biobío,Pinto,2019,9,148.74,16.526666666666667,54.0,0,14.948239222222222,0.08013098935555554,0.2218644777777778,-40.88031022222222,4,0.060476120024564206,-1.4272159552105455,1.4876920752351097,82
Maule,San Clemente,2019,62,144.09999999999997,2.3241935483870964,45.0,0,18.63307522419355,0.20152128867696775,0.3823110337903226,-10.720001944838712,51,0.31198954007701346,-0.21265128848435233,0.5246408285613657,83
Maule,Teno,2019,31,142.04999999999998,4.582258064516129,36.2,0,18.985509387096773,0.1139494175011613,0.7402941204516128,-9.019395093548388,21,0.8731580231205117,-0.14416734015818156,1.0173253632786934,84
Los Ríos,La Unión,2019,35,139.9,3.9971428571428573,100.08,0,13.630211342857143,0.5912563656705144,0.06764722493714288,-46.61908146571428,29,-0.18127234536480002,-1.6583179956361902,1.4770456502713902,85
Biobío,Pemuco,2019,23,136.4018,5.930513043478261,124.582,0,17.602403521739134,0.3377507104544348,-0.06335829652173909,-21.437390304347826,17,-0.386634476947741,-0.6442437344675214,0.25760925751978037,86
Biobío,Contulmo,2019,36,135.02,3.7505555555555556,70.0,0,15.202289388888893,0.06700602038888888,-0.12338135433333336,-15.451360205555558,32,-0.48072564928190814,-0.403184505726,-0.07754114355590813,87
Biobío,Yungay,2019,13,134.61,10.354615384615386,83.28,0,16.93943515384615,0.41402848899753847,0.3103793261538461,-27.95863007692308,9,0.1992305613398909,-0.906856017411553,1.1060865787514438,88
Metropolitana,Melipilla,2019,89,134.00000000000003,1.5056179775280902,35.0,0,18.992844432584267,0.058570395843887645,0.866227335370787,-4.210920116292137,59,1.0705688892038268,0.04947139040452649,1.0210974987993002,89
Biobío,San Nicolás,2019,23,128.8,5.6000000000000005,24.0,0,16.918349217391302,0.041475440760869564,0.08567358521739131,-18.759310182608694,13,-0.1530145152320771,-0.5363966441589234,0.3833821289268463,90
Los Lagos,Puerto Varas,2019,13,125.45000000000002,9.650000000000002,114.4,0,13.990933307692309,0.29258069764723077,-0.4264274090769231,-38.244017846153845,10,-0.9557757317280694,-1.321051669962395,0.3652759382343257,91
Metropolitana,Padre Hurtado,2019,3,122.0,40.666666666666664,90.0,0,17.715176666666668,0.0,0.44903946,-8.079884133333334,1,0.4165919392048653,-0.10633295180297749,0.5229248910078428,92
Araucanía,Padre Las Casas,2019,68,118.05000000000004,1.7360294117647064,20.0,0,14.681469407352944,0.2890454913091178,-0.01824947498529414,-28.55412276470589,48,-0.3159226196095269,-0.9308366866813421,0.6149140670718152,93
Valparaíso,Quillota,2019,39,115.96999999999997,2.9735897435897427,29.4,0,16.264049102564098,0.11364261547302565,0.5724813097435898,-5.701873039487179,19,0.610097381628842,-0.01056973131115403,0.620667112939996,94
O'Higgins,Pichilemu,2019,8,113.40999999999998,14.176249999999998,110.0,0,15.81721175,0.021536835,0.55546140625,-3.5825193124999997,5,0.5834172568382499,0.07477727938314144,0.5086399774551085,95
Araucanía,Vilcún,2019,17,107.98,6.351764705882353,36.0,0,14.716105323529412,0.038305405503058824,-0.2071390670588235,-23.85201004117647,16,-0.6120228818738715,-0.7414811960000661,0.12945831412619457,96
Maule,Vichuquén,2019,28,107.52500000000002,3.8401785714285723,80.5,0,18.344728785714288,0.013396443553,0.4105422232142857,-3.564609530142857,26,0.35624429493516274,0.07549851169415377,0.28074578324100896,97
Maule,Curepto,2019,29,102.46039999999999,3.53311724137931,45.1,0,18.498310896551722,9.467375586206896E-5,1.0434256568275861,-7.996888144827586,20,1.3483421051877724,-0.10299067843521204,1.4513327836229846,98
Valparaíso,Quilpué,2019,68,101.28999999999996,1.4895588235294113,25.0,0,16.553355110294117,0.03373294176794117,0.21221464053088238,-4.6629611041470564,45,0.04534919159908642,0.031267564146812254,0.014081627452274169,99
O'Higgins,Mostazal,2019,4,101.0,25.25,88.7,0,19.042745250000003,0.0181552025,0.44735742249999993,-7.87199125,3,0.41395520448898643,-0.09796104299361558,0.511916247482602,100
Maule,Talca,2019,85,99.671,1.1726,18.5,0,19.447989364705883,0.03431564462797646,0.5510834089882355,-9.586541158823547,70,0.5765543793066153,-0.167006482431556,0.7435608617381714,101
Araucanía,Villarrica,2019,19,96.41999999999999,5.0747368421052625,84.7,0,13.464202189473685,0.8852576081833683,-0.17981975789473684,-31.188129752631582,10,-0.5691975757277401,-1.036908938663044,0.4677113629353038,102
O'Higgins,San Fernando,2019,35,96.225,2.749285714285714,21.8,0,18.49024897142857,0.07222315368571429,0.7564619312571429,-14.528269585714282,15,0.8985024212273921,-0.36601136940609313,1.2645137906334853,103
Biobío,Ránquil,2019,30,95.94100000000002,3.198033333333334,33.9,0,17.6082606,0.3107796587390001,0.13284120566666668,-11.362399868666666,26,-0.07907531809527137,-0.23852084568794282,0.15944552759267144,104
Biobío,Negrete,2019,21,94.85,4.516666666666667,68.75,0,16.835553428571426,0.005588733714285714,-0.3375482547619045,-13.42111802857143,16,-0.8164502103289566,-0.3214260438965074,-0.4950241664324492,105
Biobío,Lebu,2019,256,93.01209999999998,0.3633285156249999,7.0,0,13.466500689453115,0.23695249836197665,-0.46015921615625033,-17.600330035937542,204,-1.0086531656469853,-0.4897241657930611,-0.5189289998539242,106
Biobío,Quillón,2019,48,91.96400000000001,1.915916666666667,23.9,0,17.3772275625,0.11255964451791667,-0.23939156125000016,-9.649714385416667,43,-0.6625813688918811,-0.1695504872274429,-0.4930308816644382,107
Metropolitana,Paine,2019,33,90.2,2.7333333333333334,65.0,0,20.166021242424243,0.20358412858181815,0.9220742626666668,-6.933946578787879,24,1.1581136270448122,-0.06018570253665556,1.218299329581468,108
Maule,Retiro,2019,35,89.13499999999999,2.5467142857142853,16.7,0,18.22920431428571,0.3050544893429714,0.2263826272,-17.779032848571426,23,0.06755869781079138,-0.49692058169416986,0.5644792795049612,109
O'Higgins,Chépica,2019,7,84.42,12.06,77.5,0,19.027001285714285,0.0025582100691428572,0.044100488,-8.273128642857142,5,-0.21818382844875664,-0.11411496620242752,-0.10406886224632912,110
Maule,Empedrado,2019,14,82.26,5.875714285714286,61.9,0,17.05400085714286,5.559995749999999E-4,0.5194427557142858,-5.417449521428572,12,0.5269550041913115,8.840891287049549E-4,0.5260709150626065,111
O'Higgins,San Vicente,2019,41,79.00999999999999,1.927073170731707,18.0,0,19.336903999999997,0.03750090733014634,0.7459294782439025,-8.453135224390245,25,0.8819919186355214,-0.12136388526842459,1.003355803903946,112
Araucanía,Curacautín,2019,6,76.94,12.823333333333332,43.3,0,10.829471333333332,0.3632260666666667,-0.3211354733333333,-32.13757683333333,3,-0.7907218002448505,-1.075143457572501,0.28442165732765046,113
O'Higgins,Litueche,2019,29,74.13900000000001,2.5565172413793107,18.0,0,17.34879694827586,0.04194786045144828,0.9125587741379312,-5.34303422275862,18,1.1431973014918662,0.003880815541351599,1.1393164859505145,114
Valparaíso,Villa Alemana,2019,43,73.41000000000001,1.7072093023255817,38.7,0,18.80142389534884,0.007372522772279069,0.44972109286046513,-1.8840227230465112,39,0.4176604558263272,0.1431762468317632,0.27448420899456405,115
Biobío,Quilleco,2019,37,72.8763,1.9696297297297298,59.57000000000001,0,15.535143324324327,0.8051781077951352,0.2736289035135135,-29.75356837837839,22,0.14162119460521122,-0.9791387215487627,1.1207599161539739,116
Valparaíso,Panquehue,2019,21,70.19999999999997,3.3428571428571416,39.99999999999999,0,19.33436066666667,0.0012116950107619049,0.8484932199285712,-14.306571321428573,12,1.042769177341343,-0.35708351376219494,1.399852691103538,117
Biobío,Chillán Viejo,2019,30,68.10900000000002,2.2703000000000007,38.7,0,17.264789033333336,0.024223824093466666,-0.4079547440000001,-7.387452853333333,25,-0.9268182814315538,-0.07844853632919269,-0.8483697451023611,118
O'Higgins,Santa Cruz,2019,13,66.71000000000001,5.1315384615384625,16.5,0,20.804301076923075,9.657098338461538E-5,1.6437913238461535,-7.782137292307694,7,2.289465591703143,-0.09434259714833815,2.383808188851481,119
O'Higgins,Peralillo,2019,7,66.05000000000001,9.435714285714287,63.0,0,18.937102,6.386212E-6,1.0123970814285714,-5.8186233000000005,5,1.299702213426236,-0.015271299343742228,1.3149735127699782,120
Valparaíso,Olmué,2019,13,64.79,4.983846153846154,26.8,0,18.40592903846154,0.19013924600523074,0.790919881,-4.864459876923077,10,0.9525181446134631,0.02315314808873886,0.9293649965247243,121
Biobío,Penco,2019,63,63.89660000000001,1.014231746031746,23.5,0,16.685165134920638,0.009988361036317459,-0.0425749461904761,-6.0018932236984135,54,-0.35405483390725434,-0.022651634178204615,-0.33140319972904975,122
O'Higgins,Codegua,2019,4,61.75,15.4375,60.0,0,18.448468249999998,2.2351742E-5,0.48565601875000003,-6.851944825,4,0.4739914630752554,-0.056883467299391,0.5308749303746464,123
Biobío,Tomé,2019,221,61.52600000000002,0.27839819004524896,4.25,0,15.793756990950225,0.1326801241769412,-0.01557284313574643,-11.334442326945714,153,-0.31172677491561884,-0.23739498709158843,-0.07433178782403041,124
Biobío,Hualqui,2019,59,60.17000000000001,1.0198305084745765,14.39,0,17.395420822033902,0.10210556604162713,0.24045284762711872,-13.337875374237274,49,0.08961494724652107,-0.31807383722179705,0.40768878446831813,125
Biobío,Curanilahue,2019,196,59.983000000000025,0.3060357142857144,9.0,0,14.450808124999998,0.10997572634124496,0.17962871054591856,-20.43408455178565,140,-0.0057319839636168525,-0.6038403106769583,0.5981083267133415,126
Atacama,Vallenar,2019,22,59.24999999999999,2.693181818181818,20.0,0,18.386786409090913,0.0019116665873636363,-0.091944435,-0.3494088485454547,14,-0.4314456441889884,0.20497560816105215,-0.6364212523500405,127
Biobío,Santa Juana,2019,30,57.64639999999999,1.9215466666666665,30.0,0,17.816529300000003,0.08870127032780001,0.05288632599999998,-17.086470570000003,26,-0.20441129123559268,-0.4690308908685957,0.26461959963300297,128
Biobío,San Pedro de la Paz,2019,60,57.43000000000001,0.9571666666666668,14.0,0,15.577967266666668,0.3851967442217333,-0.07682946288333341,-10.278468590100006,53,-0.40775165894219395,-0.19487060776601728,-0.21288105117617667,129
Maule,Río Claro,2019,30,57.106,1.9035333333333333,8.6,0,19.496122466666666,0.07093182837173334,0.6228453659666666,-10.936112166666671,21,0.6890472596641766,-0.22135411198126687,0.9104013716454434,130
Los Lagos,Puerto Montt,2019,55,55.88000000000002,1.0160000000000002,13.0,0,13.779288309090902,0.08246586881730908,-0.22972690967272713,-43.43839994545451,47,-0.6474312177622726,-1.5302309961570324,0.8827997783947598,131
Maule,Yerbas Buenas,2019,26,55.080000000000005,2.118461538461539,11.5,0,19.430809153846155,0.15490064786999996,0.476687903076923,-13.303374280769232,17,0.45993319033685387,-0.3166844678325881,0.776617658169442,132
O'Higgins,Malloa,2019,14,54.95,3.9250000000000003,45.5,0,16.521973964285717,0.39790720872857144,0.6333928799285714,-11.298202343571429,5,0.7055813715550059,-0.23593559208394,0.9415169636389459,133
Antofagasta,Calama,2019,7,53.978,7.711142857142858,50.08,0,14.346958728571432,1.9158635999999998E-5,1.1425226314285715,-2.394238304285714,2,1.503684916016294,0.12262971223778513,1.3810552037785089,134
Metropolitana,El Monte,2019,20,52.730000000000004,2.6365000000000003,20.0,0,20.341074974999998,0.1015211428984,1.0927875986000004,-8.021557500000004,12,1.4257210848564859,-0.10398412077233185,1.5297052056288176,135
O'Higgins,Pichidegua,2019,18,50.35,2.7972222222222225,28.5,0,19.559482194444442,0.13772224349444445,0.6251051122222222,-4.627936408888889,15,0.6925896012594742,0.03267801913726479,0.6599115821222095,136
Biobío,Yumbel,2019,40,49.47000000000001,1.2367500000000002,8.0,0,16.186894549999998,0.025319494085299998,0.31160590225,-15.099705694999997,24,0.20115332214302167,-0.38902327303939793,0.5901765951824196,137
O'Higgins,La Estrella,2019,5,48.45,9.690000000000001,44.0,0,20.3802674,1.81049108E-4,1.603548812,-4.207912524,3,2.226382082543022,0.04959250704883766,2.176789575494184,138
Magallanes,Punta Arenas,2019,5,48.397,9.6794,48.356,0,9.655149,1.7917560460000002,-0.29956207400000007,-13.397582999999997,5,-0.7569036891969597,-0.3204782812320691,-0.4364254079648906,139
Biobío,Ninhue,2019,10,46.295,4.6295,22.9,0,18.0554,0.112724858285,0.16392785399999998,-13.220612138000002,8,-0.03034439214337303,-0.3133516115028193,0.2830072193594463,140
Biobío,Florida,2019,61,44.29399999999998,0.7261311475409833,9.0,0,17.417132688524593,0.13985350329291807,0.15706171893442614,-13.558646208196729,45,-0.04110763415867377,-0.3269643449680956,0.2858567108094219,141
Metropolitana,Puente Alto,2019,14,44.29,3.1635714285714287,42.0,0,16.912704428571427,0.4507842939845714,0.747129705,-8.819521978571428,12,0.8838733746403543,-0.13611838982760563,1.01999176446796,142
Maule,Pelarco,2019,15,42.87,2.8579999999999997,12.9,0,19.036852666666668,0.07598064948666666,0.4321382537333333,-18.042204913333332,9,0.3900978822628836,-0.5075185997313024,0.8976164819941861,143
Valparaíso,Limache,2019,41,42.62000000000001,1.0395121951219515,18.5,0,17.069136268292677,0.36998758357239026,0.42285461691951215,-4.025073790097557,26,0.375545003699467,0.05695547774079787,0.3185895259586691,144
Biobío,Cabrero,2019,53,42.29999999999999,0.7981132075471696,9.44,0,17.33204521698113,0.08840317681811319,0.2181408590566038,-17.382983220754713,36,0.054639035684401906,-0.4809715443105915,0.5356105799949934,145
Biobío,San Rosendo,2019,16,41.260000000000005,2.5787500000000003,26.5,0,18.362453187499998,0.14669994937500003,0.32370328750000005,-14.333931225000002,14,0.22011698713862102,-0.3581853052908914,0.5783022924295124,146
Valparaíso,Viña del Mar,2019,60,39.54899999999999,0.6591499999999999,6.699999999999999,0,15.980581625000005,0.04272058516973334,0.0983698723016666,-5.629755039899998,39,-0.1331120214304392,-0.00766551782208811,-0.1254465036083511,147
Biobío,Bulnes,2019,22,39.480000000000004,1.7945454545454547,11.63,0,16.92624284090909,0.8948901259016364,-0.16727443909090908,-12.569811145454548,16,-0.5495317373550404,-0.28714366019985543,-0.2623880771551849,148
Coquimbo,Los Vilos,2019,7,38.31999999999999,5.474285714285713,36.0,0,16.333040285714283,0.06222911177142857,-0.23960317571428572,0.4601762342857142,6,-0.6629130922954104,0.23757784243770522,-0.9004909347331156,149
Maule,San Rafael,2019,19,37.440000000000005,1.970526315789474,14.7,0,18.61572136842105,0.018117753543999998,0.2737792283157895,-6.900447363157896,17,0.1418568413281997,-0.05883667906869159,0.20069352039689128,150
O'Higgins,Pumanque,2019,7,34.01,4.8585714285714285,31.3,0,19.234209857142854,0.12013848362857142,0.8477747685714286,-4.826268914285714,6,1.0416429446413895,0.024691109616883634,1.016951835024506,151
Ñuble,Chillán,2019,20,33.471999999999994,1.6735999999999998,24.7,0,18.626672350000003,0.0142578946254,0.7163851688999998,-14.698539505,13,0.8356787382791196,-0.3728681901609999,1.2085469284401196,152
Biobío,San Ignacio,2019,10,33.440000000000005,3.3440000000000003,12.5,0,18.023805899999996,0.1159239551484,5.547420000000192E-4,-24.495489420000002,7,-0.2864454339165544,-0.7673943037209193,0.4809488698043649,153
Valparaíso,Quintero,2019,10,33.08,3.308,7.5,0,16.994242500000002,0.027278252200000002,0.149807258,-1.4018078294,8,-0.052479609510464716,0.16259518533218198,-0.2150747948426467,154
Araucanía,Loncoche,2019,14,30.88,2.2057142857142855,11.41,0,15.080411928571431,0.06408869671428571,0.10922677471428573,-38.323739571428575,11,-0.11609291722006262,-1.3242620877671014,1.2081691705470388,155
Coquimbo,Coquimbo,2019,11,28.825,2.6204545454545456,26.0,0,17.559218090909095,0.08096089667636362,0.16851225681818185,-0.9685974038181819,4,-0.02315795660773675,0.18004069919530283,-0.20319865580303959,156
Valparaíso,San Esteban,2019,3,28.55,9.516666666666667,28.5,0,14.354923333333332,0.5347902666666666,1.8569510666666666,-17.029908866666666,2,2.6236113488117963,-0.4667531340987806,3.090364482910577,157
Ñuble,Chillán Viejo,2019,10,27.7906,2.7790600000000003,21.0,0,18.3872882,0.23697378900000002,0.7114460119999999,-12.010980839999998,9,0.8279361959960837,-0.26463939607037146,1.092575592066455,158
Los Ríos,Valdivia,2019,14,23.6,1.6857142857142857,20.6,0,13.03848292857143,0.23820296360485713,-0.40069421997857135,-32.16248921428571,8,-0.915436801682872,-1.0761466866307225,0.16070988494785055,159
Araucanía,Gorbea,2019,8,23.57,2.94625,16.2,0,15.235338425,0.4346282379355,0.19124579512499998,-44.43837875,6,0.012478769486864725,-1.570500442752404,1.5829792122392687,160
Valparaíso,Hijuelas,2019,20,23.15,1.1575,6.6,0,16.344792249999994,0.2923809931777,0.15897026142499998,-8.859480304,11,-0.038115833891660775,-0.13772752358581336,0.09961168969415259,161
Araucanía,Toltén,2019,6,23.09,3.848333333333333,12.0,0,15.430230333333332,0.05410890776400001,0.16432841666666664,-17.286728766666666,2,-0.029716476601011475,-0.4770953485543954,0.44737887195338394,162
Biobío,Quirihue,2019,15,22.919999999999995,1.5279999999999996,15.4,0,17.9032686,5.32219794E-4,-0.014793595333333305,-6.724429236000001,14,-0.3105052386936886,-0.05174837625748953,-0.2587568624361991,163
Maule,Villa Alegre,2019,12,22.58,1.8816666666666666,5.6,0,19.669402666666663,0.001971609871,0.6067151258333334,-11.988759100000001,10,0.6637617567339378,-0.26374451993087883,0.9275062766648166,164
Metropolitana,Talagante,2019,24,22.530000000000005,0.9387500000000002,4.800000000000001,0,21.19707610416667,0.031867452270166664,1.3990965793333334,-5.5665291125000005,13,1.9058860771857495,-0.005119390748890479,1.91100546793464,165
Valparaíso,Catemu,2019,13,21.86,1.6815384615384614,4.2,0,16.588081153846154,0.19198085230769232,0.59379923,-7.055570076923077,3,0.6435150078175642,-0.0650835173109635,0.7085985251285277,166
Biobío,El Carmen,2019,18,21.619999999999997,1.201111111111111,12.2,0,15.901655472222224,0.253202505803,-0.008506188888888896,-20.93560888888889,11,-0.3006492022825463,-0.6240368462609678,0.32338764397842146,167
Los Lagos,Dalcahue,2019,10,19.71,1.971,11.71,0,13.06660315,0.8033167599484001,-0.006150339699999996,0.9687984499999971,4,-0.296956211286972,0.25806021172375776,-0.5550164230107297,168
Los Ríos,Río Bueno,2019,7,19.35,2.7642857142857147,15.66,0,15.26575742857143,0.20781983764057146,0.24248709028571427,-31.06911071428571,6,0.09280379305907906,-1.0321160062661616,1.1249197993252407,169
Araucanía,Renaico,2019,12,19.290000000000003,1.6075000000000002,6.8,0,15.478604833333334,0.08979206502033332,-0.3333876250000001,-18.34315464166667,8,-0.80992807456615,-0.519637935619146,-0.29029013894700406,170
Valparaíso,San Felipe,2019,14,18.459999999999997,1.3185714285714283,5.8,0,19.858301857142855,0.070909039405,0.6013360057142857,-10.486189702857144,12,0.6553295352413877,-0.2032355993227201,0.8585651345641078,171
O'Higgins,Marchigue,2019,11,18.342499999999998,1.6674999999999998,9.5,0,18.965102454545455,0.0051122836,0.7662823354545455,-4.645060656363636,8,0.9138967276392607,0.031988420551739075,0.8819083070875215,172
O'Higgins,Rancagua,2019,6,18.3,3.0500000000000003,9.8,0,19.676026333333336,0.001121312414,0.7052432816666667,-7.446339566666668,5,0.8182128964839538,-0.08081992194954246,0.8990328184334963,173
Valparaíso,La Cruz,2019,15,18.18,1.212,10.9,0,16.811574133333334,0.1685149937656,0.06811886400000004,-8.296392053333333,10,-0.1805330116160578,-0.11505179072464629,-0.06548122089141152,174
Valparaíso,Zapallar,2019,7,18.11,2.587142857142857,17.0,0,17.435149714285714,0.05304547104057143,0.46789060000000005,-3.556586677142857,3,0.4461426806549768,0.07582159439246443,0.37032108626251237,175
O'Higgins,Chimbarongo,2019,7,18.07,2.5814285714285714,5.0,0,17.906491857142857,0.2028098357142857,0.6652800695714286,-6.962714528571428,5,0.7555672130853718,-0.06134419650892881,0.8169114095943006,176
Biobío,Lota,2019,82,18.04399999999999,0.22004878048780474,5.1855,0,15.457369335365858,0.05451753398731707,-0.18206134378048797,-10.06922767024391,71,-0.5727114494217475,-0.1864444131212804,-0.38626703630046705,177
Los Ríos,Paillaco,2019,11,17.61,1.6009090909090908,13.2,0,14.670433090909091,0.1378951885049091,-0.004544863618181811,-31.462311454545446,10,-0.29443949300902456,-1.0479503180927479,0.7535108250837232,178
Biobío,San Fabián,2019,17,16.770999999999997,0.9865294117647058,13.011,0,18.60362294117647,0.32560144667176466,0.6674436805882352,-26.566070352941182,15,0.7589588546389471,-0.850777219360185,1.609736073999132,179
O'Higgins,Doñihue,2019,10,16.1,1.61,6.0,0,17.06187385,0.8248263330000001,0.39931134640000004,-8.31582822,6,0.338638954515591,-0.11583449098993624,0.45447344550552726,180
O'Higgins,Coinco,2019,13,15.55,1.1961538461538461,3.1000000000000005,0,21.779680384615382,6.877459076923077E-6,1.1932846083076922,-14.482611869230768,8,1.58325856802097,-0.3641727194594723,1.9474312874804425,181
Los Ríos,Los Lagos,2019,18,15.53,0.8627777777777778,5.45,0,14.60951311111111,0.2483898323444444,-0.05675597233333332,-29.485896666666665,17,-0.3762847805865981,-0.9683595013784249,0.5920747207918268,182
Maule,Constitución,2019,35,14.698999999999998,0.4199714285714285,4.2,0,15.935523557142863,0.043498670233885726,0.3755166198285715,-9.003965108571421,23,0.3013387269013257,-0.14354597003196196,0.44488469693328764,183
Biobío,Treguaco,2019,8,14.54,1.8175,7.4,0,17.991412125,0.0791805794355,0.42241692499999994,-14.98455247,6,0.37485888494228264,-0.3843860181062497,0.7592449030485324,184
Metropolitana,Peñaflor,2019,13,13.69,1.053076923076923,4.0,0,17.62046069230769,0.22239282384369227,0.9109050238461539,-23.867595615384623,4,1.1406049093450061,-0.7421088317513246,1.8827137410963308,185
Metropolitana,San Bernardo,2019,15,13.579999999999998,0.9053333333333332,5.5,0,21.3914022,6.706764311999999E-4,0.9987453359999999,-5.638588979999999,13,1.2783019586139301,-0.008021263241357652,1.2863232218552878,186
Coquimbo,Monte Patria,2019,5,13.31,2.662,11.0,0,18.1802006,8.9406968E-6,0.98040886,-13.8289326848,3,1.2495579961065075,-0.3378488625054186,1.587406858611926,187
Metropolitana,Buin,2019,11,12.55,1.1409090909090909,5.0,0,19.005868,0.03917244231672728,1.083396998,-11.758172218181818,4,1.411000531595947,-0.25445871699109435,1.6654592485870414,188
Los Lagos,San Juan de la Costa,2019,8,12.110000000000001,1.5137500000000002,4.0,0,13.827807937499998,0.31362310561250006,-0.34027897887499997,-35.183840874999994,7,-0.8207308491782607,-1.1978174248442917,0.377086575666031,189
Los Ríos,Máfil,2019,12,12.083,1.0069166666666667,5.6,0,15.696495083333337,0.068225978002,0.04638640316666667,-38.94132858333334,10,-0.21460046489265044,-1.3491325826413314,1.134532117748681,190
Metropolitana,La Florida,2019,8,12.02,1.5025,10.8,0,16.735007375000002,0.1900554575,0.685676929375,-9.4018643,7,0.7875409998404173,-0.15956948989732317,0.9471104897377405,191
Coquimbo,Illapel,2019,3,12.0,4.0,8.0,0,17.157128000000004,0.0,0.13078339866666666,-3.7681310999999997,2,-0.08230110298739089,0.06730263699049585,-0.14960373997788673,192
Magallanes,Torres del Paine,2019,3,11.902000000000001,3.967333333333334,11.9,0,5.130868333333333,2.34225213,-0.9542395333333333,10.8142802,2,-1.783165460844465,0.6545407168456026,-2.4377061776900675,193
Atacama,Freirina,2019,8,11.66,1.4575,3.5,0,18.534531125,0.014491844875,0.0578577515,-1.1414635024999997,3,-0.19661816521833372,0.17307932951689073,-0.36969749473522445,194
Araucanía,Pucón,2019,3,11.29,3.763333333333333,10.0,0,14.189078666666667,0.015511487999999999,-0.09969236033333333,-33.90627533333333,3,-0.44359116633248225,-1.146369477029421,0.7027783106969387,195
Biobío,Talcahuano,2019,27,10.949999999999998,0.40555555555555545,5.5,0,16.74964918518518,0.09145270171481482,-0.032054586666666704,-10.296492024592592,23,-0.33756328887335674,-0.19559641688263574,-0.141966871990721,196
Coquimbo,Vicuña,2019,4,10.930000000000001,2.7325000000000004,6.0,0,11.4021733,0.119452818371,1.192782745,-1.1807685999999995,2,1.5824718552360184,0.17149650144342818,1.4109753537925902,197
Coquimbo,Salamanca,2019,3,10.3,3.4333333333333336,4.3,0,10.457156,2.9802322666666667E-5,3.1062703,-46.05822633333333,0,4.582023925074278,-1.635732191118643,6.217756116192922,198
Metropolitana,María Pinto,2019,27,10.019999999999998,0.371111111111111,6.0,0,17.38841233333333,0.05007900925807407,0.9158491749629628,-6.860912040740737,10,1.148355280481346,-0.057244579768714686,1.2055998602500606,199
Los Lagos,San Pablo,2019,5,9.9,1.98,5.4,0,14.3062173,0.0493384892,0.18586358799999997,-47.0408954,3,0.004041708853830187,-1.6753045693742437,1.679346278228074,200
Biobío,Santa Bárbara,2019,12,9.11,0.7591666666666667,6.0,0,16.54085333333333,0.12449951207233334,-0.004019740000000022,-21.555755,9,-0.29361631773844477,-0.6490103162877322,0.35539399854928744,201
Valparaíso,Calera,2019,24,8.91,0.37125,1.9,0,17.340291229166667,0.017684650665999994,0.3286550883333333,-6.374514995000001,15,0.2278793498465674,-0.03765722474821912,0.2655365745947865,202
Los Lagos,Osorno,2019,9,8.42,0.9355555555555556,3.6,0,14.195528444444445,1.2962320870204445,-0.277445474,-30.222233888888884,7,-0.7222340655903483,-0.9980120223235458,0.2757779567331975,203
Metropolitana,Curacaví,2019,39,8.16,0.20923076923076925,1.2000000000000002,0,17.713423192307694,0.33579548510133334,0.7201165327179487,-12.784116146153847,21,0.8415279637074233,-0.2957737869000949,1.1373017506075183,204
Arica y Parinacota,Arica,2019,11,8.12,0.7381818181818182,2.6,0,18.947699454545454,1.064313471818182,0.03173030651818181,3.2928988000000037,7,-0.23757512439479303,0.35165243037998134,-0.5892275547747744,205
Coquimbo,La Serena,2019,11,7.96,0.7236363636363636,7.0,0,16.92425090909091,0.062331989772727275,0.06763171779090911,-1.463943187272727,6,-0.1812966541158349,0.160092975821174,-0.3413896299370089,206
Valparaíso,Llay-Llay,2019,7,7.5280000000000005,1.0754285714285714,6.0,0,18.337847285714286,1.0117547734977141,0.9224907942857143,-4.5770512071428575,5,1.158766575258038,0.03472718148439865,1.1240393937736395,207
Biobío,Chiguayante,2019,9,7.521999999999999,0.8357777777777777,3.3,0,17.679315666666664,4.0357311488888894E-4,0.0485810211111111,-6.349090422222223,9,-0.21116021738199317,-0.036633369571458414,-0.17452684781053476,208
Los Ríos,Lanco,2019,3,7.440000000000001,2.4800000000000004,4.32,0,15.331706333333335,1.1606807393333334,0.08843071999999996,-43.06837733333333,3,-0.14869247544541286,-1.5153300745073313,1.3666375990619184,209
Los Lagos,Castro,2019,13,7.15,0.55,2.5,0,15.557110846153845,0.5141731264195385,-0.28827608923076925,-15.536913076923081,11,-0.7392119624406237,-0.4066297455340388,-0.3325822169065849,210
Biobío,Hualpén,2019,12,6.960000000000001,0.5800000000000001,1.4,0,17.17769708333333,0.0012648912583333334,-0.2871516566666667,-3.6901266998333333,11,-0.73744932018239,0.07044389759765775,-0.8078932177800477,211
Tarapacá,Huara,2019,6,6.728000000000001,1.1213333333333335,4.9910000000000005,0,17.77965383333333,3.7252903333333334E-6,0.33161386,-0.3883494233333334,0,0.23251747234375233,0.20340745952661551,0.02911001281713682,212
Biobío,Concepción,2019,26,6.6556,0.25598461538461537,2.24,0,16.58066498076923,6.343739526923077E-4,-0.001771965384615386,-10.53223068580769,22,-0.2900927426921953,-0.2050896835250029,-0.08500305916719242,213
Metropolitana,Maipú,2019,4,6.5,1.625,3.0,0,19.628958750000002,1.1175871E-5,0.3564758275,-6.614967050000001,3,0.27149068953558125,-0.047340301172994925,0.3188309907085762,214
Metropolitana,Quilicura,2019,4,6.4,1.6,3.6,0,22.52260825,0.0031339005,0.86300993,-6.3985599749999995,4,1.0655253367050217,-0.03862552330974396,1.1041508600147656,215
Metropolitana,Lo Barnechea,2019,5,6.35,1.27,4.8,0,15.509778799999998,0.023905188,0.9262536919999999,-20.0038056,3,1.1646652327110127,-0.5865128481434696,1.7511780808544823,216
Valparaíso,Algarrobo,2019,12,6.0699999999999985,0.5058333333333332,3.2,0,15.155493124999998,0.015038686175000001,-0.020454164999999996,-2.6372284133333337,10,-0.31937865593423803,0.1128444276147333,-0.4322230835489713,217
Biobío,Antuco,2019,4,5.715000000000001,1.4287500000000002,5.0,0,15.669617424999998,6.509945E-4,1.114744175,-37.5774805,3,1.4601398580620322,-1.29421001097647,2.754349869038502,218
Valparaíso,Cartagena,2019,15,5.33,0.35533333333333333,1.8,0,15.771340266666668,0.050685803352266676,-0.09990203893333334,-1.2406208466666666,12,-0.4439198551065416,0.16908623350594737,-0.613006088612489,219
Metropolitana,Tiltil,2019,3,5.11,1.7033333333333334,5.0,0,17.860585333333333,0.3013306689893333,0.8755922133333334,-11.444461600000002,2,1.085249120074907,-0.24182549623896482,1.3270746163138718,220
Metropolitana,Vitacura,2019,7,5.1,0.7285714285714285,2.5,0,19.237777285714287,0.05239727142857143,0.6550401971428571,-4.606592657142857,7,0.7395153550747241,0.033537538426248514,0.7059778166484756,221
Ñuble,San Nicolás,2019,4,4.909999999999999,1.2274999999999998,2.51,0,16.879618,1.1175871E-5,0.63423967,-14.01089515,2,0.7069087859428523,-0.34517654559372574,1.0520853315365781,222
Metropolitana,Isla de Maipo,2019,9,4.649999999999999,0.5166666666666665,2.5,0,21.93594733333333,0.17771311188533334,1.7744290377777778,-7.8570447111111115,4,2.494251154169235,-0.0973591413864657,2.5916102955557005,223
Los Lagos,Calbuco,2019,6,4.6450000000000005,0.7741666666666668,3.0,0,14.995719333333332,0.5577759096639999,-0.30875761500000004,-7.603885166666672,4,-0.7713184701908358,-0.08716433054770227,-0.6841541396431335,224
Ñuble,Coelemu,2019,15,4.5257000000000005,0.3017133333333334,3.0,0,15.461356999999998,0.4800709612568,0.5881956727999998,-10.842293093333332,9,0.6347309623954775,-0.21757598973902453,0.8523069521345021,225
Metropolitana,Colina,2019,7,4.319999999999999,0.6171428571428571,2.0,0,20.40295585714286,0.09491825142857144,0.8351780957142856,-11.934484914285713,5,1.0218966044872622,-0.2615588821821645,1.2834554866694265,226
Araucanía,Teodoro Schmidt,2019,5,3.99,0.798,2.2,0,14.2685958,0.1579079862,-0.026129528000000013,-37.2973612,2,-0.3282752629642919,-1.2829295226897106,0.9546542597254187,227
Valparaíso,El Tabo,2019,7,3.75,0.5357142857142857,1.9,0,15.69796357142857,0.10871035517571428,0.293239188,-2.4712712485714285,5,0.17236195864512036,0.11952757245052455,0.05283438619459581,228
Valparaíso,Calle Larga,2019,3,3.74,1.2466666666666668,3.2,0,13.696413333333334,0.5724100933333333,1.5662261666666666,-17.929596,1,2.167875708791644,-0.5029838049926274,2.670859513784271,229
Aysén,Lago Verde,2019,2,3.5,1.75,3.0,0,5.5546028,1.1719613,-0.278632404,-52.070905,1,-0.7240946778158891,-1.8778645656868396,1.1537698878709506,230
Valparaíso,Concón,2019,16,3.48,0.2175,0.7,0,15.043921062499999,0.0244764381855,0.29800075329375,-13.746625112124999,6,0.17982611120530664,-0.3345343118497802,0.5143604230550869,231
Metropolitana,Providencia,2019,4,3.3599999999999994,0.8399999999999999,3.3,0,13.1802285,0.4791729194355,1.914605385,-46.67844225,0,2.7139893235417465,-1.6607084722360816,4.374697795777828,232
Araucanía,Saavedra,2019,3,3.1000000000000005,1.0333333333333334,1.3,0,15.679874666666668,0.001674518,0.06665007666666668,-21.748573333333336,3,-0.18283545882787272,-0.6567751684440782,0.4739397096162055,233
Valparaíso,Cabildo,2019,2,3.1,1.55,2.5,0,19.808118,0.2696728,0.31153393,-1.4402189,2,0.20104049961073278,0.16104835999031802,0.03999213962041476,234
Ñuble,San Fabián,2019,2,3.01,1.505,2.07,0,8.9824315,0.430552125,0.615164285,-82.56120250000001,1,0.6770065216661914,-3.105717997451651,3.782724519117842,235
Metropolitana,Calera de Tango,2019,3,3.01,1.0033333333333332,1.5,0,21.18549966666667,0.011810412,0.6999549800000001,-11.0631218,2,0.8099230405250115,-0.22646882803661256,1.036391868561624,235
Metropolitana,Recoleta,2019,3,2.9099999999999997,0.9699999999999999,2.8,0,15.83214833333333,0.5996295666666667,0.5430799999999999,-10.401031099999999,2,0.564008365127587,-0.199806236825931,0.763814601953518,237
Metropolitana,Peñalolén,2019,6,2.8699999999999997,0.4783333333333333,1.3,0,16.717349666666667,0.5779098693333333,0.8376146200000001,-11.784257966666667,4,1.025716060456719,-0.25550919791202586,1.281225258368745,238
Valparaíso,Papudo,2019,12,2.77,0.23083333333333333,1.0,0,16.860811666666667,0.06378271112366667,0.28576262916666667,-4.474826753333334,7,0.16064182622764434,0.038843790921230394,0.12179803530641395,239
Aysén,Coihaique,2019,20,2.6139999999999985,0.13069999999999993,1.02,0,9.86220412,2.01737969067,-0.4800992969999999,-26.381034155,16,-1.0399109131098956,-0.8433257561318319,-0.19658515697806367,240
O'Higgins,Peumo,2019,2,2.5,1.25,2.3,0,22.5652695,0.0,0.29068756,-3.541064,2,0.1683620679592062,0.0764466972600253,0.09191537069918089,241
Ñuble,Quillón,2019,7,2.273,0.32471428571428573,0.94,0,17.444646999999996,0.981248205,1.0056798185714286,-17.31799285714286,3,1.2891723410713618,-0.47835436286155975,1.7675267039329214,242
Los Lagos,Los Muermos,2019,1,2.1,2.1,2.1,0,23.814707,0.0,0.26909637,-32.575783,1,0.13451606855067005,-1.092790151428544,1.2273062199792142,243
O'Higgins,Graneros,2019,3,2.0599999999999996,0.6866666666666665,2.0,0,19.160031666666665,1.4901161333333334E-5,0.7257712833333333,-9.311255333333333,2,0.8503922590975211,-0.15592063961403782,1.006312898711559,244
Ñuble,Coihueco,2019,6,2.0300000000000002,0.3383333333333334,0.95,0,15.832459333333333,0.019273099499999998,0.4481603166666666,-23.597650833333333,5,0.4152138083681667,-0.731238074356167,1.1464518827243335,245
Los Lagos,Llanquihue,2019,1,2.03,2.03,2.03,0,14.856629,0.7689651,0.089211464,-34.094666,1,-0.1474685938084017,-1.1539560257201684,1.0064874319117667,246
O'Higgins,Nancagua,2019,4,1.9100000000000001,0.47750000000000004,1.1,0,20.077619,1.33179125E-4,0.39318705,-6.2164638,3,0.3290386067657865,-0.03129245568765875,0.36033106245344526,247
Ñuble,Cobquecura,2019,3,1.9,0.6333333333333333,1.2,0,12.961926,0.0,0.26013565333333327,-12.410814133333332,1,0.12046939437476496,-0.2807408027999437,0.4012101971747086,248
Maule,Chanco,2019,5,1.84,0.368,1.2,0,12.504498400000001,0.54336787362,-0.08018150199999999,-19.890890520000003,1,-0.41300626111836336,-0.5819657239812343,0.1689594628628709,249
Los Lagos,Chonchi,2019,6,1.8,0.3,0.6,0,14.951184333333336,0.3354868985833333,0.09467728766666665,-33.193271333333335,6,-0.1389004572402384,-1.117656591946485,0.9787561347062466,250
Los Lagos,Río Negro,2019,6,1.71,0.285,0.7,0,14.24899,0.04430146326666667,-1.2399578116666665,-26.88045033333334,6,-2.23105280190709,-0.8634373955294291,-1.367615406377661,251
Atacama,Alto del Carmen,2019,3,1.71,0.57,1.5,0,15.368173333333331,0.025681529999999998,0.6325537386666666,-4.654695866666667,1,0.7042659473169668,0.03160040774089814,0.6726655395760687,251
Ñuble,Ñiquén,2019,2,1.7,0.85,1.0,0,23.175575000000002,0.0,0.6781883,-8.564209,2,0.7758019458375116,-0.12583685955021087,0.9016388053877225,253
Valparaíso,Rinconada,2019,3,1.6400000000000001,0.5466666666666667,1.5,0,20.776816333333333,4.346172E-4,1.7364470333333333,-7.5568328,2,2.434711179764782,-0.08526951761961163,2.5199806973843932,254
Ñuble,San Ignacio,2019,3,1.6,0.5333333333333333,0.97,0,17.859405,0.4299711,0.7438119333333333,-18.9187,2,0.878672489563262,-0.5428153199449595,1.4214878095082215,255
Los Lagos,Puerto Octay,2019,2,1.58,0.79,0.93,0,17.2777775,0.0,0.394495485,-38.605912,1,0.3310896882594933,-1.3356252561576634,1.6667149444171567,256
Maule,Pelluhue,2019,5,1.5700000000000003,0.31400000000000006,0.5,0,15.2017504,1.7881394E-5,-0.237897682,-4.46071908,4,-0.6602395879982884,0.039411911160678735,-0.6996514991589672,257
Ñuble,Ninhue,2019,2,1.53,0.765,1.5,0,16.0117005,4.367903E-4,0.326954365,-13.501037,1,0.2252133235212893,-0.32464440486303076,0.54985772838432,258
Coquimbo,Canela,2019,1,1.5,1.5,1.5,0,10.129185,5.532056E-4,0.5060091,-6.525879,0,0.5058966232794584,-0.043752698660368204,0.5496493219398266,259
Los Lagos,Cochamó,2019,1,1.5,1.5,1.5,0,10.846326,4.4703484E-5,0.31819534,-105.627945,1,0.21148281793223409,-4.034622641240719,4.246105459172953,259
Ñuble,Pemuco,2019,4,1.304,0.326,1.03,0,12.173117325,2.89641325E-4,0.40604710125,-42.74421125,1,0.34919781461867666,-1.502275809035419,1.8514736236540956,261
Ñuble,San Carlos,2019,2,1.3,0.65,1.0,0,17.065444499999998,0.0,0.26885701,-18.563358,1,0.13414085169516438,-0.5285055909516568,0.6626464426468213,262
Ñuble,Bulnes,2019,4,1.1700000000000002,0.29250000000000004,0.56,0,16.34342775,6.71017925E-4,0.957685705,-14.67134275,2,1.2139375467153404,-0.37177296867424287,1.5857105153895832,263
Arica y Parinacota,Putre,2019,2,1.1,0.55,0.6,0,7.6168949999999995,0.0,0.43918609,1.214330499999999,1,0.4011459561352852,0.267947861071907,0.1331980950633782,264
Los Lagos,Maullín,2019,2,1.08,0.54,1.0,0,16.847756,0.006926245992,-0.054989815,-22.9934465,1,-0.3735161809837332,-0.7069065845053217,0.33339040352158855,265
Metropolitana,Las Condes,2019,2,1.01,0.505,1.0,0,15.461569,0.0,0.36684559499999997,-6.624053,1,0.28774616895434674,-0.047706195106576345,0.3354523640609231,266
Los Lagos,Purranque,2019,1,1.0,1.0,1.0,0,19.070932,0.0016950071,0.41087723,-72.14608,1,0.35676944614133255,-2.686297888353801,3.0430673344951336,267
Ñuble,Ránquil,2019,4,0.9500000000000001,0.23750000000000002,0.7000000000000001,0,14.475185499999998,0.00790739434,0.036255835000000014,-13.5243575,1,-0.2304809793143722,-0.32558352839750826,0.09510254908313606,268
Valparaíso,Petorca,2019,2,0.95,0.475,0.8999999999999999,0,17.896992,0.0201687215,1.84088085,-13.6421027,0,2.598419937694806,-0.33032516294186903,2.928745100636675,269
Los Ríos,Lago Ranco,2019,2,0.84,0.42,0.7,0,13.4621395,0.004773959485000001,-1.5156703,-40.858475999999996,2,-2.663255228779162,-1.4263366845282743,-1.2369185442508879,270
Biobío,Cobquecura,2019,3,0.75,0.25,0.55,0,13.996632666666665,0.024364640494666665,-0.25224399999999997,-5.9160821666666665,3,-0.6827286435131845,-0.019195997155974955,-0.6635326463572095,271
Valparaíso,Putaendo,2019,3,0.71,0.23666666666666666,0.4,0,16.910066,0.0,1.1862351,-8.795480593333334,1,1.5722078730841638,-0.13515023602822163,1.7073581091123855,272
Araucanía,Curarrehue,2019,2,0.7,0.35,0.3999999999999999,0,11.625398,0.005049631,-0.88960695,-26.732704,2,-1.6818484710318533,-0.8574876063411141,-0.8243608646907392,273
Araucanía,Melipeuco,2019,3,0.7,0.2333333333333333,0.5,0,11.800145666666666,0.09143476499999999,0.16225528883333334,-35.54243866666667,3,-0.032966278183083536,-1.2122582655452132,1.1792919873621297,273
Ñuble,Treguaco,2019,1,0.68,0.68,0.68,0,17.7116,0.0,1.2812948,-15.585753,0,1.7212219177003065,-0.4085965438952921,2.1298184615955984,275
Metropolitana,Huechuraba,2019,6,0.6700000000000002,0.11166666666666669,0.4,0,16.40428833333333,0.3540671031236667,1.6980525666666668,-28.636770316666667,3,2.374524636267594,-0.9341649284048608,3.308689564672455,276
Ñuble,Quirihue,2019,4,0.53,0.1325,0.39,0,18.61629825,0.0,0.8147149124999999,-5.5374818,4,0.9898188502288134,-0.003949646756177048,0.9937684969849905,277
Los Lagos,Puyehue,2019,1,0.5,0.5,0.5,0,23.498362,0.0,0.38696384,-87.45508,1,0.31928320366020524,-3.302795913238192,3.622079116898397,278
Arica y Parinacota,Camarones,2019,1,0.5,0.5,0.5,0,15.3074045,0.0,0.4972601,0.4862969,0,0.4921818327178783,0.2386297294859463,0.253552103231932,278
Los Ríos,Corral,2019,4,0.45000000000000007,0.11250000000000002,0.2,0,13.358694499999999,0.0284588892425,-0.2951095,-16.1632195,3,-0.749923906379502,-0.4318512931726389,-0.31807261320686314,280
Maule,Licantén,2019,5,0.42600000000000005,0.08520000000000001,0.2,0,19.922105800000004,0.0031694770000000004,1.23300132,-3.7399633199999998,5,1.6455178413841727,0.06843696194544902,1.5770808794387237,281
Magallanes,Natales,2019,4,0.41100000000000003,0.10275000000000001,0.15,0,10.86860375,1.4599975900000002,0.14855933249999997,10.388031,4,-0.05443583729294905,0.6373755336260224,-0.6918113709189715,282
O'Higgins,Palmilla,2019,4,0.39,0.0975,0.2,0,18.979351,0.0,0.390550615,-3.4881081499999995,4,0.3249057740015598,0.07857924523383641,0.24632652876772337,283
Valparaíso,Los Andes,2019,3,0.37,0.12333333333333334,0.3,0,11.405789666666669,0.88779195,0.6979641900000001,-12.543023233333335,2,0.8068023103956152,-0.2860649029385383,1.0928672133341535,284
O'Higgins,Placilla,2019,1,0.3,0.3,0.3,0,24.691582,0.0,1.0050659,-3.0533624,1,1.2882099722716123,0.09608658707209385,1.1921233851995183,285
Valparaíso,Santa María,2019,1,0.25,0.25,0.25,0,25.869858,0.0,1.0439625,-0.97961664,1,1.3491836518415694,0.17959695124691788,1.1695867005946514,286
Metropolitana,La Reina,2019,2,0.21000000000000002,0.10500000000000001,0.2,0,14.634991,2.5878494,1.27477813,-23.24975,1,1.7110064914562866,-0.7172280033779428,2.4282344948342294,287
Atacama,Copiapó,2019,1,0.2,0.2,0.2,0,19.469006,0.0,1.4790258,-3.926848,0,2.0311818276936533,0.06091105978977904,1.9702707679038742,288
Antofagasta,San Pedro de Atacama,2019,3,0.12499999999999999,0.041666666666666664,0.105,0,12.439335,0.0,0.23497041133333332,9.111088713333334,0,0.08102076899340963,0.5859526844770672,-0.5049319154836576,289
Magallanes,Río Verde,2019,1,0.08,0.08,0.08,0,8.886574,0.8313953,-0.266366,-19.74356,1,-0.7048660617679147,-0.576032679720656,-0.1288333820472587,290
Aysén,Río Ibáñez,2019,2,0.07,0.035,0.05,0,9.735533,1.20873188,0.355405095,-18.229480300000002,2,0.26981222662725146,-0.515060235761707,0.7848724623889585,291
Los Lagos,Palena,2019,1,0.06,0.06,0.06,0,9.573264,0.0,-2.3234282,-30.079674,1,-3.92948341748207,-0.9922710928096824,-2.937212324672388,292
Tarapacá,Pozo Almonte,2019,1,0.05,0.05,0.05,0,18.546099,0.0,1.0111618,0.055210233,0,1.297765806285138,0.22126974001834587,1.0764960662667922,293
Aysén,Cisnes,2019,2,0.02,0.01,0.01,0,21.391935500000002,2.2351742E-5,-0.18267250499999999,-128.18291499999998,2,-0.5736694958413345,-4.942918052850013,4.369248557008678,294
Ñuble,El Carmen,2019,1,0.02,0.02,0.02,0,16.137003,0.0,-0.17471886,-34.9681,0,-0.5612014908834927,-1.1891294750549959,0.6279279841715032,294
Aysén,Aisén,2019,1,0.012,0.012,0.012,0,8.077361,0.042445958,-2.4197626,-18.826912,1,-4.08049566115283,-0.5391189896354625,-3.5413766715173676,296
Ñuble,Yungay,2019,2,0.011,0.0055,0.01,0,14.6776125,1.66128125,0.6750183000000001,-21.4049585,1,0.7708327052294184,-0.6429376959722655,1.4137704012016838,297
Aysén,"\"Villa O\"\"Higgins\"",2019,1,0.01,0.01,0.01,0,4.069589,0.0012088567,-0.010633945,-50.56366,1,-0.30398463826723154,-1.8171673571482754,1.5131827188810438,298
Ñuble,Pinto,2019,1,0.01,0.01,0.01,0,11.633896,0.9341892,0.6745205,-35.3413,1,0.7700523620197309,-1.2041583510682465,1.9742107130879774,298
Metropolitana,Santiago,2019,1,0.01,0.01,0.01,0,14.1618,0.0,0.68282986,-6.0730057,0,0.7830779800447363,-0.02551535494275922,0.8085933349874955,298
