region,comuna,año,n_incendios,superficie_total_ha,superficie_media_ha,superficie_max_ha,n_catastroficos,t2m_medio,tp_medio,t2m_anomaly_medio,tp_anomaly_medio,n_incendios_temporada_alta,t2m_anomaly_z,tp_anomaly_z,estres_hidrico_score,ranking_severidad_anio,region_Antofagasta,region_Araucanía,region_Arica y Parinacota,region_Atacama,region_Aysén,region_Biobío,region_Coquimbo,region_Los Lagos,region_Los Ríos,region_Magallanes,region_Maule,region_Metropolitana,region_O'Higgins,region_Tarapacá,region_Valparaíso,region_Ñuble,riesgo,riesgo_predicho,prob_catastrofico
Araucanía,Ercilla,2018,64,5739.635000000001,89.68179687500002,2245.02,3,17.068333351562504,0.3485535098623751,-0.0260090828906249,2.032610918750002,63,-0.3280864551634865,0.300900259135853,-0.6289867142993395,1,False,True,False,False,False,False,False,False,False,False,False,False,False,False,False,False,catastrofico,alto,0.19739634
Araucanía,Galvarino,2018,95,2482.975,26.13657894736842,680.0,3,15.643683752631578,0.1323238150800421,-0.1155891317999998,14.040064374736842,83,-0.4685106875658384,0.7844440137577842,-1.2529547013236226,2,False,True,False,False,False,False,False,False,False,False,False,False,False,False,False,False,catastrofico,bajo,0.239656
Araucanía,Traiguén,2018,32,1145.2480000000005,35.78900000000001,277.4,4,16.63654753125,0.0763680454476875,-0.0368435042499999,14.156780581249995,31,-0.3450703184392595,0.7891442104255847,-1.1342145288648442,3,False,True,False,False,False,False,False,False,False,False,False,False,False,False,False,False,catastrofico,normal,0.18493626
Araucanía,Victoria,2018,66,1132.5939999999998,17.16051515151515,154.0,0,16.304511386363647,0.114835178806303,0.0817218387272727,6.107410443939394,66,-0.1592092089644391,0.4649936590365072,-0.6242028680009464,4,False,True,False,False,False,False,False,False,False,False,False,False,False,False,False,False,catastrofico,normal,0.1538982
Araucanía,Collipulli,2018,222,992.6596,4.471439639639639,150.2,0,16.664181290540544,0.3446953623717564,0.0245187671306305,13.21466224765764,201,-0.2488798166255452,0.7512048223618927,-1.0000846389874378,5,False,True,False,False,False,False,False,False,False,False,False,False,False,False,False,False,catastrofico,bajo,0.19546604
Biobío,Mulchén,2018,95,921.6409999999996,9.70148421052631,294.44,1,17.67316005263158,0.2202209285504842,0.0414264897705263,6.976454642315789,93,-0.2223755447225327,0.4999903297423853,-0.7223658744649181,6,False,False,False,False,False,True,False,False,False,False,False,False,False,False,False,False,catastrofico,normal,0.29682937
Araucanía,Angol,2018,48,916.433,19.09235416666667,465.863,1,16.676881677083333,0.0534127631250833,0.0625434114583333,7.23076265625,44,-0.1892730006313724,0.5102313897922065,-0.6995043904235789,7,False,True,False,False,False,False,False,False,False,False,False,False,False,False,False,False,catastrofico,bajo,0.18584408
Valparaíso,Limache,2018,92,882.7400000000001,9.595,730.0,1,17.608009483695657,0.0072207463475,0.1866164988760869,-3.3729351814130526,71,0.0052219597370246,0.083217295247157,-0.0779953355101323,8,False,False,False,False,False,False,False,False,False,False,False,False,False,False,True,False,catastrofico,bajo,0.16142817
Metropolitana,Melipilla,2018,84,763.0879999999999,9.08438095238095,336.418,1,18.387350357142857,0.0672488152202142,0.4982363124404764,-0.9403883235714288,48,0.4937121275132542,0.1811766873235887,0.3125354401896655,9,False,False,False,False,False,False,False,False,False,False,False,True,False,False,False,False,catastrofico,catastrofico,0.4477519
Biobío,Quirihue,2018,21,656.3600999999999,31.25524285714285,517.3000000000001,1,18.086497166666668,0.3397059400049523,-0.1568787850476191,6.431293138095237,20,-0.533235678610685,0.478036512341185,-1.01127219095187,10,False,False,False,False,False,True,False,False,False,False,False,False,False,False,False,False,catastrofico,normal,0.22811034
Valparaíso,Quilpué,2018,82,622.54,7.591951219512195,170.0,0,16.755419481707317,0.0415352498475121,0.2923287248536586,-2.2947078090243886,54,0.1709347313773058,0.1266378351553089,0.0442968962219968,11,False,False,False,False,False,False,False,False,False,False,False,False,False,False,True,False,catastrofico,alto,0.23434114
Biobío,Laja,2018,25,574.7999999999998,22.991999999999997,548.8899999999999,1,20.13784356,0.02588715396776,0.1186290032399999,2.536572264,25,-0.1013541362116862,0.3211949337693826,-0.4225490699810689,12,False,False,False,False,False,True,False,False,False,False,False,False,False,False,False,False,catastrofico,alto,0.15383345
Coquimbo,Los Vilos,2018,9,492.88,54.76444444444444,463.0,1,16.440602,0.0019208010666666,-0.0501294676666666,-2.0792834288888886,7,-0.3658971792997463,0.1353130396014178,-0.5012102189011641,13,False,False,False,False,False,False,True,False,False,False,False,False,False,False,False,False,catastrofico,normal,0.03744201
Metropolitana,Paine,2018,22,437.74000000000007,19.89727272727273,333.02,1,18.111218954545453,0.5763199387462727,0.2598489540909091,-5.138506861818181,10,0.1200199692902968,0.0121171937538147,0.1079027755364821,14,False,False,False,False,False,False,False,False,False,False,False,True,False,False,False,False,catastrofico,alto,0.11204008
Metropolitana,Padre Hurtado,2018,6,421.627,70.27116666666667,212.717,1,18.610901,0.74669218,0.2124497054999999,-9.322014566666669,4,0.0457176756338117,-0.1563539171696764,0.2020715928034882,15,False,False,False,False,False,False,False,False,False,False,False,True,False,False,False,False,catastrofico,alto,0.09696208
Biobío,Chillán Viejo,2018,28,393.867,14.066678571428572,97.01,0,18.55745314285715,0.0043124892527142,-0.1129687565,8.347494205357142,27,-0.4644030297269728,0.5552025044535586,-1.0196055341805317,16,False,False,False,False,False,True,False,False,False,False,False,False,False,False,False,False,catastrofico,normal,0.21597458
Valparaíso,Villa Alemana,2018,125,380.2099999999998,3.0416799999999986,96.0,0,17.731724183999994,0.0305692255769919,0.1221694997943999,-2.1848303787200054,107,-0.09580411121139,0.1310626322525736,-0.2268667434639636,17,False,False,False,False,False,False,False,False,False,False,False,False,False,False,True,False,catastrofico,catastrofico,0.3518114
Los Ríos,Mariquina,2018,13,357.19000000000005,27.47615384615385,269.0,1,15.15754923076923,1.1944958182253846,0.0638230372307692,18.885198184615383,13,-0.1872670800157412,0.9795590065130724,-1.1668260865288136,18,False,False,False,False,False,False,False,False,True,False,False,False,False,False,False,False,catastrofico,bajo,0.013965704
Biobío,Tirúa,2018,79,356.5199999999999,4.512911392405062,89.25999999999999,0,14.372341708860755,0.0670362278014936,-0.2207128884177215,11.679513084177216,76,-0.6333009841778593,0.6893839047847414,-1.3226848889626006,19,False,False,False,False,False,True,False,False,False,False,False,False,False,False,False,False,catastrofico,bajo,0.11335146
Maule,Cauquenes,2018,46,350.7429999999998,7.624847826086952,200.0,1,16.97867198913043,0.2258366102702173,-0.0410104421521738,4.858659682608696,35,-0.3516023427404854,0.4147060910743115,-0.766308433814797,20,False,False,False,False,False,False,False,False,False,False,True,False,False,False,False,False,catastrofico,alto,0.14301763
Metropolitana,Lampa,2018,53,348.68,6.578867924528302,93.86,0,18.678487905660376,0.2661471053377358,0.3804588675471698,-5.176606239622641,28,0.3090861143014883,0.0105829203743794,0.2985031939271088,21,False,False,False,False,False,False,False,False,False,False,False,True,False,False,False,False,catastrofico,catastrofico,0.37705982
Los Lagos,Calbuco,2018,2,336.59000000000003,168.29500000000002,327.79,1,15.6966315,0.0120019542,-0.22757912,36.11090545,2,-0.6440643774911814,1.6732434082601708,-2.3173077857513524,22,False,False,False,False,False,False,False,True,False,False,False,False,False,False,False,False,catastrofico,bajo,0.013753644
Maule,San Javier,2018,72,320.2499999999999,4.447916666666665,100.33,0,19.794535763888888,0.0114801289765,-0.0338800598611111,-0.3645636901388895,65,-0.3404248710584731,0.2043653181414696,-0.5447901891999428,23,False,False,False,False,False,False,False,False,False,False,True,False,False,False,False,False,catastrofico,alto,0.20246856
Biobío,Cañete,2018,93,305.07000000000005,3.2803225806451617,194.75,0,14.286610091397838,0.3335673553639786,0.0019318360752688,9.785236559247318,82,-0.2842867235695542,0.6131008205725689,-0.8973875441421231,24,False,False,False,False,False,True,False,False,False,False,False,False,False,False,False,False,catastrofico,normal,0.12831888
Valparaíso,La Cruz,2018,15,302.38,20.158666666666665,265.0,1,17.847678566666666,0.0042259693589333,-0.1387987773333332,-3.0050218453333333,14,-0.5048937516300949,0.0980332757175844,-0.6029270273476793,25,False,False,False,False,False,False,False,False,False,False,False,False,False,False,True,False,catastrofico,bajo,0.18009621
Valparaíso,La Ligua,2018,26,298.7599999999999,11.490769230769226,169.0,0,17.71677846153846,0.0254003183058461,0.3741792466538462,-1.7578807051153842,15,0.299242282394064,0.1482560237544538,0.1509862586396101,26,False,False,False,False,False,False,False,False,False,False,False,False,False,False,True,False,catastrofico,alto,0.33529833
Maule,Parral,2018,40,295.61,7.39025,65.7,0,17.951817225000003,0.6503866993288,-0.17153756675,7.725695715000002,36,-0.5562145471597851,0.530162492618607,-1.0863770397783925,27,False,False,False,False,False,False,False,False,False,False,True,False,False,False,False,False,catastrofico,alto,0.06742285
Aysén,Río Ibáñez,2018,3,289.78,96.59333333333332,287.4,1,10.072002,2.286037871,-0.5027082133333333,15.956858333333331,2,-1.0753522838192282,0.8616338817821535,-1.9369861656013816,28,False,False,False,False,True,False,False,False,False,False,False,False,False,False,False,False,catastrofico,bajo,0.015435774
Metropolitana,San Pedro,2018,50,284.54999999999984,5.690999999999997,106.0,0,18.96038472,0.0495927247485199,0.108274950852,-1.3406926616,39,-0.1175849808756533,0.1650563114827586,-0.2826412923584119,29,False,False,False,False,False,False,False,False,False,False,False,True,False,False,False,False,catastrofico,normal,0.2739148
Maule,Romeral,2018,14,281.8299999999999,20.13071428571428,203.95,1,14.25472114285714,0.0028656795831428,0.3127330292857144,5.448309299999999,7,0.2029201882112714,0.4384514581456796,-0.2355312699344081,30,False,False,False,False,False,False,False,False,False,False,True,False,False,False,False,False,catastrofico,bajo,0.031645942
Biobío,Los Angeles,2018,118,276.35039999999987,2.3419525423728804,63.5,0,18.23305666949152,0.3129853139179492,-0.0048627305084745,8.866155515762717,111,-0.2949377759930028,0.5760891510959903,-0.8710269270889932,31,False,False,False,False,False,True,False,False,False,False,False,False,False,False,False,False,catastrofico,normal,0.24046865
Metropolitana,Talagante,2018,16,275.91,17.244375,113.1,0,21.6079723125,0.08637495514175,0.287740712125,-3.28291971875,11,0.1637426370045299,0.0868422449460809,0.076900392058449,32,False,False,False,False,False,False,False,False,False,False,False,True,False,False,False,False,catastrofico,normal,0.14472048
Valparaíso,San Antonio,2018,84,272.2500000000001,3.2410714285714297,64.2,0,15.90870689880952,0.0928537590797619,0.0826650408571427,-2.7562320909523828,60,-0.1577306605968081,0.1080521137989306,-0.2657827743957388,33,False,False,False,False,False,False,False,False,False,False,False,False,False,False,True,False,catastrofico,normal,0.16704936
O'Higgins,Mostazal,2018,11,269.25,24.477272727272727,229.0,1,16.38206629090909,0.7008717003167273,-0.117893304,-10.151182272727272,8,-0.4721226705514159,-0.1897447495613599,-0.282377920990056,34,False,False,False,False,False,False,False,False,False,False,False,False,True,False,False,False,catastrofico,normal,0.055782203
Valparaíso,Santo Domingo,2018,22,266.72,12.123636363636365,117.3,0,17.448708636363637,0.006747008744,0.1483072791818182,-4.015586430909091,16,-0.0548309519882529,0.0573375365428788,-0.1121684885311317,35,False,False,False,False,False,False,False,False,False,False,False,False,False,False,True,False,catastrofico,bajo,0.13012928
Biobío,Contulmo,2018,45,256.63,5.7028888888888885,67.53,0,15.503090882222224,0.2987669245489778,-0.090783541111111,18.59489696444443,43,-0.429625845749129,0.967868489245,-1.3974943349941291,36,False,False,False,False,False,True,False,False,False,False,False,False,False,False,False,False,catastrofico,bajo,0.13400598
Maule,Longaví,2018,31,241.66,7.7954838709677405,178.0,0,17.635616645161285,0.3663527517523871,-0.0314761458064516,6.451862987096776,24,-0.3366565343585425,0.4788648663343667,-0.8155214006929092,37,False,False,False,False,False,False,False,False,False,False,True,False,False,False,False,False,catastrofico,alto,0.31224504
Biobío,Ñiquén,2018,13,237.88,18.298461538461535,165.0,0,19.007713384615386,0.0033176576324615,-0.1309502646153846,8.795985184615384,12,-0.4925905503331966,0.5732633707995755,-1.065853921132772,38,False,False,False,False,False,True,False,False,False,False,False,False,False,False,False,False,catastrofico,alto,0.15336703
O'Higgins,Las Cabras,2018,24,232.3,9.679166666666664,121.0,0,19.196074020833333,0.1053359980905833,0.2804394446666666,0.8201347404166666,17,0.1522972885046874,0.2520734795185118,-0.0997761910138243,39,False,False,False,False,False,False,False,False,False,False,False,False,True,False,False,False,catastrofico,alto,0.3095679
Araucanía,Los Sauces,2018,25,230.67,9.2268,90.0,0,15.951106559999998,0.53891533331872,-0.24360721748,27.735301348000004,24,-0.6691897632539875,1.3359553171963123,-2.0051450804503,40,False,True,False,False,False,False,False,False,False,False,False,False,False,False,False,False,catastrofico,bajo,0.19752394
Araucanía,Cholchol,2018,32,210.611,6.581593749999999,76.871,0,16.55010953125,0.4610875346596876,0.0264212828125,8.536796384375,30,-0.2458974638861508,0.5628257600202723,-0.8087232239064231,41,False,True,False,False,False,False,False,False,False,False,False,False,False,False,False,False,catastrofico,bajo,0.25497267
Maule,Linares,2018,54,200.6549999999999,3.715833333333331,89.8,0,18.36025747222222,0.2257349674077778,0.0525069597407407,3.1515513759259237,50,-0.2050059796333375,0.3459603271881225,-0.5509663068214601,42,False,False,False,False,False,False,False,False,False,False,True,False,False,False,False,False,catastrofico,alto,0.2552821
Valparaíso,Casablanca,2018,37,197.66000000000005,5.342162162162163,85.8,0,16.14411339189189,0.2016190635763243,0.1781957694594594,-1.84165438810811,29,-0.0079782391799695,0.1448824323962785,-0.152860671576248,43,False,False,False,False,False,False,False,False,False,False,False,False,False,False,True,False,catastrofico,normal,0.12336871
Maule,Curicó,2018,71,193.23500000000007,2.72161971830986,58.0,0,17.59971171830986,0.0892606337484788,-0.0932122360563379,5.312119964788737,62,-0.4334330285713665,0.432967072740489,-0.8664001013118556,44,False,False,False,False,False,False,False,False,False,False,True,False,False,False,False,False,catastrofico,catastrofico,0.36324427
O'Higgins,La Estrella,2018,13,187.3,14.407692307692308,92.0,0,19.13441315384615,0.0071385159216923,0.641294033076923,-0.2604507538461539,9,0.7179670911371994,0.2085579773347145,0.5094091138024848,45,False,False,False,False,False,False,False,False,False,False,False,False,True,False,False,False,catastrofico,catastrofico,0.3850089
Metropolitana,Tiltil,2018,11,186.33000000000004,16.93909090909091,75.6,0,19.415034272727272,0.0291707164363636,0.3503073778181818,-7.177222,8,0.2618211278170098,-0.0699824767662062,0.331803604583216,46,False,False,False,False,False,False,False,False,False,False,False,True,False,False,False,False,catastrofico,alto,0.21321219
Biobío,Bulnes,2018,20,184.18000000000004,9.209,162.3,0,18.4797885,0.2286603099943999,-0.23251634875,15.570081565,18,-0.6518038972375366,0.8460582652331519,-1.4978621624706885,47,False,False,False,False,False,True,False,False,False,False,False,False,False,False,False,False,catastrofico,normal,0.26866978
Araucanía,Lumaco,2018,77,176.3700000000001,2.2905194805194817,21.1,0,15.249853792207787,0.3616384061585715,-0.1113119994155843,15.537228841818177,68,-0.461805924180719,0.8447352762101151,-1.306541200390834,48,False,True,False,False,False,False,False,False,False,False,False,False,False,False,False,False,catastrofico,bajo,0.29144767
Valparaíso,Cartagena,2018,70,162.6700000000001,2.323857142857144,38.7,0,15.52118389285714,0.0212161668730285,0.0979024165714285,-0.7753267005714282,44,-0.1338447974547877,0.1878237684238377,-0.3216685658786254,49,False,False,False,False,False,False,False,False,False,False,False,False,False,False,True,False,catastrofico,normal,0.17212147
Maule,Teno,2018,27,152.8,5.65925925925926,45.0,0,17.7983355,0.1601091214861481,-0.104169211111111,4.974782125925926,24,-0.4506090050332101,0.4193823767199984,-0.8699913817532086,50,False,False,False,False,False,False,False,False,False,False,True,False,False,False,False,False,catastrofico,catastrofico,0.32689545
Coquimbo,Ovalle,2018,58,149.67000000000004,2.580517241379311,20.0,0,18.467639258620697,0.003568474837862,0.3076825190344828,-3.5122721060000006,31,0.1950030902201005,0.0776061554730817,0.1173969347470188,51,False,False,False,False,False,False,True,False,False,False,False,False,False,False,False,False,alto,bajo,0.08940941
Araucanía,Nueva Imperial,2018,14,149.05,10.646428571428572,58.6,0,14.958768142857144,0.0095827768848571,-0.0205056328571428,12.872107928571426,14,-0.3194593361127004,0.7374100571171172,-1.0568693932298177,52,False,True,False,False,False,False,False,False,False,False,False,False,False,False,False,False,alto,bajo,0.11997705
Araucanía,Perquenco,2018,9,148.76000000000002,16.52888888888889,74.3,0,16.02226988888889,0.0195250747373333,-0.1505487277777777,24.859484311111107,8,-0.5233127834571039,1.2201453019653443,-1.7434580854224484,53,False,True,False,False,False,False,False,False,False,False,False,False,False,False,False,False,alto,bajo,0.08489534
O'Higgins,Litueche,2018,18,147.81000000000003,8.211666666666668,105.0,0,18.03557727777777,0.0218942554417777,1.0515279747222224,-0.8420098944444445,8,1.3610431673649674,0.1851384161920984,1.175904751172869,54,False,False,False,False,False,False,False,False,False,False,False,False,True,False,False,False,alto,catastrofico,0.544284
Metropolitana,Alhué,2018,18,147.41000000000005,8.189444444444446,55.2,0,18.47106130555555,0.0383643831704444,-0.4206952577777778,-7.706160983333333,15,-0.9467901042809248,-0.0912830083822071,-0.8555070958987175,55,False,False,False,False,False,False,False,False,False,False,False,True,False,False,False,False,alto,bajo,0.20629814
Araucanía,Carahue,2018,47,147.12,3.130212765957447,30.02,0,14.272049521276594,0.0692042194653617,-0.0246693440638297,10.295241015744685,44,-0.3259863022983919,0.6336388531098257,-0.9596251554082176,56,False,True,False,False,False,False,False,False,False,False,False,False,False,False,False,False,alto,bajo,0.08539999
Biobío,San Carlos,2018,35,145.79000000000002,4.165428571428572,40.7,0,17.94564137142857,0.0142928214193714,-0.0379674287714285,5.566851814857143,34,-0.346832164298034,0.4432252007986457,-0.7900573650966797,57,False,False,False,False,False,True,False,False,False,False,False,False,False,False,False,False,alto,normal,0.24615498
Biobío,Coihueco,2018,53,139.6418,2.6347509433962264,40.0,0,16.835550283018865,3.195881578664717,-0.013285019716981,10.56188421773585,49,-0.3081404200144593,0.6443766548850169,-0.9525170748994762,58,False,False,False,False,False,True,False,False,False,False,False,False,False,False,False,False,alto,bajo,0.048210893
Biobío,Hualqui,2018,34,135.20599999999993,3.976647058823527,112.92,0,17.531357176470596,0.3703390506971764,0.1535966320882352,7.053489323529412,29,-0.0465394481229204,0.5030925394762541,-0.5496319875991745,59,False,False,False,False,False,True,False,False,False,False,False,False,False,False,False,False,alto,alto,0.23453528
Metropolitana,Curacaví,2018,56,135.16999999999993,2.413749999999999,90.0,0,18.51822323214285,0.2197841520867143,0.3977691069642857,-4.67889277946429,36,0.3362213649788861,0.0306259908000114,0.3055953741788746,60,False,False,False,False,False,False,False,False,False,False,False,True,False,False,False,False,alto,catastrofico,0.35404631
Metropolitana,Colina,2018,25,134.52000000000004,5.380800000000002,69.9,0,19.2414566,0.31676203859872,0.3135486297599999,-5.924328116000002,15,0.2041987102922808,-0.0195280640105897,0.2237267743028706,61,False,False,False,False,False,False,False,False,False,False,False,True,False,False,False,False,alto,alto,0.18919492
Araucanía,Lautaro,2018,13,132.1,10.16153846153846,110.0,0,16.167363923076927,0.0121843500578461,-0.1626179784615384,14.93369356153846,13,-0.5422323451627828,0.8204307293265504,-1.362663074489333,62,False,True,False,False,False,False,False,False,False,False,False,False,False,False,False,False,alto,bajo,0.06983386
Biobío,Chillán,2018,78,131.79299999999992,1.689653846153845,18.48,0,18.43632080769231,0.5046905222664617,-0.0634414994230769,6.981933926282052,74,-0.3867649044669962,0.5002109821522737,-0.8869758866192698,63,False,False,False,False,False,True,False,False,False,False,False,False,False,False,False,False,alto,catastrofico,0.34498182
Metropolitana,Puente Alto,2018,28,123.74,4.4192857142857145,32.0,0,15.954302178571426,0.5471237440595714,0.1246627020964285,-0.7190126135714282,18,-0.0918958077024208,0.1900915536095891,-0.2819873613120099,64,False,False,False,False,False,False,False,False,False,False,False,True,False,False,False,False,alto,normal,0.061973095
Coquimbo,Punitaqui,2018,1,120.81,120.81,120.81,0,19.425611,0.0,-0.2012062,0.5751879,1,-0.602722615655851,0.2422093967359298,-0.8449320123917808,65,False,False,False,False,False,False,True,False,False,False,False,False,False,False,False,False,alto,bajo,0.041509602
O'Higgins,Malloa,2018,6,113.6,18.933333333333334,81.7,0,17.113502999999998,0.0607659958306666,0.1964592999999999,-10.10480435,3,0.020651375207793,-0.1878770966931384,0.2085284719009314,66,False,False,False,False,False,False,False,False,False,False,False,False,True,False,False,False,alto,normal,0.17023978
Biobío,San Nicolás,2018,15,111.37,7.424666666666667,75.28,0,18.4802688,0.0189920263104,0.010369996,4.634510199999999,15,-0.2710592008706393,0.4056795241328312,-0.6767387250034707,67,False,False,False,False,False,True,False,False,False,False,False,False,False,False,False,False,alto,alto,0.3124441
Metropolitana,San Bernardo,2018,18,108.84,6.046666666666667,82.0,0,20.07529688888889,0.2990413693102222,0.440781580611111,-4.638381364444445,11,0.4036470213512362,0.0322573976420655,0.3713896237091706,68,False,False,False,False,False,False,False,False,False,False,False,True,False,False,False,False,alto,catastrofico,0.44529128
Biobío,El Carmen,2018,7,108.43,15.489999999999998,80.8,0,15.434765285714288,0.000865065636,0.2219495814285714,29.689757685714284,6,0.0606095271278515,1.4146618605318428,-1.3540523334039911,69,False,False,False,False,False,True,False,False,False,False,False,False,False,False,False,False,alto,normal,0.03620304
O'Higgins,San Vicente,2018,28,104.89,3.7460714285714287,35.7,0,20.84580078571428,0.0008362611584285714,-0.3510817417857145,-4.555093878571432,27,-0.8376650851831589,0.0356114096963015,-0.8732764948794605,70,False,False,False,False,False,False,False,False,False,False,False,False,True,False,False,False,alto,bajo,0.20727791
Metropolitana,Pudahuel,2018,13,104.4,8.03076923076923,47.1,0,18.456776846153847,0.0671234265576923,0.1074412351538461,-6.068351141538462,7,-0.1188919000879154,-0.0253279144764813,-0.093563985611434,71,False,False,False,False,False,False,False,False,False,False,False,True,False,False,False,False,alto,alto,0.20293199
Magallanes,San Gregorio,2018,1,101.002,101.002,101.002,0,11.593804,1.7965305,0.77202415,14.879662,1,0.9228975030346592,0.8182548621262187,0.1046426409084404,72,False,False,False,False,False,False,False,False,False,True,False,False,False,False,False,False,alto,bajo,0.03710964
Biobío,Tomé,2018,179,98.6039,0.5508597765363128,16.3,0,16.49358269553072,0.104797440439553,-0.020919479944134,7.0345538111731845,151,-0.3201080760969962,0.5023300007103132,-0.8224380768073094,73,False,False,False,False,False,True,False,False,False,False,False,False,False,False,False,False,alto,alto,0.18254566
Araucanía,Temuco,2018,52,98.4425,1.893125,20.0,0,15.895672355769236,0.1321245513382691,-0.1061558540384615,11.452840236538464,49,-0.4537232342787532,0.6802557211761315,-1.1339789554548847,74,False,True,False,False,False,False,False,False,False,False,False,False,False,False,False,False,alto,bajo,0.23125094
Coquimbo,Salamanca,2018,8,96.22,12.0275,58.7,0,20.209349875,0.0014677644,0.0270988925,-2.9746553625,7,-0.2448352539254056,0.0992561430955605,-0.3440913970209662,75,False,False,False,False,False,False,True,False,False,False,False,False,False,False,False,False,alto,bajo,0.049343254
Valparaíso,San Felipe,2018,12,95.93999999999996,7.994999999999997,73.5,0,16.676617166666663,0.1921793321736666,0.1187424659999999,-6.315166810000001,6,-0.1011762738285637,-0.0352672555253454,-0.0659090183032183,76,False,False,False,False,False,False,False,False,False,False,False,False,False,False,True,False,alto,normal,0.14451721
Biobío,Portezuelo,2018,13,93.264,7.174153846153846,67.307,0,17.189889576923076,0.0772577844,-0.1700773963076923,6.670465361538461,12,-0.5539256076466452,0.4876680495650374,-1.0415936572116826,77,False,False,False,False,False,True,False,False,False,False,False,False,False,False,False,False,alto,normal,0.23474205
Biobío,Cabrero,2018,40,91.964,2.2991,21.15,0,18.700861462500008,0.0823236182601,0.22862095835,3.0723389212499987,37,0.0710674694338009,0.342770417863284,-0.271702948429483,78,False,False,False,False,False,True,False,False,False,False,False,False,False,False,False,False,alto,alto,0.2579901
Biobío,Quilaco,2018,11,91.42,8.31090909090909,70.3,0,14.267546272727271,0.9804465605258182,-0.0249887817272727,33.45252137272728,8,-0.3264870476008951,1.5661894835738586,-1.8926765311747535,79,False,False,False,False,False,True,False,False,False,False,False,False,False,False,False,False,alto,bajo,0.10266327
Maule,San Clemente,2018,40,87.29999999999998,2.1825,50.0,0,16.950256675,0.46006159804095,0.0626278272,-1.5673185024999998,35,-0.1891406718832802,0.1559300208496268,-0.3450706927329071,80,False,False,False,False,False,False,False,False,False,False,True,False,False,False,False,False,alto,normal,0.10166457
Metropolitana,Cerrillos,2018,3,86.0,28.666666666666668,82.2,0,21.291294,0.0844355666666666,0.9137344,-6.172731966666667,1,1.145040193534048,-0.0295313616335355,1.1745715551675835,81,False,False,False,False,False,False,False,False,False,False,False,True,False,False,False,False,alto,alto,0.32283792
Biobío,Tucapel,2018,21,85.8633,4.088728571428571,26.0,0,18.361797,0.3951306781167619,0.2051231767619047,-1.507761093333334,21,0.0342327279613493,0.1583284155924893,-0.1240956876311399,82,False,False,False,False,False,True,False,False,False,False,False,False,False,False,False,False,alto,normal,0.2010341
Maule,Río Claro,2018,31,85.84,2.769032258064516,23.0,0,17.098601258064516,0.0406323417629677,-0.0333664793548386,2.2915091032258066,24,-0.3396197905829859,0.3113261667310903,-0.6509459573140763,83,False,False,False,False,False,False,False,False,False,False,True,False,False,False,False,False,alto,alto,0.111792415
Biobío,Curanilahue,2018,206,83.41130000000003,0.404909223300971,21.0,0,15.304276344660192,0.4591550467186989,0.0822557445902914,9.566683263398076,174,-0.1583722667892304,0.6042996137515466,-0.7626718805407771,84,False,False,False,False,False,True,False,False,False,False,False,False,False,False,False,False,alto,normal,0.09950934
Biobío,Yumbel,2018,32,83.31,2.6034375,56.1,0,17.990556156249998,0.1564987100333749,0.0656827129374999,5.524864428125,31,-0.1843518825268543,0.4415343561327353,-0.6258862386595896,85,False,False,False,False,False,True,False,False,False,False,False,False,False,False,False,False,alto,normal,0.23475853
Maule,Molina,2018,33,80.688,2.445090909090909,20.0,0,18.48850784848485,0.1091355662404848,0.0425698093939393,0.5427141636363634,28,-0.22058329541632,0.2409016696258117,-0.4614849650421317,86,False,False,False,False,False,False,False,False,False,False,True,False,False,False,False,False,alto,catastrofico,0.3464835
Valparaíso,Valparaíso,2018,136,80.48999999999998,0.5918382352941175,23.7,0,16.03986885661764,0.0662592094527205,0.250257542444853,-0.5433355749999998,95,0.1049846278895015,0.1971661206810389,-0.0921814927915374,87,False,False,False,False,False,False,False,False,False,False,False,False,False,False,True,False,alto,alto,0.13841748
Aysén,Chile Chico,2018,5,72.06400000000001,14.4128,41.0,0,5.83776254,3.371575856,0.009633226,2.102369630000001,2,-0.2722141495781551,0.3037094633754574,-0.5759236129536126,88,False,False,False,False,True,False,False,False,False,False,False,False,False,False,False,False,alto,bajo,0.04151713
O'Higgins,Coltauco,2018,32,72.03,2.2509375,29.2,0,19.6024708125,0.6033460104648751,-0.3152161864375,-2.3248041978125,28,-0.7814428220701722,0.1254258445456007,-0.906868666615773,89,False,False,False,False,False,False,False,False,False,False,False,False,True,False,False,False,alto,bajo,0.10890744
Maule,San Rafael,2018,18,70.05999999999999,3.892222222222221,20.0,0,19.36873322222222,0.0232236662482222,-0.0459273666666666,-5.096544277777777,15,-0.3593100338964309,0.0138070396078844,-0.3731170735043154,90,False,False,False,False,False,False,False,False,False,False,True,False,False,False,False,False,alto,catastrofico,0.3277372
O'Higgins,Requínoa,2018,6,69.55,11.591666666666669,52.0,0,17.50284483333333,2.5982792434140003,-0.3304686566666666,-13.02740435,4,-0.8053523471290083,-0.3055710758901546,-0.4997812712388536,91,False,False,False,False,False,False,False,False,False,False,False,False,True,False,False,False,alto,bajo,0.10223139
Biobío,Lebu,2018,127,69.20299999999999,0.5449055118110235,9.2,0,14.110940503937009,0.364069654868819,-0.0410758205826772,8.390410191023623,104,-0.3517048289082302,0.5569307440772671,-0.9086355729854972,92,False,False,False,False,False,True,False,False,False,False,False,False,False,False,False,False,alto,normal,0.16986988
Biobío,Alto Biobío,2018,4,68.0,17.0,51.0,0,13.29392975,0.000116415325,-0.2909312385,21.2081841575,4,-0.7433741313899016,1.0731063488683872,-1.8164804802582888,93,False,False,False,False,False,True,False,False,False,False,False,False,False,False,False,False,alto,bajo,0.044464413
Metropolitana,Isla de Maipo,2018,12,66.50999999999999,5.5425,28.8,0,20.19595533333333,0.096111250871,0.3272322083333334,-3.29114093,8,0.2256488662262382,0.086511174301507,0.1391376919247312,94,False,False,False,False,False,False,False,False,False,False,False,True,False,False,False,False,alto,bajo,0.19701482
Valparaíso,Viña del Mar,2018,49,65.74,1.3416326530612244,34.300000000000004,0,15.164337867346935,0.068034079653551,0.2342862368571427,-1.7710936799999994,25,0.0799482681763411,0.1477239332900726,-0.0677756651137314,95,False,False,False,False,False,False,False,False,False,False,False,False,False,False,True,False,alto,alto,0.21157792
Valparaíso,Quintero,2018,14,62.44,4.46,47.0,0,15.314947071428572,0.3096978073928572,0.2837587788571428,-1.075067852857143,6,0.1575006229687716,0.1757531022561772,-0.0182524792874055,96,False,False,False,False,False,False,False,False,False,False,False,False,False,False,True,False,alto,normal,0.12358742
Biobío,Yungay,2018,14,61.9664,4.426171428571428,37.8,0,17.860038857142857,0.1858975552834285,0.1387878830714285,4.671598869285714,14,-0.0697534030028505,0.4071730959768598,-0.4769264989797104,97,False,False,False,False,False,True,False,False,False,False,False,False,False,False,False,False,alto,normal,0.30032122
O'Higgins,Pichidegua,2018,8,61.7,7.7125,43.0,0,19.727173625,0.0002244487355,0.2057640537499999,0.7536109337500001,7,0.0352373563380166,0.249394545857411,-0.2141571895193944,98,False,False,False,False,False,False,False,False,False,False,False,False,True,False,False,False,alto,normal,0.11379467
Atacama,Vallenar,2018,13,61.41000000000002,4.723846153846155,26.5,0,18.94222353846154,0.0058559412910769,0.126066133076923,-0.7384198229230768,10,-0.0896958120497616,0.1893100194640662,-0.2790058315138279,99,False,False,False,True,False,False,False,False,False,False,False,False,False,False,False,False,alto,bajo,0.11773285
O'Higgins,Marchigue,2018,12,61.290000000000006,5.107500000000001,27.87,0,17.946421583333333,0.0035396466236666,-0.0398364058333333,-2.902419566666667,11,-0.3497619424404984,0.1021651002748147,-0.4519270427153131,100,False,False,False,False,False,False,False,False,False,False,False,False,True,False,False,False,alto,catastrofico,0.35091302
Biobío,Los Alamos,2018,153,60.8004,0.3973882352941176,10.98,0,14.339959777777771,0.2527000767464837,-0.0728581697712418,8.797485753921562,140,-0.4015263242421161,0.5733237991759201,-0.9748501234180362,101,False,False,False,False,False,True,False,False,False,False,False,False,False,False,False,False,alto,normal,0.12920429
Maule,Talca,2018,91,58.28999999999999,0.6405494505494504,12.5,0,18.868980620879128,0.229849023708022,-0.0201017882417581,2.2007447681318717,76,-0.3188262758407352,0.3076710597146062,-0.6264973355553414,102,False,False,False,False,False,False,False,False,False,False,True,False,False,False,False,False,alto,alto,0.2333515
Biobío,Concepción,2018,24,53.7,2.2375000000000003,22.12,0,16.66616739166667,0.31662537271025,-0.0685743472083333,9.973482816666666,22,-0.3948110734416518,0.6206815538595835,-1.0154926273012352,103,False,False,False,False,False,True,False,False,False,False,False,False,False,False,False,False,alto,normal,0.11594642
Biobío,Quillón,2018,36,51.96,1.4433333333333334,8.3,0,17.360835694444443,0.6587332379676668,-0.2324591594444444,14.776638673611108,28,-0.6517142482092984,0.81410608185084,-1.4658203300601382,104,False,False,False,False,False,True,False,False,False,False,False,False,False,False,False,False,alto,normal,0.09558698
Maule,Maule,2018,61,50.48,0.8275409836065575,8.0,0,18.537964647540985,0.1559913689554098,-0.0988938995081966,3.6321102852459055,52,-0.4423395120876112,0.3653125787026803,-0.8076520907902915,105,False,False,False,False,False,False,False,False,False,False,True,False,False,False,False,False,alto,catastrofico,0.393215
Valparaíso,Nogales,2018,28,50.150000000000006,1.7910714285714289,11.7,0,17.685965892857148,0.0802978263914285,0.4502236107142859,-3.803035436785716,19,0.4184481946671783,0.0658970288718536,0.3525511657953247,106,False,False,False,False,False,False,False,False,False,False,False,False,False,False,True,False,alto,catastrofico,0.44956544
Biobío,Quilleco,2018,13,49.98,3.844615384615385,31.0,0,17.879432846153847,0.6167222786719999,-0.0299332683076922,11.29799324846154,12,-0.3342379446045525,0.6740199864900827,-1.0082579310946351,107,False,False,False,False,False,True,False,False,False,False,False,False,False,False,False,False,alto,alto,0.14424904
O'Higgins,Santa Cruz,2018,10,49.95,4.995,18.1,0,18.9153564,0.0001527369052,-0.168714144,1.35573479,9,-0.5517885954300958,0.2736422542716705,-0.8254308497017664,108,False,False,False,False,False,False,False,False,False,False,False,False,True,False,False,False,alto,bajo,0.25044107
Biobío,Nacimiento,2018,33,49.825,1.509848484848485,39.5,0,18.10563178787879,0.4953074820647273,0.2705627734545454,5.286224342424241,29,0.1368147788327444,0.4319242482554892,-0.2951094694227448,109,False,False,False,False,False,True,False,False,False,False,False,False,False,False,False,False,alto,alto,0.137029
Biobío,Negrete,2018,22,48.87,2.221363636363636,18.7,0,19.793726,0.005619219392909,0.1354286023181818,0.4467844618181823,21,-0.0750193570511218,0.2370385517409951,-0.312057908792117,110,False,False,False,False,False,True,False,False,False,False,False,False,False,False,False,False,alto,normal,0.12560879
O'Higgins,Paredones,2018,13,47.05000000000001,3.61923076923077,22.0,0,17.621253615384614,0.0039708727603076,0.3690603002307692,-6.735152776923075,11,0.2912179049693926,-0.052180216469054,0.3433981214384466,111,False,False,False,False,False,False,False,False,False,False,False,False,True,False,False,False,alto,catastrofico,0.296909
O'Higgins,Peralillo,2018,6,46.1,7.683333333333334,25.0,0,20.671940666666668,0.0280501939166666,-0.101587295,-3.5737389500000005,6,-0.4465616351953478,0.075130867216378,-0.5216925024117258,112,False,False,False,False,False,False,False,False,False,False,False,False,True,False,False,False,alto,bajo,0.21274517
Biobío,Coronel,2018,62,45.285,0.7304032258064517,7.0,0,16.312928370967743,0.0687084321785161,0.1273559926677419,3.181333958064516,60,-0.0876738490663434,0.3471596807098678,-0.4348335297762112,113,False,False,False,False,False,True,False,False,False,False,False,False,False,False,False,False,alto,normal,0.12777378
Biobío,Arauco,2018,38,45.2413,1.1905605263157897,19.18,0,15.26906259210526,0.2923562425849474,-0.0083209833710526,9.031803521052632,31,-0.3003588771153302,0.5827598459870525,-0.8831187231023827,114,False,False,False,False,False,True,False,False,False,False,False,False,False,False,False,False,alto,normal,0.13152808
Biobío,Santa Juana,2018,18,44.94999999999999,2.497222222222222,8.2,0,14.760887277777776,0.123205489887111,-0.2838432438888889,25.91903543333333,12,-0.7322631059477943,1.262813743673754,-1.9950768496215483,115,False,False,False,False,False,True,False,False,False,False,False,False,False,False,False,False,alto,bajo,0.091748
O'Higgins,Chimbarongo,2018,7,44.2,6.314285714285714,24.4,0,21.60881314285714,6.386212e-06,-0.1288046157142857,-3.9031270857142855,7,-0.4892270659010037,0.0618663081277237,-0.5510933740287274,116,False,False,False,False,False,False,False,False,False,False,False,False,True,False,False,False,alto,bajo,0.21367252
Araucanía,Cunco,2018,7,43.27,6.181428571428571,35.0,0,15.220213714285714,0.02991488,-0.5549977214285714,46.952457471428566,6,-1.1573204689940182,2.109835962175651,-3.2671564311696693,117,False,True,False,False,False,False,False,False,False,False,False,False,False,False,False,False,alto,bajo,0.059763763
Valparaíso,Zapallar,2018,9,41.05,4.561111111111112,28.2,0,18.025078333333333,0.0787575867666666,0.41629801,-3.320333198111111,6,0.3652669729878753,0.0853355929028267,0.2799313800850485,118,False,False,False,False,False,False,False,False,False,False,False,False,False,False,True,False,alto,alto,0.2656887
Metropolitana,Maipú,2018,7,40.2,5.742857142857142,16.0,0,21.91628485714286,0.0178726119262857,0.1077553825714286,-3.592696505714286,6,-0.1183994476890579,0.074367440757792,-0.1927668884468499,119,False,False,False,False,False,False,False,False,False,False,False,True,False,False,False,False,alto,normal,0.13728406
Metropolitana,Huechuraba,2018,8,39.07999999999999,4.884999999999999,35.26,0,18.207630875,0.101190293371,0.4208554085,-4.6803642045,5,0.3724110769921225,0.0305667360721859,0.3418443409199366,120,False,False,False,False,False,False,False,False,False,False,False,True,False,False,False,False,alto,alto,0.23577644
Los Ríos,Los Lagos,2018,19,38.95,2.05,18.9,0,16.05438644736842,0.0699555112374737,-0.1095358087368421,42.80859827894736,17,-0.4590215964682512,1.9429615087454013,-2.4019831052136524,121,False,False,False,False,False,False,False,False,True,False,False,False,False,False,False,False,alto,bajo,0.014784862
Los Lagos,Puerto Montt,2018,49,36.199,0.7387551020408163,12.39,0,14.632633491836732,0.7354218044258777,0.0604726458979591,-6.031393922448983,45,-0.1925190991526508,-0.023839636171309,-0.1686794629813418,122,False,False,False,False,False,False,False,True,False,False,False,False,False,False,False,False,alto,normal,0.031480882
O'Higgins,San Fernando,2018,18,36.05,2.0027777777777778,9.0,0,16.97504023888889,0.2861701228046667,-0.046381871111111,2.166035633333333,10,-0.360022507695135,0.306273312438576,-0.666295820133711,123,False,False,False,False,False,False,False,False,False,False,False,False,True,False,False,False,alto,normal,0.13127859
Metropolitana,Quilicura,2018,8,35.22,4.4025,21.11,0,19.729499625,0.06534159299225,-0.27801371025,-5.221366505000001,8,-0.7231248235236261,0.0087804110531668,-0.7319052345767929,124,False,False,False,False,False,False,False,False,False,False,False,True,False,False,False,False,alto,normal,0.23521674
O'Higgins,Lolol,2018,17,35.04,2.061176470588235,18.0,0,19.23607076470588,0.0224981776687058,0.33644553,-1.9967504411764712,15,0.2400915199049215,0.1386366677882695,0.101454852116652,125,False,False,False,False,False,False,False,False,False,False,False,False,True,False,False,False,alto,catastrofico,0.42336857
Araucanía,Purén,2018,17,33.76,1.9858823529411764,12.0,0,15.834817852941176,0.0450510853569411,0.0660751611764706,2.345083382352941,15,-0.1837366870297983,0.3134836190314681,-0.4972203060612664,126,False,True,False,False,False,False,False,False,False,False,False,False,False,False,False,False,normal,alto,0.17971915
Biobío,Pemuco,2018,14,33.7209,2.4086357142857144,13.5,0,19.36416757142857,0.1105610285714285,0.0785677790714285,5.800534872857143,13,-0.164153461747458,0.4526356876825665,-0.6167891494300246,127,False,False,False,False,False,True,False,False,False,False,False,False,False,False,False,False,normal,alto,0.2485544
Araucanía,Pitrufquén,2018,11,33.66,3.06,16.3,0,17.10895890909091,0.0045263970116363,0.0252123736363636,11.28160604545454,11,-0.2477925303118775,0.6733600689064918,-0.9211525992183692,128,False,True,False,False,False,False,False,False,False,False,False,False,False,False,False,False,normal,bajo,0.055672113
O'Higgins,Pichilemu,2018,14,33.553,2.396642857142857,20.0,0,16.564068785714287,0.014275578812,0.1215648710714285,-1.7666520271428574,11,-0.0967519173953045,0.1479027999837593,-0.2446547173790639,129,False,False,False,False,False,False,False,False,False,False,False,False,True,False,False,False,normal,bajo,0.22342268
Valparaíso,Olmué,2018,20,33.45,1.6725,10.0,0,17.0535066,0.1626036233484,0.4778483461,-7.777853789999997,12,0.461752282006776,-0.0941700992247453,0.5559223812315213,130,False,False,False,False,False,False,False,False,False,False,False,False,False,False,True,False,normal,catastrofico,0.38905978
Metropolitana,Vitacura,2018,3,32.9,10.966666666666669,26.0,0,15.000074333333332,1.7902401,0.03031349,7.1199619,2,-0.239796102999325,0.5057694100819824,-0.7455655130813075,131,False,False,False,False,False,False,False,False,False,False,False,True,False,False,False,False,normal,bajo,0.03124614
Valparaíso,El Tabo,2018,12,32.32,2.6933333333333334,21.5,0,14.257845083333336,1.451383703248667,0.0052100025,-3.0186098791666662,7,-0.2791479230276418,0.0974860815167671,-0.376634004544409,132,False,False,False,False,False,False,False,False,False,False,False,False,False,False,True,False,normal,bajo,0.08313683
O'Higgins,Codegua,2018,7,32.04,4.577142857142857,16.5,0,14.4593948,0.6443341729217142,0.965024,-16.590324242857143,2,1.2254409389892105,-0.4490509293598611,1.6744918683490717,133,False,False,False,False,False,False,False,False,False,False,False,False,True,False,False,False,normal,alto,0.17746837
Metropolitana,Calera de Tango,2018,1,30.0,30.0,30.0,0,22.151861,0.0,-0.088293076,-2.1892262,1,-0.4257218330162668,0.1308856112102546,-0.5566074442265215,134,False,False,False,False,False,False,False,False,False,False,False,True,False,False,False,False,normal,bajo,0.019433808
Valparaíso,Hijuelas,2018,10,28.72,2.872,19.5,0,17.409983500000003,0.00010877847679999998,0.2306578609999999,-9.277138027,6,0.0742604850057607,-0.1545467254479345,0.2288072104536953,135,False,False,False,False,False,False,False,False,False,False,False,False,False,False,True,False,normal,normal,0.06673524
Biobío,Florida,2018,31,28.2716,0.9119870967741934,11.3526,0,16.419797596774192,0.4287762871904517,-0.2446497343225807,11.116890370967743,23,-0.6708239957551777,0.6667269192567032,-1.337550915011881,136,False,False,False,False,False,True,False,False,False,False,False,False,False,False,False,False,normal,normal,0.10665476
Metropolitana,Renca,2018,8,28.1,3.5125,12.0,0,21.446662625,0.002112472492,0.643996692125,-4.8792942125000005,4,0.72220373564557,0.0225557649426388,0.6996479707029313,137,False,False,False,False,False,False,False,False,False,False,False,True,False,False,False,False,normal,alto,0.114149235
Metropolitana,Peñaflor,2018,12,27.52,2.293333333333333,12.0,0,20.188343083333333,0.050681330007,0.1274394951666667,-1.7110934966666662,9,-0.0875429519027679,0.1501401586815222,-0.2376831105842901,138,False,False,False,False,False,False,False,False,False,False,False,True,False,False,False,False,normal,normal,0.17568141
Biobío,Ránquil,2018,11,27.279000000000003,2.479909090909091,9.7,0,17.81550236363636,0.2272980121712726,0.2020757677727273,0.8790760727272726,9,0.0294556590343812,0.2544470646614697,-0.2249914056270885,139,False,False,False,False,False,True,False,False,False,False,False,False,False,False,False,False,normal,normal,0.2253383
O'Higgins,Coinco,2018,8,27.15,3.39375,12.0,0,19.0719833125,0.2340176132125,-0.04790055625,0.749946475,6,-0.3624031738979978,0.249246977003688,-0.6116501509016858,140,False,False,False,False,False,False,False,False,False,False,False,False,True,False,False,False,normal,catastrofico,0.30348533
Maule,Retiro,2018,20,27.130000000000003,1.3565,5.0,0,18.15142835,0.2356778930717999,-0.0331918227999999,11.60479085,15,-0.3393460017991456,0.686374817987093,-1.0257208197862386,141,False,False,False,False,False,False,False,False,False,False,True,False,False,False,False,False,normal,normal,0.2491767
Valparaíso,Quillota,2018,32,26.14999999999999,0.8171874999999997,5.0,0,17.068065374999996,0.4959148063765001,0.310974057790625,-5.775163548124999,18,0.2001628530119412,-0.0135211620916092,0.2136840151035504,142,False,False,False,False,False,False,False,False,False,False,False,False,False,False,True,False,normal,alto,0.120820895
Biobío,Coelemu,2018,42,26.013000000000005,0.6193571428571429,7.0,0,16.769642049999998,0.1647228255099523,-0.0902073406190475,7.789623359523812,34,-0.4287226031991083,0.5327368780509959,-0.9614594812501044,143,False,False,False,False,False,True,False,False,False,False,False,False,False,False,False,False,normal,normal,0.16574487
Coquimbo,Coquimbo,2018,13,25.26000000000001,1.943076923076924,11.5,0,17.850265,0.0129205961846153,-0.0052502661538461,-0.1651607523076923,10,-0.2955452705879757,0.2123953342972654,-0.5079406048852413,144,False,False,False,False,False,False,True,False,False,False,False,False,False,False,False,False,normal,alto,0.14366914
Valparaíso,Catemu,2018,8,23.4,2.925,7.5,0,17.7440905,0.00023306347949999997,0.3486918155,-8.2161735,2,0.2592885985184563,-0.1118213655049008,0.3711099640233571,145,False,False,False,False,False,False,False,False,False,False,False,False,False,False,True,False,normal,alto,0.092925794
Maule,Villa Alegre,2018,13,23.246,1.788153846153846,8.0,0,19.51027176923077,0.0070680217141538,-0.0062110607692307,2.1304190769230766,13,-0.2970513966506907,0.3048390230218861,-0.6018904196725768,146,False,False,False,False,False,False,False,False,False,False,True,False,False,False,False,False,normal,alto,0.11479954
Araucanía,Teodoro Schmidt,2018,4,22.8,5.7,19.0,0,15.466659,0.002860091575,0.0589098975,-6.996843825,4,-0.1949688382060803,-0.0627185935197661,-0.1322502446863142,147,False,True,False,False,False,False,False,False,False,False,False,False,False,False,False,False,normal,bajo,0.079111926
Valparaíso,Puchuncavi,2018,9,22.72,2.5244444444444447,21.0,0,16.224582,0.0116573648713333,0.3221380433333334,-7.587834452222223,6,0.2176633357586269,-0.0865179634595197,0.3041812992181467,148,False,False,False,False,False,False,False,False,False,False,False,False,False,False,True,False,normal,alto,0.119809054
Araucanía,Freire,2018,10,22.53,2.253,12.0,0,15.0568273,0.2865147008052,0.049565313,16.3492288,8,-0.2096172573742696,0.8774347582419463,-1.0870520156162158,149,False,True,False,False,False,False,False,False,False,False,False,False,False,False,False,False,normal,bajo,0.19972515
Maule,Sagrada Familia,2018,19,21.8,1.1473684210526316,4.0,0,17.750996421052633,0.0398495267115789,-0.1726551525263158,3.3589893736842087,15,-0.5579664565044842,0.3543139176188466,-0.9122803741233309,150,False,False,False,False,False,False,False,False,False,False,True,False,False,False,False,False,normal,alto,0.27679092
Araucanía,Padre Las Casas,2018,25,21.730000000000004,0.8692000000000002,4.1,0,14.824733879999998,0.3229115451961599,-0.1200494216,15.316507272,19,-0.4755025655462881,0.8358467523455723,-1.3113493178918605,151,False,True,False,False,False,False,False,False,False,False,False,False,False,False,False,False,normal,bajo,0.27436134
Valparaíso,Calera,2018,19,20.510000000000005,1.0794736842105266,8.9,0,17.643739,0.0011312137930526,0.3592280305263157,-5.691450238947369,12,0.2758049983810341,-0.0101500020050885,0.2859550003861226,152,False,False,False,False,False,False,False,False,False,False,False,False,False,False,True,False,normal,bajo,0.096576266
Los Lagos,San Juan de la Costa,2018,13,20.18,1.5523076923076924,7.75,0,15.67787730769231,0.9045853661307692,0.0788186134615385,18.96824436923077,13,-0.1637602578240382,0.982903301293239,-1.1466635591172771,153,False,False,False,False,False,False,False,True,False,False,False,False,False,False,False,False,normal,bajo,0.049616747
O'Higgins,Rengo,2018,19,20.0,1.0526315789473684,4.0,0,15.934821852631575,0.5297731935517893,-0.176447567368421,-8.063296757894738,16,-0.5639113845284985,-0.1056649732154858,-0.4582464113130127,154,False,False,False,False,False,False,False,False,False,False,False,False,True,False,False,False,normal,normal,0.106052876
Coquimbo,Illapel,2018,2,19.7,9.85,10.0,0,16.000303000000002,0.014617108,-0.064263345,-0.8867608,1,-0.3880532162696549,0.1833362837937191,-0.5713895000633741,155,False,False,False,False,False,False,True,False,False,False,False,False,False,False,False,False,normal,normal,0.050459262
Metropolitana,El Monte,2018,6,17.58,2.93,10.0,0,19.929339666666667,0.2534451683333333,-0.3293247266666667,1.2568120633333333,5,-0.8035591410063533,0.2696586063778709,-1.0732177473842242,156,False,False,False,False,False,False,False,False,False,False,False,True,False,False,False,False,normal,bajo,0.11869824
Biobío,Santa Bárbara,2018,7,17.31,2.472857142857143,7.82,0,17.008411285714285,0.0479636444977142,0.344500136142857,-11.517067785714286,7,0.2527177899135284,-0.2447493691298946,0.4974671590434231,157,False,False,False,False,False,True,False,False,False,False,False,False,False,False,False,False,normal,alto,0.15895776
Los Lagos,Ancud,2018,9,17.2,1.911111111111111,6.6,0,15.37614605555556,0.3525908114426667,0.0418109897777777,-3.687872888888888,8,-0.2217728087446633,0.0705346592408554,-0.2923074679855187,158,False,False,False,False,False,False,False,True,False,False,False,False,False,False,False,False,normal,normal,0.031564195
Maule,Hualañé,2018,26,16.700900000000004,0.6423423076923078,4.3,0,18.125682230769232,0.127763629508,0.023202712076923,-0.1827212153846158,17,-0.2509428431919079,0.2116881691785131,-0.4626310123704211,159,False,False,False,False,False,False,False,False,False,False,True,False,False,False,False,False,normal,normal,0.26378217
O'Higgins,Rancagua,2018,5,16.6,3.3200000000000003,7.5,0,17.379576999999998,0.3320425707936,0.1436367139999999,-2.1192813,3,-0.062152454248265,0.1337023133267048,-0.1958547675749699,160,False,False,False,False,False,False,False,False,False,False,False,False,True,False,False,False,normal,normal,0.2852917
Biobío,San Fabián,2018,10,16.575,1.6575,7.36,0,17.1577771,0.0041376798935999,0.4018315290000001,-12.826472099999998,10,0.3425895519022569,-0.2974794738743092,0.6400690257765661,161,False,False,False,False,False,True,False,False,False,False,False,False,False,False,False,False,normal,normal,0.18570851
Araucanía,Curacautín,2018,5,16.38,3.276,15.0,0,16.7195516,0.6561897612,0.3083438819,-13.91060528,5,0.1960398319260983,-0.3411378424275546,0.5371776743536529,162,False,True,False,False,False,False,False,False,False,False,False,False,False,False,False,False,normal,alto,0.2658978
Metropolitana,María Pinto,2018,17,16.169999999999998,0.9511764705882352,7.0,0,18.03296120588235,0.1061015271461176,0.5776563471764707,-3.880003402941176,10,0.6182096864111369,0.0627975057734011,0.5554121806377358,163,False,False,False,False,False,False,False,False,False,False,False,True,False,False,False,False,normal,alto,0.32684398
Biobío,San Pedro de la Paz,2018,30,15.77,0.5256666666666666,4.0,0,15.847803000000004,0.0881590896693999,0.1217933670333333,5.127703753666668,27,-0.0963937308297895,0.4255405765674263,-0.5219343073972159,164,False,False,False,False,False,True,False,False,False,False,False,False,False,False,False,False,normal,alto,0.12479723
Biobío,Talcahuano,2018,24,15.710000000000004,0.6545833333333334,6.25,0,17.233625666666665,0.0157908462553333,-0.0570590899999999,6.613833592500001,23,-0.3767599429267338,0.4853874712282473,-0.8621474141549812,165,False,False,False,False,False,True,False,False,False,False,False,False,False,False,False,False,normal,normal,0.26283768
Metropolitana,Buin,2018,3,15.7,5.233333333333333,15.0,0,20.228433,0.2238713133333333,0.1111958933333333,-4.864438533333334,2,-0.1130061587961117,0.0231540076015039,-0.1361601663976156,166,False,False,False,False,False,False,False,False,False,False,False,True,False,False,False,False,normal,normal,0.11709293
Araucanía,Loncoche,2018,15,15.525,1.035,7.0,0,16.338947333333333,0.1116892859656,0.1955424673333334,3.8028989333333354,13,0.019214163183179,0.3721902888221248,-0.3529761256389457,167,False,True,False,False,False,False,False,False,False,False,False,False,False,False,False,False,normal,normal,0.15169625
Maule,Vichuquén,2018,24,15.204,0.6335,3.5,0,16.932667229166665,0.3229623316300833,0.2647126583333333,-1.7346482375,16,0.1276442332105525,0.1491916021983806,-0.0215473689878281,168,False,False,False,False,False,False,False,False,False,False,True,False,False,False,False,False,normal,alto,0.10482732
Biobío,Hualpén,2018,10,15.13,1.513,5.8,0,17.7023115,0.0027723609968,0.1113389972,2.747876107,9,-0.1127818314947189,0.3297042029482958,-0.4424860344430147,169,False,False,False,False,False,True,False,False,False,False,False,False,False,False,False,False,normal,bajo,0.10930832
Valparaíso,Los Andes,2018,4,14.769999999999998,3.6925,9.2,0,14.35711175,0.602065605,-0.1373434025,-1.84713985,3,-0.5026123296358374,0.1446615311994707,-0.6472738608353081,170,False,False,False,False,False,False,False,False,False,False,False,False,False,False,True,False,normal,normal,0.052256465
Maule,Constitución,2018,37,14.4125,0.389527027027027,6.0,0,15.452064675675675,0.2277179992560541,0.075198715081081,-0.6217582729729729,24,-0.169434751839603,0.194008015095668,-0.363442766935271,171,False,False,False,False,False,False,False,False,False,False,True,False,False,False,False,False,normal,normal,0.083544046
Metropolitana,Recoleta,2018,7,14.239999999999998,2.0342857142857143,14.0,0,18.67586657142857,0.093306549212,0.237671842,-7.547241748,5,0.085255487910996,-0.0848832830768875,0.1701387709878836,172,False,False,False,False,False,False,False,False,False,False,False,True,False,False,False,False,normal,alto,0.16120143
Metropolitana,Pirque,2018,10,14.13,1.4129999999999998,11.6,0,14.199491,0.9593578663484,0.63078303687,-5.666423630000001,4,0.7014902238870553,-0.0091421729512243,0.7106323968382796,173,False,False,False,False,False,False,False,False,False,False,False,True,False,False,False,False,normal,bajo,0.1772823
Valparaíso,Llay-Llay,2018,3,13.8,4.6,12.2,0,20.311004333333333,0.0051393483333333,-0.2728595666666666,-1.2341600133333333,3,-0.7150452716011517,0.1693464132034526,-0.8843916848046043,174,False,False,False,False,False,False,False,False,False,False,False,False,False,False,True,False,normal,bajo,0.09040763
Valparaíso,Papudo,2018,13,13.68,1.0523076923076924,8.9,0,18.28891553846153,0.0931109106153846,0.1944181726153846,-1.8240436127692303,9,0.0174517370103412,0.1455916236049206,-0.1281398865945793,175,False,False,False,False,False,False,False,False,False,False,False,False,False,False,True,False,normal,normal,0.25087
Maule,Pelarco,2018,17,13.4409,0.7906411764705882,4.3,0,17.612247705882353,0.2661787761290588,-0.2743099435294118,6.199174429411765,15,-0.7173188588577423,0.4686890222737687,-1.186007881131511,176,False,False,False,False,False,False,False,False,False,False,True,False,False,False,False,False,normal,alto,0.27886495
Maule,Curepto,2018,22,13.2536,0.6024363636363635,4.5,0,17.321168909090908,0.0728450874338181,0.2937481581818181,-1.270643381818182,12,0.1731598120507353,0.1678772170043515,0.0052825950463838,177,False,False,False,False,False,False,False,False,False,False,True,False,False,False,False,False,normal,alto,0.2521321
Maule,Yerbas Buenas,2018,7,13.03,1.861428571428572,5.4,0,20.240991571428573,1.2772424e-05,0.0812209,1.4655631142857142,7,-0.1599944723921142,0.2780650738548246,-0.4380595462469389,178,False,False,False,False,False,False,False,False,False,False,True,False,False,False,False,False,normal,normal,0.045512464
Biobío,Lota,2018,64,13.005499999999996,0.2032109374999999,2.0,0,16.016926953125004,0.5089246452089375,0.04477749920625,8.050169353124991,59,-0.2171225566575162,0.5432291434142899,-0.7603517000718061,179,False,False,False,False,False,True,False,False,False,False,False,False,False,False,False,False,normal,normal,0.090238795
O'Higgins,Graneros,2018,2,13.0,6.5,12.0,0,20.408613000000003,0.6443103649999999,-0.368086805,-3.0021448,2,-0.8643219465925034,0.0981491351966819,-0.9624710817891852,180,False,False,False,False,False,False,False,False,False,False,False,False,True,False,False,False,normal,bajo,0.078730956
Los Lagos,Castro,2018,9,12.6,1.4,2.5,0,14.892640444444444,0.3450146144444445,0.1347272655555555,-19.911732,9,-0.0761187611901727,-0.5828050166362517,0.506686255446079,181,False,False,False,False,False,False,False,True,False,False,False,False,False,False,False,False,normal,alto,0.16745606
O'Higgins,Machalí,2018,12,12.223,1.0185833333333334,4.0,0,12.306463616666669,0.9502265740618332,0.5919993388333333,-6.432163233333334,4,0.6406935276044574,-0.0399787366085995,0.680672264213057,182,False,False,False,False,False,False,False,False,False,False,False,False,True,False,False,False,normal,alto,0.13151528
Maule,Colbún,2018,10,12.2,1.22,4.5,0,18.8243802,7.6182187e-05,-0.1056971539999999,12.24361178,9,-0.4530041835348865,0.7121003285756232,-1.1651045121105097,183,False,False,False,False,False,False,False,False,False,False,True,False,False,False,False,False,normal,normal,0.09846521
Biobío,San Ignacio,2018,6,12.15,2.025,6.8,0,14.814689166666668,1.4901161333333334e-05,-0.660609245,43.433649333333335,4,-1.322875381175013,1.9681325023100276,-3.2910078834850403,184,False,False,False,False,False,True,False,False,False,False,False,False,False,False,False,False,normal,bajo,0.025413781
Valparaíso,Concón,2018,19,11.969999999999995,0.6299999999999999,3.3,0,16.038851921052633,0.0656418205465263,-0.005294594,-3.1176455963157896,14,-0.2956147582009654,0.0934978834623257,-0.3891126416632912,185,False,False,False,False,False,False,False,False,False,False,False,False,False,False,True,False,normal,catastrofico,0.29959053
Arica y Parinacota,Putre,2018,2,11.87,5.935,11.7,0,7.08125175,0.08351635,0.36007404,-10.2602255,0,0.2771311891165115,-0.1941359530521599,0.4712671421686715,186,False,False,True,False,False,False,False,False,False,False,False,False,False,False,False,False,normal,bajo,0.092704736
O'Higgins,Navidad,2018,7,11.800000000000002,1.6857142857142862,8.0,0,16.91946914285714,0.0422737957668571,-0.0761989874285714,1.096529457142857,6,-0.4067633358405506,0.2632039777189284,-0.669967313559479,187,False,False,False,False,False,False,False,False,False,False,False,False,True,False,False,False,normal,bajo,0.19796686
Maule,Rauco,2018,7,11.66,1.6657142857142857,4.1,0,20.484735142857144,0.0048979585714285,-0.03937885,-1.1830771714285715,7,-0.349044685334041,0.1714035345790987,-0.5204482199131397,188,False,False,False,False,False,False,False,False,False,False,True,False,False,False,False,False,normal,normal,0.10235293
Los Ríos,Paillaco,2018,12,11.581,0.9650833333333334,3.16,0,14.7674565,0.0731324169105,-0.0042745216666666,14.482033933333334,12,-0.2940157093486017,0.8022422605363958,-1.0962579698849977,189,False,False,False,False,False,False,False,False,True,False,False,False,False,False,False,False,normal,bajo,0.029445529
O'Higgins,Placilla,2018,4,11.45,2.8625000000000003,10.0,0,17.967333999999997,0.061432365871,-0.1334326274999999,-1.7579419500000002,3,-0.496481862147157,0.1482535574045681,-0.6447354195517252,190,False,False,False,False,False,False,False,False,False,False,False,False,True,False,False,False,normal,catastrofico,0.2885295
Maule,Pencahue,2018,14,11.22,0.8014285714285714,4.0,0,19.068635785714285,0.1547186191679999,0.1648992857142857,-5.530425935000001,11,-0.0288215915368687,-0.0036655049548608,-0.0251560865820079,191,False,False,False,False,False,False,False,False,False,False,True,False,False,False,False,False,normal,alto,0.31629956
Biobío,Penco,2018,62,11.173299999999998,0.1802145161290322,2.05,0,17.53384353225806,0.0154459403754516,0.0804368614516129,7.18645792096774,54,-0.1612235185097659,0.5084472248046477,-0.6696707433144136,192,False,False,False,False,False,True,False,False,False,False,False,False,False,False,False,False,normal,alto,0.25074005
Atacama,Freirina,2018,6,11.11,1.8516666666666663,10.0,0,18.340396166666665,0.003751367364,0.4177780066666667,-0.9462480013333332,3,0.3675869917688983,0.1809407163413774,0.1866462754275209,193,False,False,False,True,False,False,False,False,False,False,False,False,False,False,False,False,normal,bajo,0.11017887
O'Higgins,Doñihue,2018,6,10.6,1.7666666666666668,4.5,0,19.21503225,0.0139859818473333,-0.4380920716666667,4.751418316666666,5,-0.9740610676967324,0.4103874490801142,-1.3844485167768463,194,False,False,False,False,False,False,False,False,False,False,False,False,True,False,False,False,normal,catastrofico,0.32536784
Araucanía,Renaico,2018,6,10.37,1.7283333333333335,5.0,0,16.691824166666667,0.0046524218473333,0.05860297,9.516847941666668,6,-0.1954499727791846,0.6022927303877154,-0.7977427031669,195,False,True,False,False,False,False,False,False,False,False,False,False,False,False,False,False,normal,bajo,0.055392742
Araucanía,Lonquimay,2018,5,10.27,2.054,10.0,0,15.168987,1.3561269093936,-0.0208990098,4.91639388,5,-0.3200759874309128,0.4170310645317563,-0.7371070519626692,196,False,True,False,False,False,False,False,False,False,False,False,False,False,False,False,False,normal,bajo,0.09885202
Maule,Chanco,2018,10,9.84,0.984,4.9,0,13.9860352,0.3228346806734,-0.0938401205,-1.23547772,7,-0.4344172900460148,0.1692933487604859,-0.6037106388065008,197,False,False,False,False,False,False,False,False,False,False,True,False,False,False,False,False,normal,alto,0.07643014
Biobío,San Rosendo,2018,9,9.73,1.0811111111111111,4.8,0,20.140380555555552,0.0200235381615555,0.2295447512222222,5.083167011111112,9,0.0725155921638052,0.4237470685773365,-0.3512314764135312,198,False,False,False,False,False,True,False,False,False,False,False,False,False,False,False,False,normal,alto,0.12814608
Biobío,Treguaco,2018,4,9.52,2.38,4.5,0,16.826853,2.40624625,-0.3238720825,14.44592515,4,-0.7950116644087244,0.8007881489937752,-1.5957998134024995,199,False,False,False,False,False,True,False,False,False,False,False,False,False,False,False,False,normal,bajo,0.03293815
Los Ríos,La Unión,2018,10,9.485,0.9485,4.36,0,15.1428805,0.0192469914088,-0.268365859,22.3552956,7,-0.7080010083146848,1.1193008709549723,-1.8273018792696567,200,False,False,False,False,False,False,False,False,True,False,False,False,False,False,False,False,normal,bajo,0.018686267
Coquimbo,La Serena,2018,11,9.48,0.8618181818181817,4.0,0,17.973140454545455,0.00012784519218181817,0.4334712525454545,-1.074858723181818,5,0.3921874695902442,0.1757615239709713,0.2164259456192729,201,False,False,False,False,False,False,True,False,False,False,False,False,False,False,False,False,normal,normal,0.0393727
Los Lagos,Puerto Varas,2018,14,8.559999999999999,0.6114285714285713,5.5,0,14.97330735714286,2.8888479399095712,0.1744185905571428,-3.486353928571428,13,-0.0138992835917755,0.0786498882572817,-0.0925491718490572,202,False,False,False,False,False,False,False,True,False,False,False,False,False,False,False,False,normal,bajo,0.036146097
O'Higgins,Quinta de Tilcoco,2018,2,8.2,4.1,8.0,0,22.7992015,0.0,-0.46269226,0.1601519499999999,2,-1.0126239241108472,0.2254957744594247,-1.238119698570272,203,False,False,False,False,False,False,False,False,False,False,False,False,True,False,False,False,normal,bajo,0.035140667
Biobío,Cobquecura,2018,5,8.129999999999999,1.626,5.5,0,16.838261799999998,0.01186449077,-0.206135752,4.279266,5,-0.6104501014533613,0.3913737335748827,-1.001823835028244,204,False,False,False,False,False,True,False,False,False,False,False,False,False,False,False,False,normal,normal,0.1265981
Arica y Parinacota,Camarones,2018,2,8.0,4.0,6.0,0,16.9194575,2.2351742e-05,0.1502571085,1.4961934499999998,0,-0.051774431159622,0.2792985666675101,-0.3310729978271322,205,False,False,True,False,False,False,False,False,False,False,False,False,False,False,False,False,normal,bajo,0.025383927
Los Lagos,Purranque,2018,2,7.5009,3.75045,7.5,0,14.3699035,0.0,0.30122995,-21.348679,2,0.184888147610423,-0.640671303615385,0.8255594512258081,206,False,False,False,False,False,False,False,True,False,False,False,False,False,False,False,False,normal,bajo,0.008906664
Araucanía,Villarrica,2018,8,7.09,0.88625,4.0,0,14.858514625000002,0.6778951866125,-0.41843808375,61.05282600000001,6,-0.9432517948681908,2.677662034943717,-3.620913829811908,207,False,True,False,False,False,False,False,False,False,False,False,False,False,False,False,False,normal,bajo,0.035420988
Los Ríos,Valdivia,2018,11,6.719999999999999,0.6109090909090908,2.75,0,15.079207454545452,3.1968964393841817,0.0607196654545454,28.239887454545453,11,-0.1921318753004168,1.3562751511547275,-1.5484070264551444,208,False,False,False,False,False,False,False,False,True,False,False,False,False,False,False,False,bajo,bajo,0.016418831
Araucanía,Vilcún,2018,7,6.66,0.9514285714285714,4.0,0,14.411814714285716,0.1255428285714285,0.0521321914285714,3.09753252857143,7,-0.2055934603637661,0.3437849719917951,-0.5493784323555613,209,False,True,False,False,False,False,False,False,False,False,False,False,False,False,False,False,bajo,bajo,0.12789467
Maule,Empedrado,2018,9,6.497000000000001,0.721888888888889,5.4,0,18.26990288888889,0.0007999026022222221,0.2702695111111111,-2.430194611111111,9,0.1363550655375336,0.1211817409699038,0.0151733245676297,210,False,False,False,False,False,False,False,False,False,False,True,False,False,False,False,False,bajo,alto,0.14509584
Biobío,Pinto,2018,9,6.130000000000001,0.6811111111111112,3.4800000000000004,0,17.701469555555555,1.0982133411075556,-0.01779493,16.59339947222222,7,-0.315210082259644,0.8872675844983767,-1.2024776667580208,211,False,False,False,False,False,True,False,False,False,False,False,False,False,False,False,False,bajo,alto,0.17392436
Maule,Pelluhue,2018,4,5.77,1.4425,5.5,0,14.68771475,0.001855194575,-0.2486221774999999,6.576923125,4,-0.6770511332790186,0.4839010756236154,-1.160952208902634,212,False,False,False,False,False,False,False,False,False,False,True,False,False,False,False,False,bajo,bajo,0.050994374
Coquimbo,Combarbalá,2018,1,5.0,5.0,5.0,0,16.706194,0.0,0.41329384,-1.1006494,0,0.3605576847993529,0.1747229256746201,0.1858347591247328,213,False,False,False,False,False,False,True,False,False,False,False,False,False,False,False,False,bajo,bajo,0.033169538
Magallanes,Cabo de Hornos (Ex-Navarino),2018,1,5.0,5.0,5.0,0,7.43256,1.2414045,0.7246537,-19.908264,1,0.8486403535824015,-0.582665359235357,1.4313057128177586,213,False,False,False,False,False,False,False,False,False,True,False,False,False,False,False,False,bajo,bajo,0.14516522
Biobío,Ninhue,2018,6,4.91,0.8183333333333334,2.5,0,17.915031166666665,0.0198500541666666,0.0600976923333333,1.0340783666666669,6,-0.1931068702818269,0.2606890535612141,-0.4537959238430411,215,False,False,False,False,False,True,False,False,False,False,False,False,False,False,False,False,bajo,alto,0.24137242
Los Lagos,Dalcahue,2018,13,4.800000000000001,0.3692307692307693,1.11,0,13.368122076923074,1.1597957185953844,0.0901054984615384,-16.292120153846152,12,-0.146067119880543,-0.437042161191612,0.2909750413110689,216,False,False,False,False,False,False,False,True,False,False,False,False,False,False,False,False,bajo,normal,0.040655218
Los Lagos,Quemchi,2018,2,4.8,2.4,4.1,0,14.441299,4.4703484e-05,0.26175308,-28.589012,2,0.1230048461957786,-0.9322416866583848,1.0552465328541634,217,False,False,False,False,False,False,False,True,False,False,False,False,False,False,False,False,bajo,bajo,0.01705181
Metropolitana,Lo Barnechea,2018,6,4.72,0.7866666666666666,1.5,0,15.156752333333332,1.3270949830333334,0.121030495,2.3888723166666663,4,-0.0975895966615936,0.3152470125592102,-0.4128366092208038,218,False,False,False,False,False,False,False,False,False,False,False,True,False,False,False,False,bajo,bajo,0.033248715
Valparaíso,El Quisco,2018,4,4.5,1.125,3.5,0,15.77305225,0.0206548724999999,0.5556540474999999,-2.230137975,3,0.583719238138658,0.1292380817516345,0.4544811563870234,219,False,False,False,False,False,False,False,False,False,False,False,False,False,False,True,False,bajo,catastrofico,0.43529174
Los Lagos,Chonchi,2018,6,4.4,0.7333333333333334,1.7,0,16.795389333333333,0.940393009414,0.2061856583333333,-22.1129505,6,0.0358982568478142,-0.6714487463108865,0.7073470031587008,220,False,False,False,False,False,False,False,True,False,False,False,False,False,False,False,False,bajo,normal,0.10724466
Los Lagos,Llanquihue,2018,3,4.4,1.4666666666666668,2.4,0,14.0441665,0.0001794348146666667,-0.0915085433333333,20.177385,3,-0.4307623474789792,1.0315957574090335,-1.4623581048880128,220,False,False,False,False,False,False,False,True,False,False,False,False,False,False,False,False,bajo,bajo,0.008132284
Atacama,Huasco,2018,1,4.0,4.0,4.0,0,14.717977,0.032696873,-0.32753754,-0.36807638,0,-0.8007575761614818,0.2042238610664545,-1.0049814372279364,222,False,False,False,True,False,False,False,False,False,False,False,False,False,False,False,False,bajo,bajo,0.06705391
Maule,Licantén,2018,8,3.8725,0.4840624999999999,1.27,0,16.904264625,0.0045716296815,0.0720678549999999,-2.3493051,7,-0.1743426373453338,0.1244391858607435,-0.2987818232060773,223,False,False,False,False,False,False,False,False,False,False,True,False,False,False,False,False,bajo,bajo,0.07617609
Los Lagos,Río Negro,2018,4,3.5005999999999995,0.8751499999999999,1.5,0,14.666713,1.679347875,0.34523678,-18.8979131,4,0.2538725408815465,-0.5419782252429234,0.7958507661244698,224,False,False,False,False,False,False,False,True,False,False,False,False,False,False,False,False,bajo,alto,0.060450077
Valparaíso,Algarrobo,2018,12,3.23,0.2691666666666666,2.2,0,13.99696729166667,0.1967850435833333,0.0156745891666666,-7.936042434166668,5,-0.2627438066204139,-0.1005404034045018,-0.1622034032159121,225,False,False,False,False,False,False,False,False,False,False,False,False,False,False,True,False,bajo,normal,0.073007844
Valparaíso,Petorca,2018,3,3.2,1.0666666666666669,1.62,0,14.847045333333334,0.1010795293666666,0.1152162543333333,-5.795455766666667,1,-0.1067039060704352,-0.0143383358228431,-0.092365570247592,226,False,False,False,False,False,False,False,False,False,False,False,False,False,False,True,False,bajo,alto,0.11061567
O'Higgins,Pumanque,2018,5,3.2,0.6399999999999999,1.5,0,17.8045118,2.440614046,0.385128408,2.0152153200000003,3,0.3164060102129516,0.3001997331530286,0.0162062770599229,227,False,False,False,False,False,False,False,False,False,False,False,False,True,False,False,False,bajo,normal,0.113917336
Coquimbo,Vicuña,2018,4,3.0000000000000004,0.7500000000000001,1.5,0,11.7968802,1.126938964,1.0541175422000002,1.9083098249999988,1,1.3651025313611729,0.2958946167824761,1.0692079145786968,228,False,False,False,False,False,False,True,False,False,False,False,False,False,False,False,False,bajo,bajo,0.09534953
Valparaíso,Rinconada,2018,1,3.0,3.0,3.0,0,22.603546,0.0,0.035203934,-4.2816334,1,-0.2321299222685974,0.0466237452455358,-0.2787536675141333,229,False,False,False,False,False,False,False,False,False,False,False,False,False,False,True,False,bajo,bajo,0.010666223
Los Lagos,Osorno,2018,3,2.8,0.9333333333333332,1.16,0,17.438520999999998,0.002225861,0.0397822133333333,21.65049786666667,3,-0.2249530858085361,1.0909184546937538,-1.3158715405022898,230,False,False,False,False,False,False,False,True,False,False,False,False,False,False,False,False,bajo,bajo,0.01611914
O'Higgins,Chépica,2018,4,2.64,0.66,1.2,0,18.47346525,0.000783242275,0.0101170625,0.3147853750000002,2,-0.2714556953246921,0.2317229088962664,-0.5031786042209585,231,False,False,False,False,False,False,False,False,False,False,False,False,True,False,False,False,bajo,bajo,0.23119426
Metropolitana,La Florida,2018,3,2.61,0.87,2.0,0,12.45085,0.1052493849999999,0.8405474133333333,5.046703233333333,0,1.03031345973973,0.4222786613018891,0.6080347984378409,232,False,False,False,False,False,False,False,False,False,False,False,True,False,False,False,False,bajo,bajo,0.31473312
Coquimbo,Monte Patria,2018,3,2.6,0.8666666666666666,1.3,0,15.648682666666666,1.618635467828,1.1611153566666668,-4.5148841,0,1.532830570675053,0.0372306695480441,1.4955999011270087,233,False,False,False,False,False,False,True,False,False,False,False,False,False,False,False,False,bajo,bajo,0.0924175
Biobío,Chiguayante,2018,5,2.53,0.506,1.24,0,15.79077,0.0097226352968,-0.14148006,18.1993376,4,-0.5090968868695199,0.9519391949145724,-1.4610360817840924,234,False,False,False,False,False,True,False,False,False,False,False,False,False,False,False,False,bajo,bajo,0.06259337
Biobío,Antuco,2018,2,2.4000000000000004,1.2000000000000002,2.2,0,11.451096,4.7026115,0.5071063069999999,-7.921779000000001,2,0.5076165871847845,-0.0999660106295446,0.6075825978143292,235,False,False,False,False,False,True,False,False,False,False,False,False,False,False,False,False,bajo,catastrofico,0.2784255
Araucanía,Saavedra,2018,2,2.3,1.15,2.0,0,15.2361875,0.0014016405,0.2553482,-4.0153046,2,0.1129646601434238,0.0573488859581774,0.0556157741852463,236,False,True,False,False,False,False,False,False,False,False,False,False,False,False,False,False,bajo,bajo,0.057437617
Aysén,Coihaique,2018,13,2.1429999999999985,0.1648461538461537,1.52,0,9.367274061538463,0.8830457636910769,0.2238990361538461,-23.44445192307692,9,0.0636654607507141,-0.7250687082586088,0.7887341690093229,237,False,False,False,False,True,False,False,False,False,False,False,False,False,False,False,False,bajo,normal,0.18026991
Araucanía,Toltén,2018,3,2.11,0.7033333333333333,1.5,0,17.170401333333334,1.2632458433333331,0.09479332,-5.6677386,3,-0.1387185668356163,-0.0091951271878029,-0.1295234396478133,238,False,True,False,False,False,False,False,False,False,False,False,False,False,False,False,False,bajo,bajo,0.11491641
O'Higgins,Peumo,2018,7,2.11,0.3014285714285714,1.0,0,16.45110042857143,0.0009004558857142855,-0.0031003971428571,-8.334644304285714,4,-0.2921751707799353,-0.116592220351632,-0.1755829504283033,238,False,False,False,False,False,False,False,False,False,False,False,False,True,False,False,False,bajo,bajo,0.10445931
Tarapacá,Pozo Almonte,2018,2,2.0,1.0,1.0,0,12.060657,2.2351742e-05,0.0042920149999999,5.6886123500000005,0,-0.2805869453502671,0.4481285340943827,-0.7287154794446499,240,False,False,False,False,False,False,False,False,False,False,False,False,False,True,False,False,bajo,bajo,0.011598233
O'Higgins,Nancagua,2018,2,2.0,1.0,1.5,0,20.1600915,0.0016624108,0.2516575,-3.3819482,2,0.1071791786568968,0.082854338283469,0.0243248403734278,240,False,False,False,False,False,False,False,False,False,False,False,False,True,False,False,False,bajo,bajo,0.19102058
Los Ríos,Máfil,2018,2,1.7999999999999998,0.8999999999999999,1.2,0,14.76631,0.057216733742,-0.224919313,59.66937250000001,2,-0.6398949071586607,2.6219499472652665,-3.261844854423927,242,False,False,False,False,False,False,False,False,True,False,False,False,False,False,False,False,bajo,bajo,0.0073605343
Metropolitana,San José de Maipo,2018,8,1.7700000000000002,0.22125,1.0,0,6.74263457,2.8338463765250004,-0.7318598475,7.130765449999999,4,-1.4345666705422426,0.5062044722830888,-1.9407711428253316,243,False,False,False,False,False,False,False,False,False,False,False,True,False,False,False,False,bajo,bajo,0.015566097
Los Ríos,Corral,2018,2,1.7000000000000002,0.8500000000000001,1.1,0,15.908603,1.12196217985,0.496440895,-19.6040555,2,0.4908976602407953,-0.5704147916344006,1.061312451875196,244,False,False,False,False,False,False,False,False,True,False,False,False,False,False,False,False,bajo,bajo,0.05093928
Los Lagos,Fresia,2018,2,1.5,0.75,1.0,0,14.082817,0.22684036,-0.163315775,-8.213413150000001,2,-0.543326199703827,-0.111710205381902,-0.431615994321925,245,False,False,False,False,False,False,False,True,False,False,False,False,False,False,False,False,bajo,bajo,0.029793262
Aysén,Aisén,2018,4,1.4219999999999997,0.3554999999999999,1.4,0,11.387274175,3.99607913975,0.2657976175,-37.401512,4,0.1293449976109069,-1.2871237066658114,1.4164687042767183,246,False,False,False,False,True,False,False,False,False,False,False,False,False,False,False,False,bajo,bajo,0.1665232
Coquimbo,Paiguano,2018,2,1.3,0.65,1.3,0,13.595665,0.0,0.03108406,-7.059761849999999,2,-0.2385881699597735,-0.0652523212709011,-0.1733358486888723,247,False,False,False,False,False,False,True,False,False,False,False,False,False,False,False,False,bajo,bajo,0.008146255
Valparaíso,San Esteban,2018,2,1.3,0.65,1.2000000000000002,0,3.70113048,0.0,1.5130712000000002,-34.009803500000004,0,2.084550844791061,-1.15053858737431,3.235089432165372,247,False,False,False,False,False,False,False,False,False,False,False,False,False,False,True,False,bajo,bajo,0.04869016
Magallanes,Porvenir,2018,2,1.11,0.555,1.1,0,7.737800999999999,0.55423285,0.206325765,-2.70345497,1,0.0361178857870776,0.11017746430035,-0.0740595785132724,249,False,False,False,False,False,False,False,False,False,True,False,False,False,False,False,False,bajo,bajo,0.027250566
Metropolitana,Las Condes,2018,2,1.1,0.55,0.8,0,15.853797,0.23866909,-0.051816465,-3.6289278,2,-0.3685416889699499,0.0729083956623483,-0.4414500846322982,250,False,False,False,False,False,False,False,False,False,False,False,True,False,False,False,False,bajo,normal,0.13590567
Araucanía,Melipeuco,2018,4,0.9700000000000002,0.2425,0.9000000000000001,0,9.6873228,4.188404292425,0.24088191625,-5.690893175,4,0.0902875482637072,-0.0101275688727293,0.1004151171364366,251,False,True,False,False,False,False,False,False,False,False,False,False,False,False,False,False,bajo,bajo,0.057735767
Araucanía,Gorbea,2018,1,0.93,0.93,0.93,0,14.887928,0.0,-0.047729492,0.5520897,1,-0.3621350163529842,0.241279225289174,-0.6034142416421582,252,False,True,False,False,False,False,False,False,False,False,False,False,False,False,False,False,bajo,bajo,0.013190609
Los Lagos,Curaco de Vélez,2018,1,0.9,0.9,0.9,0,12.146194,0.0580512,0.3319397,-17.279129,1,0.233028253845248,-0.4767893036697144,0.7098175575149623,253,False,False,False,False,False,False,False,True,False,False,False,False,False,False,False,False,bajo,normal,0.0430437
Los Ríos,Río Bueno,2018,3,0.87,0.29,0.47,0,17.410737,0.0098080683333333,-0.0718997333333333,30.479291000000003,3,-0.4000238948201819,1.446456604070779,-1.8464804988909609,254,False,False,False,False,False,False,False,False,True,False,False,False,False,False,False,False,bajo,normal,0.026547685
Los Lagos,Quinchao,2018,1,0.8500000000000001,0.8500000000000001,0.8500000000000001,0,13.974996,0.0,-0.34662533,53.266747,1,-0.8306792863150333,2.364114296679047,-3.1947935829940803,255,False,False,False,False,False,False,False,True,False,False,False,False,False,False,False,False,bajo,bajo,0.0015982437
Valparaíso,Calle Larga,2018,1,0.8,0.8,0.8,0,21.57547,0.0,1.5984707,-9.780661,0,2.21842171649796,-0.1748237466993824,2.393245463197342,256,False,False,False,False,False,False,False,False,False,False,False,False,False,False,True,False,bajo,bajo,0.07410977
Arica y Parinacota,Arica,2018,2,0.75,0.375,0.5,0,21.235432,1.5433359875,-0.1302709515,8.5015585,2,-0.4915256701065154,0.5614067198400978,-1.0529323899466132,257,False,False,True,False,False,False,False,False,False,False,False,False,False,False,False,False,bajo,bajo,0.052753337
Los Ríos,Lanco,2018,1,0.73,0.73,0.73,0,16.573645,0.047036447,-0.65525913,144.26558,1,-1.314488627636852,6.028664614223273,-7.343153241860125,258,False,False,False,False,False,False,False,False,True,False,False,False,False,False,False,False,bajo,bajo,0.004407984
Metropolitana,La Reina,2018,1,0.7,0.7,0.7,0,17.404173,0.21704845,0.32431602,-6.440633,1,0.2210774966720274,-0.0403198166544047,0.2613973133264321,259,False,False,False,False,False,False,False,False,False,False,False,True,False,False,False,False,bajo,alto,0.21003482
Atacama,Alto del Carmen,2018,3,0.65,0.2166666666666666,0.5,0,8.1635231,0.0295421725,0.12931331,-8.279496033333334,2,-0.0846055901482419,-0.1143713829280294,0.0297657927797875,260,False,False,False,True,False,False,False,False,False,False,False,False,False,False,False,False,bajo,bajo,0.033578627
Los Lagos,Queilén,2018,1,0.5,0.5,0.5,0,12.661678,0.007059425,0.017476082,12.282707,1,-0.2599198156606066,0.7136747048191675,-0.973594520479774,261,False,False,False,False,False,False,False,True,False,False,False,False,False,False,False,False,bajo,bajo,0.007060666
Los Lagos,San Pablo,2018,1,0.5,0.5,0.5,0,14.049717,0.82566965,0.7709198,-32.676163,1,0.9211663418783352,-1.096832484156867,2.0179988260352024,261,False,False,False,False,False,False,False,True,False,False,False,False,False,False,False,False,bajo,alto,0.16160075
Araucanía,Curarrehue,2018,1,0.5,0.5,0.5,0,16.523417,2.0943692,0.18223286,9.098885,1,-0.0016497614977601,0.5854612372782784,-0.5871109987760386,261,False,True,False,False,False,False,False,False,False,False,False,False,False,False,False,False,bajo,bajo,0.06859508
Los Ríos,Lago Ranco,2018,2,0.5,0.25,0.35,0,10.9029645,0.000646337842,-0.44906806,115.127707,1,-0.9912668490658042,4.855273722993785,-5.846540572059589,261,False,False,False,False,False,False,False,False,True,False,False,False,False,False,False,False,bajo,bajo,0.0010739653
Metropolitana,Peñalolén,2018,3,0.5,0.1666666666666666,0.2,0,15.935607,0.3059177356666666,0.2383190733333333,-5.207855290666666,2,0.0862700772562422,0.0093245117096624,0.0769455655465797,261,False,False,False,False,False,False,False,False,False,False,False,True,False,False,False,False,bajo,normal,0.10411802
Valparaíso,Panquehue,2018,2,0.43,0.215,0.4,0,20.7009725,0.002616085,-0.35860633,-4.6005633,2,-0.8494605076795654,0.0337803424480587,-0.8832408501276242,266,False,False,False,False,False,False,False,False,False,False,False,False,False,False,True,False,bajo,bajo,0.06236595
Valparaíso,Putaendo,2018,1,0.3,0.3,0.3,0,17.791407,0.0,-0.101638794,9.572353,1,-0.4466423641928482,0.604527935746236,-1.0511702999390842,267,False,False,False,False,False,False,False,False,False,False,False,False,False,False,True,False,bajo,bajo,0.024076408
Magallanes,Punta Arenas,2018,5,0.275,0.055,0.2,0,7.480244280000001,6.523085444,0.1076749739999999,4.5394238799999975,2,-0.118525494862049,0.4018503694869677,-0.5203758643490168,268,False,False,False,False,False,False,False,False,False,True,False,False,False,False,False,False,bajo,bajo,0.009705911
Magallanes,Timaukel,2018,4,0.19,0.0475,0.15,0,8.610023075,3.934826800871,0.4091731375,3.963756475,3,0.3540981383650085,0.3786680703052561,-0.0245699319402475,269,False,False,False,False,False,False,False,False,False,True,False,False,False,False,False,False,bajo,bajo,0.021217333
Coquimbo,Canela,2018,1,0.15,0.15,0.15,0,17.14312,0.14646724,-0.15700722,0.567132,1,-0.5334370111598552,0.2418849832250104,-0.7753219943848656,270,False,False,False,False,False,False,True,False,False,False,False,False,False,False,False,False,bajo,normal,0.080913104
Los Lagos,Cochamó,2018,1,0.1,0.1,0.1,0,13.653931,0.0071991235,0.7934799,-59.835075,1,0.9565311888949428,-2.190530021945684,3.1470612108406266,271,False,False,False,False,False,False,False,True,False,False,False,False,False,False,False,False,bajo,bajo,0.16840191
Los Ríos,Panguipulli,2018,1,0.1,0.1,0.1,0,16.440382,3.4146757,0.84130764,-62.604015,1,1.0315051787376344,-2.3020360668227746,3.3335412455604088,271,False,False,False,False,False,False,False,False,True,False,False,False,False,False,False,False,bajo,alto,0.14147198
Araucanía,Pucón,2018,1,0.05,0.05,0.05,0,7.0799575,0.05394593,-1.1582079,84.1192,1,-2.1029029657045526,3.6065518391271834,-5.709454804831735,273,False,True,False,False,False,False,False,False,False,False,False,False,False,False,False,False,bajo,bajo,0.0018658192
Magallanes,Natales,2018,3,0.05,0.0166666666666666,0.03,0,10.572260333333334,3.446203386666667,0.7870262366666666,9.493614366666664,2,0.946414530880128,0.6013571073490775,0.3450574235310504,273,False,False,False,False,False,False,False,False,False,True,False,False,False,False,False,False,bajo,bajo,0.046230387
Tarapacá,Pica,2018,1,0.038,0.038,0.038,0,18.28724,0.0,0.097055435,-0.7314482,0,-0.1351725120349295,0.1895907688116602,-0.3247632808465898,275,False,False,False,False,False,False,False,False,False,False,False,False,False,True,False,False,bajo,bajo,0.023061192
Aysén,Tortel,2018,1,0.036,0.036,0.036,0,10.442146,0.0891611,0.8638458,-53.081604,1,1.0668356329659323,-1.918565717770753,2.985401350736685,276,False,False,False,False,True,False,False,False,False,False,False,False,False,False,False,False,bajo,catastrofico,0.3609856
Metropolitana,La Granja,2018,1,0.01,0.01,0.01,0,21.54106,0.0039804727,-0.17656898,0.66972876,1,-0.5641017090014251,0.2460165855438776,-0.8101182945453027,277,False,False,False,False,False,False,False,False,False,False,False,True,False,False,False,False,bajo,normal,0.050095603
Metropolitana,Providencia,2018,1,0.01,0.01,0.01,0,17.359314,0.0,1.239521,-24.564533,0,1.655737986055395,-0.770174709410445,2.42591269546584,277,False,False,False,False,False,False,False,False,False,False,False,True,False,False,False,False,bajo,bajo,0.06991223
Aysén,Cochrane,2019,2,15150.2,7575.1,15145.0,1,11.796024,2.060680551742,-0.05670899,-4.513923500000001,1,-0.3762111318425404,0.0372693531983611,-0.4134804850409015,1,False,False,False,False,True,False,False,False,False,False,False,False,False,False,False,False,catastrofico,normal,0.058070008
Araucanía,Galvarino,2019,106,4021.202000000003,37.93586792452833,1601.3000000000002,3,15.371722377358488,0.3297031965147171,0.0704327215660377,-23.76952283962264,72,-0.1769058460076986,-0.738159411635563,0.5612535656278643,2,False,True,False,False,False,False,False,False,False,False,False,False,False,False,False,False,catastrofico,catastrofico,0.5885032
Valparaíso,Casablanca,2019,34,4020.730000000001,118.25676470588236,2532.0,3,16.12755363235295,0.0151596306402352,0.2370928306764706,-5.109200905882353,18,0.0843478391471386,0.0132973533953188,0.0710504857518197,3,False,False,False,False,False,False,False,False,False,False,False,False,False,False,True,False,catastrofico,alto,0.12285356
Araucanía,Carahue,2019,90,3620.8325,40.23147222222223,1611.1000000000004,3,13.899450927777778,0.1570452009550888,-0.2982156815111112,-20.682929055555554,75,-0.7547931061590359,-0.6138613535326304,-0.1409317526264055,4,False,True,False,False,False,False,False,False,False,False,False,False,False,False,False,False,catastrofico,bajo,0.18282537
Araucanía,Traiguén,2019,68,3208.603,47.18533823529412,929.99,4,15.846258911764703,0.0521316848775294,-0.0280930916176471,-18.24125943970588,56,-0.3313533134581047,-0.5155345852530854,0.1841812717949806,5,False,True,False,False,False,False,False,False,False,False,False,False,False,False,False,False,catastrofico,catastrofico,0.312608
Araucanía,Cholchol,2019,73,2981.3600000000006,40.840547945205486,2349.71,2,14.92676482191781,0.5054695509664657,0.2836025947671233,-27.203756712328783,42,0.157255791321307,-0.876457040449621,1.033712831770928,6,False,True,False,False,False,False,False,False,False,False,False,False,False,False,False,False,catastrofico,catastrofico,0.5195053
O'Higgins,Paredones,2019,25,2973.686,118.94744,1282.759,3,17.627660159999998,0.0044028833359999,0.646405032,-4.224968778639999,21,0.7259790101897153,0.0489056465551748,0.6770733636345405,7,False,False,False,False,False,False,False,False,False,False,False,False,True,False,False,False,catastrofico,catastrofico,0.35527518
Biobío,Nacimiento,2019,45,2718.960000000001,60.42133333333335,2662.56,1,17.70345308888889,0.0678363370004444,0.2893842884444444,-14.346135604,35,0.1663190805973008,-0.3586767792962763,0.5249958598935772,8,False,False,False,False,False,True,False,False,False,False,False,False,False,False,False,False,catastrofico,alto,0.32844308
Araucanía,Temuco,2019,102,2501.978000000001,24.529196078431383,1616.138,2,15.673814088235291,0.6449399700779805,0.0308526692156861,-22.70205908431371,73,-0.2389508944019662,-0.695172325817833,0.4562214314158667,9,False,True,False,False,False,False,False,False,False,False,False,False,False,False,False,False,catastrofico,catastrofico,0.34097308
Biobío,Cañete,2019,177,2413.0892999999987,13.633272881355923,1752.07,1,14.199447748587566,0.1123017431023954,-0.2593236924237287,-16.500862531073455,146,-0.693826654580946,-0.4454482793750534,-0.2483783752058925,10,False,False,False,False,False,True,False,False,False,False,False,False,False,False,False,False,catastrofico,alto,0.14198604
Araucanía,Lumaco,2019,108,2008.28,18.595185185185183,704.0,3,14.032454646296296,0.1265314020753889,-0.0521824913888888,-23.09680889629629,67,-0.3691154660031676,-0.7110690192276407,0.341953553224473,11,False,True,False,False,False,False,False,False,False,False,False,False,False,False,False,False,catastrofico,catastrofico,0.45608813
Valparaíso,Santo Domingo,2019,18,1852.23,102.90166666666666,1840.0,1,16.88837761111111,0.021594576276,0.6147191783333334,-7.095620418888888,9,0.6763087796715754,-0.0666963566027439,0.7430051362743194,12,False,False,False,False,False,False,False,False,False,False,False,False,False,False,True,False,catastrofico,alto,0.23267852
Araucanía,Ercilla,2019,118,1822.5899999999997,15.445677966101693,480.5,1,15.41466290677966,0.1740019799242203,-0.3744679283220334,-10.640298284745755,107,-0.8743248920616202,-0.2094415981699383,-0.664883293891682,13,False,True,False,False,False,False,False,False,False,False,False,False,False,False,False,False,catastrofico,alto,0.12626007
Biobío,Tirúa,2019,138,1798.1889999999994,13.030355072463763,676.126,1,14.21964963405797,0.2688872795555507,-0.6362143331123185,-16.56382968550724,132,-1.2846343127891684,-0.4479839855832329,-0.8366503272059356,14,False,False,False,False,False,True,False,False,False,False,False,False,False,False,False,False,catastrofico,alto,0.25210387
Maule,Parral,2019,42,1654.2900000000004,39.38785714285715,680.0,2,18.06478008333334,0.0444590110851428,0.4422916861904762,-18.42832584761905,31,0.406014238375681,-0.5230678056463628,0.929082044022044,15,False,False,False,False,False,False,False,False,False,False,True,False,False,False,False,False,catastrofico,catastrofico,0.41239452
Araucanía,Perquenco,2019,19,1641.03,86.37,1392.7,1,14.893717184210525,0.5130842242254737,-0.3966294578947369,-14.866986231578949,17,-0.9090649465380052,-0.3796515903983873,-0.5294133561396179,16,False,True,False,False,False,False,False,False,False,False,False,False,False,False,False,False,catastrofico,alto,0.16828772
Biobío,Coihueco,2019,53,1485.1692999999996,28.022062264150936,997.0003,2,15.821513594339628,0.2198602845905282,0.2288034356603773,-30.642770169811318,37,0.0713535179072339,-1.0149471445771814,1.0863006624844154,17,False,False,False,False,False,True,False,False,False,False,False,False,False,False,False,False,catastrofico,catastrofico,0.44696924
Valparaíso,Valparaíso,2019,160,1459.4799999999998,9.12175,501.00000000000006,3,15.456158550000003,0.0370531845720749,0.1097764208887501,-4.760633527393745,88,-0.1152313007878128,0.0273342663470045,-0.1425655671348174,18,False,False,False,False,False,False,False,False,False,False,False,False,False,False,True,False,catastrofico,alto,0.13569236
Metropolitana,San José de Maipo,2019,21,1224.9,58.32857142857142,1072.29,1,13.163466309523807,0.4290374182754286,0.9970617521428572,-13.471324857142855,18,1.2756627998536634,-0.3234478879522912,1.5991106878059544,19,False,False,False,False,False,False,False,False,False,False,False,True,False,False,False,False,catastrofico,catastrofico,0.3837051
Metropolitana,Lampa,2019,41,1193.9,29.11951219512195,762.28,1,19.706373780487805,0.3717889633852195,1.220725083414634,-15.368179926829274,19,1.626273811934784,-0.3998348109357402,2.0261086228705243,20,False,False,False,False,False,False,False,False,False,False,False,True,False,False,False,False,catastrofico,catastrofico,0.7501864
Araucanía,Collipulli,2019,298,1191.0319999999997,3.996751677852348,145.2,0,15.804776020134216,0.1365940347368322,-0.0452130542617452,-18.11218784563759,226,-0.3581902893508787,-0.5103368334200602,0.1521465440691814,21,False,True,False,False,False,False,False,False,False,False,False,False,False,False,False,False,catastrofico,catastrofico,0.3578719
Maule,Pencahue,2019,25,1184.3950000000004,47.37580000000002,1100.0,1,17.763839064,0.08431777907752,0.6731696956400001,-14.293105607999996,14,0.7679348630041786,-0.3565412454407907,1.1244761084449693,22,False,False,False,False,False,False,False,False,False,False,True,False,False,False,False,False,catastrofico,alto,0.3341925
Maule,San Javier,2019,123,966.1899999999998,7.855203252032519,303.6,1,19.044594585365846,0.0040896494781951,0.4632613030731705,-10.201559827642264,96,0.4388858698424459,-0.1917734688182413,0.6306593386606872,23,False,False,False,False,False,False,False,False,False,False,True,False,False,False,False,False,catastrofico,alto,0.2908677
Araucanía,Freire,2019,21,923.705,43.985952380952384,276.095,2,17.402055952380948,0.0457743262584761,0.3953701284761904,-33.91917942857143,14,0.3324607651930862,-1.146889128817729,1.4793498940108152,24,False,True,False,False,False,False,False,False,False,False,False,False,False,False,False,False,catastrofico,catastrofico,0.4104683
Biobío,Mulchén,2019,177,881.0220999999998,4.977525988700564,84.36,0,16.704754240112997,0.260147834758373,-0.1884454652542369,-14.694179401129952,150,-0.5827190947448876,-0.3726926074694999,-0.2100264872753876,25,False,False,False,False,False,True,False,False,False,False,False,False,False,False,False,False,catastrofico,normal,0.16929643
Araucanía,Victoria,2019,100,837.4199999999997,8.374199999999997,165.9,0,13.914570660000006,0.6459328652148199,-0.26153870458,-18.637527707999983,86,-0.697298871727433,-0.5314924273543117,-0.1658064443731213,26,False,True,False,False,False,False,False,False,False,False,False,False,False,False,False,False,catastrofico,bajo,0.05615544
Biobío,Quilaco,2019,14,810.7486999999999,57.91062142857142,698.9887,1,16.16642495,0.0043235986345714,0.0219737507142857,-19.946443214285715,12,-0.2528693431001084,-0.5842028476538548,0.3313335045537464,27,False,False,False,False,False,True,False,False,False,False,False,False,False,False,False,False,catastrofico,normal,0.11895104
Maule,Longaví,2019,48,789.7899999999998,16.45395833333333,260.0,2,16.974442479166672,0.4744153434313751,0.3651799072916666,-20.621719459791677,33,0.2851350639068225,-0.6113964247396063,0.8965314886464288,28,False,False,False,False,False,False,False,False,False,False,True,False,False,False,False,False,catastrofico,catastrofico,0.31572
Araucanía,Angol,2019,105,788.1500000000002,7.506190476190478,184.08,0,15.16333719714286,0.1190916213258285,0.0941029774857142,-20.83033490952381,77,-0.1398007365692068,-0.619797431514721,0.4799966949455141,29,False,True,False,False,False,False,False,False,False,False,False,False,False,False,False,False,catastrofico,catastrofico,0.6254129
Maule,Romeral,2019,16,758.7199999999999,47.42,580.0,1,17.10199603125,0.0235919130927499,0.387606669875,-20.071410775,11,0.3202908933507243,-0.5892353288319184,0.9095262221826428,30,False,False,False,False,False,False,False,False,False,False,True,False,False,False,False,False,catastrofico,alto,0.25984338
Metropolitana,Pudahuel,2019,16,730.9060000000001,45.681625,690.456,1,21.5371385625,0.044357962948,1.0075032643750002,-5.561402131249999,11,1.292030745151414,-0.0049129256751269,1.296943670826541,31,False,False,False,False,False,False,False,False,False,False,False,True,False,False,False,False,catastrofico,catastrofico,0.53929615
Los Lagos,Ancud,2019,5,692.9,138.57999999999998,568.3,1,15.542342,0.0506248362,-0.105864902,-10.0295296,4,-0.4532671425801631,-0.1848457599174727,-0.2684213826626904,32,False,False,False,False,False,False,False,True,False,False,False,False,False,False,False,False,catastrofico,normal,0.029406622
Valparaíso,El Quisco,2019,8,665.64,83.205,659.0,1,15.582310875,0.01602759586125,0.18050837625,-9.38369801,6,-0.0043530342670021,-0.158837927946544,0.1544848936795419,33,False,False,False,False,False,False,False,False,False,False,False,False,False,False,True,False,catastrofico,bajo,0.117123134
Araucanía,Lautaro,2019,44,661.0300000000001,15.023409090909093,177.20000000000002,0,15.806651977272724,0.2363469476560909,0.2818259570454546,-25.65676817272727,34,0.1544707628315951,-0.8141593476425713,0.9686301104741664,34,False,True,False,False,False,False,False,False,False,False,False,False,False,False,False,False,catastrofico,catastrofico,0.5819414
Araucanía,Cunco,2019,7,635.58,90.79714285714286,625.85,1,16.993487285714288,8.674604628571429e-05,0.1995526674285714,-36.82149442857143,7,0.025500487839279,-1.2637662249763506,1.2892667128156297,35,False,True,False,False,False,False,False,False,False,False,False,False,False,False,False,False,catastrofico,bajo,0.1248949
Maule,Curicó,2019,89,609.595,6.849382022471911,185.0,0,18.28456252808989,0.2343579060752359,0.5476648167151685,-13.374166503370777,65,0.5711954494814296,-0.3195352918845202,0.8907307413659499,36,False,False,False,False,False,False,False,False,False,False,True,False,False,False,False,False,catastrofico,catastrofico,0.64581174
O'Higgins,Coltauco,2019,35,580.2,16.57714285714286,521.0,1,20.716393342857145,0.1549985136500571,0.5813146769142857,-3.308005231428571,32,0.6239444247994479,0.0858320438212817,0.5381123809781662,37,False,False,False,False,False,False,False,False,False,False,False,False,True,False,False,False,catastrofico,catastrofico,0.42111787
Maule,Rauco,2019,19,528.68,27.82526315789473,450.3,1,20.965018789473685,0.1658701338675789,1.0862814600868418,-7.208223189473684,16,1.415522167600502,-0.0712309039710917,1.486753071571594,38,False,False,False,False,False,False,False,False,False,False,True,False,False,False,False,False,catastrofico,catastrofico,0.6813038
Araucanía,Nueva Imperial,2019,49,485.47,9.907551020408162,200.0,1,13.022514840816328,0.4197193872403675,-0.00023495520408165816,-27.9983703265306,30,-0.287683350451135,-0.9084563691909932,0.6207730187398582,39,False,True,False,False,False,False,False,False,False,False,False,False,False,False,False,False,catastrofico,bajo,0.3645881
Biobío,Arauco,2019,100,470.7584,4.707584,350.0,1,14.227579805000005,0.16721833856512,-0.1875636896179998,-17.299200102499988,68,-0.5813368375528319,-0.4775975729915835,-0.1037392645612484,40,False,False,False,False,False,True,False,False,False,False,False,False,False,False,False,False,catastrofico,normal,0.1944522
Valparaíso,La Ligua,2019,25,420.7999999999999,16.831999999999997,142.0,0,16.727763479999997,0.03598317452672,0.4262724699999999,-11.38623440239999,14,0.3809027747783493,-0.2394806695151448,0.6203834442934941,41,False,False,False,False,False,False,False,False,False,False,False,False,False,False,True,False,catastrofico,alto,0.23147099
Araucanía,Pitrufquén,2019,26,411.5319999999999,15.82815384615384,360.012,1,16.35489569230769,0.5318980034070769,-0.1907686315384615,-28.91593563461538,19,-0.586360852548964,-0.945406999548084,0.3590461469991201,42,False,True,False,False,False,False,False,False,False,False,False,False,False,False,False,False,catastrofico,catastrofico,0.3759634
Biobío,Chillán,2019,52,405.27,7.793653846153846,181.7,0,17.255593346153844,0.0943003476027692,-0.1075133550000001,-15.420922175,38,-0.4558512307783125,-0.4019587570997754,-0.0538924736785371,43,False,False,False,False,False,True,False,False,False,False,False,False,False,False,False,False,catastrofico,normal,0.27374953
Metropolitana,San Pedro,2019,78,403.59,5.174230769230769,229.51,1,19.219594461538456,0.0133089815325897,1.4756867373076925,-6.039594538717956,44,2.025947567149936,-0.0241698774498155,2.0501174445997514,44,False,False,False,False,False,False,False,False,False,False,False,True,False,False,False,False,catastrofico,catastrofico,0.3419392
O'Higgins,Rengo,2019,32,370.1470000000001,11.567093750000003,319.597,1,16.033642124999997,0.0542197937298125,0.7743845573750001,-14.259328788750008,21,0.9265976393688844,-0.3551810427917283,1.2817786821606123,45,False,False,False,False,False,False,False,False,False,False,False,False,True,False,False,False,catastrofico,catastrofico,0.38943216
Maule,Cauquenes,2019,65,368.473,5.668815384615385,231.68,1,17.53837218461538,0.0833085242216307,0.359884433076923,-8.654966190769231,49,0.2768339643777955,-0.1294916788625949,0.4063256432403904,46,False,False,False,False,False,False,False,False,False,False,True,False,False,False,False,False,catastrofico,alto,0.24519336
Araucanía,Los Sauces,2019,45,358.09,7.957555555555555,110.0,0,15.99713768888889,0.1509197942419111,-0.1227127253333334,-18.331384740000008,37,-0.4796775173012934,-0.5191639581463796,0.0394864408450861,47,False,True,False,False,False,False,False,False,False,False,False,False,False,False,False,False,catastrofico,catastrofico,0.34274733
Araucanía,Lonquimay,2019,3,354.18600000000004,118.062,351.386,1,8.4790965,0.2292487666666667,-0.3244956866666666,-24.86112733333333,1,-0.7959892161905466,-0.7821186522343982,-0.0138705639561483,48,False,True,False,False,False,False,False,False,False,False,False,False,False,False,False,False,catastrofico,bajo,0.11018747
Maule,Colbún,2019,12,354.03,29.5025,300.0,1,18.658108666666664,1.6415274185861666,0.8525963633333334,-13.586576674999998,11,1.04920119842266,-0.3280891132493886,1.3772903116720483,49,False,False,False,False,False,False,False,False,False,False,True,False,False,False,False,False,catastrofico,catastrofico,0.43418136
O'Higgins,Machalí,2019,27,347.23,12.86037037037037,155.0,0,14.532949648148149,0.3841673185957037,1.202008372,-23.43619096592593,16,1.596933798555742,-0.7247360370346726,2.3216698355904146,50,False,False,False,False,False,False,False,False,False,False,False,False,True,False,False,False,catastrofico,catastrofico,0.48544085
Biobío,Ñiquén,2019,16,343.6650000000001,21.479062500000005,264.98,1,17.74459990625,0.4342070460605,-0.2658026193750001,-15.999326587499995,13,-0.7039829154336679,-0.4252512763950046,-0.2787316390386632,51,False,False,False,False,False,True,False,False,False,False,False,False,False,False,False,False,catastrofico,alto,0.19776295
O'Higgins,Navidad,2019,6,338.771,56.46183333333334,336.601,1,15.079039000000002,0.0061811878333333,0.668391085,-7.8879645,1,0.7604439904355491,-0.0986042905653697,0.8590482810009189,52,False,False,False,False,False,False,False,False,False,False,False,False,True,False,False,False,catastrofico,normal,0.23915815
Valparaíso,Puchuncavi,2019,9,323.81000000000006,35.978888888888896,320.00000000000006,1,17.040139333333332,0.0065757581777777,-0.1875061483333333,-3.38729372,6,-0.5812466367678456,0.0826390725886502,-0.6638857093564958,53,False,False,False,False,False,False,False,False,False,False,False,False,False,False,True,False,catastrofico,bajo,0.09187717
O'Higgins,Requínoa,2019,8,322.57800000000003,40.32225,270.978,1,19.784441,0.08877087375,0.8446761475000001,-9.81764355,6,1.0367855964845325,-0.1763130450879244,1.213098641572457,54,False,False,False,False,False,False,False,False,False,False,False,False,True,False,False,False,catastrofico,catastrofico,0.62173426
Biobío,Los Angeles,2019,232,318.7659999999998,1.373991379310344,65.4,0,17.39259004310345,0.2510948781078794,0.2052937780172413,-16.69858895659484,174,0.0345001597234346,-0.4534107818769401,0.4879109416003748,55,False,False,False,False,False,True,False,False,False,False,False,False,False,False,False,False,catastrofico,catastrofico,0.42315897
Biobío,Coelemu,2019,28,307.523,10.982964285714289,293.0,1,17.425843607142863,0.0016451148039999,-0.0496088167857142,-6.014472428571431,27,-0.3650810154195355,-0.0231582025339973,-0.3419228128855381,56,False,False,False,False,False,True,False,False,False,False,False,False,False,False,False,False,catastrofico,normal,0.12061524
Biobío,San Carlos,2019,40,298.449,7.461225000000001,136.6,0,17.848405449999998,0.4829203704476,0.0238291244999999,-16.507924719999995,32,-0.2499608892328644,-0.4457326758427895,0.195771786609925,57,False,False,False,False,False,True,False,False,False,False,False,False,False,False,False,False,catastrofico,alto,0.25854695
Metropolitana,Alhué,2019,7,288.28,41.18285714285714,273.76,1,16.513259428571427,0.8594359311285713,1.0358359542857145,-14.502882685714289,3,1.3364446105270724,-0.3649890313234009,1.7014336418504734,58,False,False,False,False,False,False,False,False,False,False,False,True,False,False,False,False,catastrofico,alto,0.25121856
Biobío,Los Alamos,2019,159,270.6154,1.701983647798742,100.0,0,13.671571531446547,0.1972067119968051,-0.3550059256477993,-16.684969498742156,123,-0.8438165721866595,-0.4528623222214319,-0.3909542499652276,59,False,False,False,False,False,True,False,False,False,False,False,False,False,False,False,False,catastrofico,alto,0.16801628
Maule,Hualañé,2019,32,263.39,8.2309375,170.0,0,19.0668905625,0.0824724573671875,1.2659386165625,-8.997781559375001,20,1.6971498134974814,-0.143296956649875,1.8404467701473564,60,False,False,False,False,False,False,False,False,False,False,True,False,False,False,False,False,catastrofico,catastrofico,0.4997258
Maule,Linares,2019,56,260.70399999999995,4.655428571428571,104.0,0,17.708542589285713,0.5510531976533571,0.6181225783928571,-18.25352635928572,40,0.6816438944291062,-0.5160285777863918,1.197672472215498,61,False,False,False,False,False,False,False,False,False,False,True,False,False,False,False,False,catastrofico,alto,0.36253068
Valparaíso,San Antonio,2019,41,257.2800000000001,6.275121951219514,216.0,1,16.31342809756097,0.0370493756211707,0.1780231441463414,-3.5877788731707296,31,-0.008248843822219,0.0745654752963124,-0.0828143191185315,62,False,False,False,False,False,False,False,False,False,False,False,False,False,False,True,False,catastrofico,alto,0.16507131
Maule,Sagrada Familia,2019,39,249.906,6.407846153846153,115.0,0,19.88958248717949,0.038613852449641,0.6699173971794871,-8.53712727948718,31,0.7628366126636041,-0.1247462705367792,0.8875828832003834,63,False,False,False,False,False,False,False,False,False,False,True,False,False,False,False,False,catastrofico,alto,0.19616155
Biobío,Alto Biobío,2019,22,222.34000000000003,10.106363636363636,90.0,0,11.280260768181815,0.3423701028621818,0.737842235,-27.151415954545453,17,0.8693144872364271,-0.8743492624239905,1.7436637496604177,64,False,False,False,False,False,True,False,False,False,False,False,False,False,False,False,False,catastrofico,catastrofico,0.39739174
Aysén,Chile Chico,2019,5,211.296,42.2592,207.0,1,12.87150324,0.9290839966968,-0.829007066,-48.0446688,3,-1.586853075316223,-1.715726825467489,0.1288737501512653,65,False,False,False,False,True,False,False,False,False,False,False,False,False,False,False,False,catastrofico,bajo,0.2509743
Coquimbo,Ovalle,2019,46,200.26000000000005,4.353478260869566,125.0,0,17.845615847826085,0.0279795238873913,0.3329530573913043,-3.574786352739134,18,0.2346167764633492,0.0750886879937028,0.1595280884696464,66,False,False,False,False,False,False,True,False,False,False,False,False,False,False,False,False,catastrofico,bajo,0.12677081
Maule,Maule,2019,67,196.99,2.9401492537313434,90.0,0,19.122314432835825,0.0144830112802388,0.374161618358209,-10.257557728358222,56,0.2992146485636123,-0.1940285210874334,0.4932431696510457,67,False,False,False,False,False,False,False,False,False,False,True,False,False,False,False,False,catastrofico,alto,0.24546602
Valparaíso,Nogales,2019,43,190.29,4.4253488372093015,49.0,0,17.07098427906977,0.0305952253295814,0.2798911919534884,-4.346212035348835,23,0.1514378564397591,0.0440231442172331,0.1074147122225259,68,False,False,False,False,False,False,False,False,False,False,False,False,False,False,True,False,catastrofico,alto,0.16580437
Los Ríos,Panguipulli,2019,12,188.1,15.675,170.0,0,15.740558125000002,0.2249814595999999,-0.0447511549999999,-50.37758058333333,10,-0.3574662235564583,-1.8096738831887325,1.4522076596322742,69,False,False,False,False,False,False,False,False,True,False,False,False,False,False,False,False,catastrofico,normal,0.09008439
Biobío,Tucapel,2019,32,184.8076,5.775237499999999,92.0,0,16.559902071874998,0.1957737861088749,0.2968181743749998,-18.998115968750003,24,0.1779723196641936,-0.5460134248426443,0.7239857445068378,70,False,False,False,False,False,True,False,False,False,False,False,False,False,False,False,False,catastrofico,catastrofico,0.43765128
Biobío,Portezuelo,2019,11,177.92000000000002,16.174545454545456,70.0,0,17.262847727272728,0.000858510041090909,-0.1111843727272727,-11.674945374545455,9,-0.4616058586532001,-0.2511071470179296,-0.2104987116352705,71,False,False,False,False,False,True,False,False,False,False,False,False,False,False,False,False,catastrofico,normal,0.08121849
Los Lagos,Fresia,2019,4,177.33,44.3325,161.61,0,15.5123915,0.038114840871,-0.39035939,-38.8628455,4,-0.8992360897562925,-1.3459720453193744,0.4467359555630819,72,False,False,False,False,False,False,False,True,False,False,False,False,False,False,False,False,catastrofico,bajo,0.1232177
Metropolitana,Pirque,2019,11,164.02,14.910909090909092,120.0,0,16.124259999999996,1.1067630569530909,1.3740744031818182,-16.257447154545453,6,1.866661719509101,-0.4356458691029256,2.302307588612027,73,False,False,False,False,False,False,False,False,False,False,False,True,False,False,False,False,catastrofico,bajo,0.15328184
O'Higgins,Las Cabras,2019,23,163.884,7.125391304347826,73.0,0,19.306831956521734,0.0645947623695652,0.8018887560869565,-5.893777880434783,15,0.9697127753728348,-0.0182977968549486,0.9880105722277832,74,False,False,False,False,False,False,False,False,False,False,False,False,True,False,False,False,catastrofico,catastrofico,0.6983352
O'Higgins,Lolol,2019,16,160.89,10.055625,91.0,0,19.475890125,0.0120856569335,1.4630712956249998,-8.24296935,9,2.006171805289157,-0.1129004424269792,2.119072247716136,75,False,False,False,False,False,False,False,False,False,False,False,False,True,False,False,False,catastrofico,catastrofico,0.4894917
Araucanía,Purén,2019,35,160.61499999999995,4.588999999999999,65.39999999999999,0,15.417939142857144,0.0457234205397714,0.1248324870857142,-19.35212876571428,24,-0.0916296555057636,-0.5602696264307477,0.4686399709249841,76,False,True,False,False,False,False,False,False,False,False,False,False,False,False,False,False,catastrofico,catastrofico,0.501917
Maule,Molina,2019,31,153.67000000000002,4.957096774193549,70.0,0,18.23799959032258,0.3287125301027097,0.4759003261290322,-13.302722770967746,21,0.4586985974815047,-0.3166582313373364,0.775356828818841,77,False,False,False,False,False,False,False,False,False,False,True,False,False,False,False,False,catastrofico,catastrofico,0.5445234
Los Ríos,Mariquina,2019,27,152.65000000000006,5.653703703703706,78.1,0,14.962612777777778,0.946841652485037,-0.0784399954814814,-37.58962068888889,21,-0.4102763037331641,-1.2946989000268143,0.8844225962936505,78,False,False,False,False,False,False,False,False,True,False,False,False,False,False,False,False,alto,bajo,0.10236593
Los Lagos,Futaleufú,2019,1,152.0,152.0,152.0,0,19.868544,0.0,0.23891068,-66.93289,1,0.0871974702758064,-2.476361162352948,2.5635586326287543,79,False,False,False,False,False,False,False,True,False,False,False,False,False,False,False,False,alto,bajo,0.03672424
Biobío,Coronel,2019,64,151.16390000000007,2.361935937500001,106.0,0,15.528248046875,0.2653879193013125,-0.0869841341093749,-10.440805948437502,59,-0.423669956929034,-0.2014079819106391,-0.2222619750183948,80,False,False,False,False,False,True,False,False,False,False,False,False,False,False,False,False,alto,normal,0.106648475
Biobío,Laja,2019,35,150.87999999999997,4.310857142857142,85.0,0,17.449529599999998,0.0205192187912,0.0372925905714286,-13.858430461714288,29,-0.2288557780884384,-0.3390367468352989,0.1101809687468605,81,False,False,False,False,False,True,False,False,False,False,False,False,False,False,False,False,alto,normal,0.24740228
Biobío,Pinto,2019,9,148.74,16.526666666666667,54.0,0,14.948239222222222,0.0801309893555555,0.2218644777777778,-40.88031022222222,4,0.0604761200245642,-1.4272159552105457,1.4876920752351095,82,False,False,False,False,False,True,False,False,False,False,False,False,False,False,False,False,alto,catastrofico,0.35631934
Maule,San Clemente,2019,62,144.09999999999997,2.3241935483870964,45.0,0,18.63307522419355,0.2015212886769677,0.3823110337903226,-10.720001944838712,51,0.3119895400770134,-0.2126512884843523,0.5246408285613657,83,False,False,False,False,False,False,False,False,False,False,True,False,False,False,False,False,alto,catastrofico,0.47595766
Maule,Teno,2019,31,142.04999999999998,4.582258064516129,36.2,0,18.985509387096773,0.1139494175011613,0.7402941204516128,-9.019395093548388,21,0.8731580231205117,-0.1441673401581815,1.0173253632786934,84,False,False,False,False,False,False,False,False,False,False,True,False,False,False,False,False,alto,catastrofico,0.49506056
Los Ríos,La Unión,2019,35,139.9,3.997142857142857,100.08,0,13.630211342857145,0.5912563656705144,0.0676472249371428,-46.61908146571428,29,-0.1812723453648,-1.6583179956361902,1.4770456502713902,85,False,False,False,False,False,False,False,False,True,False,False,False,False,False,False,False,alto,alto,0.03782835
Biobío,Pemuco,2019,23,136.4018,5.930513043478261,124.582,0,17.602403521739134,0.3377507104544348,-0.063358296521739,-21.437390304347826,17,-0.386634476947741,-0.6442437344675214,0.2576092575197803,86,False,False,False,False,False,True,False,False,False,False,False,False,False,False,False,False,alto,catastrofico,0.4304227
Biobío,Contulmo,2019,36,135.02,3.750555555555556,70.0,0,15.202289388888891,0.0670060203888888,-0.1233813543333333,-15.451360205555558,32,-0.4807256492819081,-0.403184505726,-0.0775411435559081,87,False,False,False,False,False,True,False,False,False,False,False,False,False,False,False,False,alto,alto,0.26757494
Biobío,Yungay,2019,13,134.61,10.354615384615386,83.28,0,16.93943515384615,0.4140284889975384,0.3103793261538461,-27.95863007692308,9,0.1992305613398909,-0.906856017411553,1.1060865787514438,88,False,False,False,False,False,True,False,False,False,False,False,False,False,False,False,False,alto,alto,0.2856908
Metropolitana,Melipilla,2019,89,134.00000000000003,1.5056179775280902,35.0,0,18.992844432584267,0.0585703958438876,0.866227335370787,-4.210920116292137,59,1.0705688892038268,0.0494713904045264,1.0210974987993002,89,False,False,False,False,False,False,False,False,False,False,False,True,False,False,False,False,alto,catastrofico,0.66233546
Biobío,San Nicolás,2019,23,128.8,5.6000000000000005,24.0,0,16.918349217391302,0.0414754407608695,0.0856735852173913,-18.759310182608694,13,-0.1530145152320771,-0.5363966441589234,0.3833821289268463,90,False,False,False,False,False,True,False,False,False,False,False,False,False,False,False,False,alto,normal,0.2700313
Los Lagos,Puerto Varas,2019,13,125.45000000000002,9.650000000000002,114.4,0,13.990933307692307,0.2925806976472307,-0.4264274090769231,-38.244017846153845,10,-0.9557757317280694,-1.321051669962395,0.3652759382343257,91,False,False,False,False,False,False,False,True,False,False,False,False,False,False,False,False,alto,bajo,0.15331793
Metropolitana,Padre Hurtado,2019,3,122.0,40.66666666666666,90.0,0,17.715176666666668,0.0,0.44903946,-8.079884133333334,1,0.4165919392048653,-0.1063329518029774,0.5229248910078428,92,False,False,False,False,False,False,False,False,False,False,False,True,False,False,False,False,alto,bajo,0.032821037
Araucanía,Padre Las Casas,2019,68,118.05000000000004,1.7360294117647064,20.0,0,14.681469407352944,0.2890454913091178,-0.0182494749852941,-28.55412276470589,48,-0.3159226196095269,-0.930836686681342,0.6149140670718152,93,False,True,False,False,False,False,False,False,False,False,False,False,False,False,False,False,alto,catastrofico,0.6694248
Valparaíso,Quillota,2019,39,115.96999999999996,2.9735897435897427,29.4,0,16.264049102564098,0.1136426154730256,0.5724813097435898,-5.701873039487179,19,0.610097381628842,-0.010569731311154,0.620667112939996,94,False,False,False,False,False,False,False,False,False,False,False,False,False,False,True,False,alto,alto,0.27128842
O'Higgins,Pichilemu,2019,8,113.40999999999998,14.176249999999998,110.0,0,15.81721175,0.021536835,0.55546140625,-3.5825193125,5,0.5834172568382499,0.0747772793831414,0.5086399774551085,95,False,False,False,False,False,False,False,False,False,False,False,False,True,False,False,False,alto,alto,0.3412091
Araucanía,Vilcún,2019,17,107.98,6.351764705882353,36.0,0,14.716105323529412,0.0383054055030588,-0.2071390670588235,-23.85201004117647,16,-0.6120228818738715,-0.7414811960000661,0.1294583141261945,96,False,True,False,False,False,False,False,False,False,False,False,False,False,False,False,False,alto,bajo,0.24073014
Maule,Vichuquén,2019,28,107.52500000000002,3.840178571428572,80.5,0,18.344728785714288,0.013396443553,0.4105422232142857,-3.564609530142857,26,0.3562442949351627,0.0754985116941537,0.2807457832410089,97,False,False,False,False,False,False,False,False,False,False,True,False,False,False,False,False,alto,alto,0.2567113
Maule,Curepto,2019,29,102.4604,3.53311724137931,45.1,0,18.49831089655172,9.467375586206896e-05,1.043425656827586,-7.996888144827586,20,1.3483421051877724,-0.102990678435212,1.4513327836229846,98,False,False,False,False,False,False,False,False,False,False,True,False,False,False,False,False,alto,alto,0.27987033
Valparaíso,Quilpué,2019,68,101.28999999999996,1.4895588235294113,25.0,0,16.553355110294117,0.0337329417679411,0.2122146405308823,-4.662961104147056,45,0.0453491915990864,0.0312675641468122,0.0140816274522741,99,False,False,False,False,False,False,False,False,False,False,False,False,False,False,True,False,alto,alto,0.1771037
O'Higgins,Mostazal,2019,4,101.0,25.25,88.7,0,19.042745250000003,0.0181552025,0.4473574224999999,-7.87199125,3,0.4139552044889864,-0.0979610429936155,0.511916247482602,100,False,False,False,False,False,False,False,False,False,False,False,False,True,False,False,False,alto,catastrofico,0.498118
Maule,Talca,2019,85,99.671,1.1726,18.5,0,19.447989364705883,0.0343156446279764,0.5510834089882355,-9.586541158823549,70,0.5765543793066153,-0.167006482431556,0.7435608617381714,101,False,False,False,False,False,False,False,False,False,False,True,False,False,False,False,False,alto,alto,0.40472677
Araucanía,Villarrica,2019,19,96.42,5.074736842105263,84.7,0,13.464202189473683,0.8852576081833683,-0.1798197578947368,-31.188129752631585,10,-0.5691975757277401,-1.036908938663044,0.4677113629353038,102,False,True,False,False,False,False,False,False,False,False,False,False,False,False,False,False,alto,bajo,0.20400381
O'Higgins,San Fernando,2019,35,96.225,2.749285714285714,21.8,0,18.49024897142857,0.0722231536857142,0.7564619312571429,-14.528269585714282,15,0.8985024212273921,-0.3660113694060931,1.2645137906334851,103,False,False,False,False,False,False,False,False,False,False,False,False,True,False,False,False,alto,catastrofico,0.6004176
Biobío,Ránquil,2019,30,95.94100000000002,3.198033333333334,33.9,0,17.6082606,0.3107796587390001,0.1328412056666666,-11.362399868666666,26,-0.0790753180952713,-0.2385208456879428,0.1594455275926714,104,False,False,False,False,False,True,False,False,False,False,False,False,False,False,False,False,alto,alto,0.25530446
Biobío,Negrete,2019,21,94.85,4.516666666666667,68.75,0,16.835553428571426,0.0055887337142857,-0.3375482547619045,-13.42111802857143,16,-0.8164502103289566,-0.3214260438965074,-0.4950241664324492,105,False,False,False,False,False,True,False,False,False,False,False,False,False,False,False,False,alto,bajo,0.082171075
Biobío,Lebu,2019,256,93.01209999999998,0.3633285156249999,7.0,0,13.466500689453117,0.2369524983619766,-0.4601592161562503,-17.600330035937542,204,-1.0086531656469853,-0.4897241657930611,-0.5189289998539242,106,False,False,False,False,False,True,False,False,False,False,False,False,False,False,False,False,alto,normal,0.12227321
Biobío,Quillón,2019,48,91.964,1.915916666666667,23.9,0,17.3772275625,0.1125596445179166,-0.2393915612500001,-9.649714385416669,43,-0.6625813688918811,-0.1695504872274429,-0.4930308816644382,107,False,False,False,False,False,True,False,False,False,False,False,False,False,False,False,False,alto,alto,0.14850357
Metropolitana,Paine,2019,33,90.2,2.7333333333333334,65.0,0,20.166021242424243,0.2035841285818181,0.9220742626666668,-6.933946578787879,24,1.1581136270448122,-0.0601857025366555,1.218299329581468,108,False,False,False,False,False,False,False,False,False,False,False,True,False,False,False,False,alto,catastrofico,0.6673463
Maule,Retiro,2019,35,89.13499999999999,2.5467142857142853,16.7,0,18.22920431428571,0.3050544893429714,0.2263826272,-17.779032848571426,23,0.0675586978107913,-0.4969205816941698,0.5644792795049612,109,False,False,False,False,False,False,False,False,False,False,True,False,False,False,False,False,alto,catastrofico,0.4092002
O'Higgins,Chépica,2019,7,84.42,12.06,77.5,0,19.027001285714285,0.0025582100691428,0.044100488,-8.273128642857142,5,-0.2181838284487566,-0.1141149662024275,-0.1040688622463291,110,False,False,False,False,False,False,False,False,False,False,False,False,True,False,False,False,alto,bajo,0.27321088
Maule,Empedrado,2019,14,82.26,5.875714285714286,61.9,0,17.05400085714286,0.0005559995749999999,0.5194427557142858,-5.417449521428572,12,0.5269550041913115,0.0008840891287049549,0.5260709150626065,111,False,False,False,False,False,False,False,False,False,False,True,False,False,False,False,False,alto,normal,0.15828468
O'Higgins,San Vicente,2019,41,79.00999999999999,1.927073170731707,18.0,0,19.336904,0.0375009073301463,0.7459294782439025,-8.453135224390245,25,0.8819919186355214,-0.1213638852684245,1.003355803903946,112,False,False,False,False,False,False,False,False,False,False,False,False,True,False,False,False,alto,catastrofico,0.6899399
Araucanía,Curacautín,2019,6,76.94,12.823333333333332,43.3,0,10.829471333333332,0.3632260666666667,-0.3211354733333333,-32.13757683333333,3,-0.7907218002448505,-1.075143457572501,0.2844216573276504,113,False,True,False,False,False,False,False,False,False,False,False,False,False,False,False,False,alto,bajo,0.09762698
O'Higgins,Litueche,2019,29,74.13900000000001,2.5565172413793107,18.0,0,17.34879694827586,0.0419478604514482,0.9125587741379312,-5.34303422275862,18,1.1431973014918662,0.0038808155413515,1.1393164859505145,114,False,False,False,False,False,False,False,False,False,False,False,False,True,False,False,False,alto,catastrofico,0.4439841
Valparaíso,Villa Alemana,2019,43,73.41000000000001,1.7072093023255817,38.7,0,18.80142389534884,0.007372522772279,0.4497210928604651,-1.8840227230465112,39,0.4176604558263272,0.1431762468317632,0.274484208994564,115,False,False,False,False,False,False,False,False,False,False,False,False,False,False,True,False,alto,catastrofico,0.45458096
Biobío,Quilleco,2019,37,72.8763,1.9696297297297296,59.57000000000001,0,15.535143324324329,0.8051781077951352,0.2736289035135135,-29.75356837837839,22,0.1416211946052112,-0.9791387215487628,1.120759916153974,116,False,False,False,False,False,True,False,False,False,False,False,False,False,False,False,False,alto,normal,0.16139902
Valparaíso,Panquehue,2019,21,70.19999999999997,3.3428571428571416,39.99999999999999,0,19.33436066666667,0.0012116950107619,0.8484932199285712,-14.306571321428573,12,1.042769177341343,-0.3570835137621949,1.399852691103538,117,False,False,False,False,False,False,False,False,False,False,False,False,False,False,True,False,alto,catastrofico,0.36028072
Biobío,Chillán Viejo,2019,30,68.10900000000002,2.2703000000000007,38.7,0,17.264789033333336,0.0242238240934666,-0.4079547440000001,-7.387452853333333,25,-0.9268182814315538,-0.0784485363291926,-0.8483697451023611,118,False,False,False,False,False,True,False,False,False,False,False,False,False,False,False,False,alto,normal,0.20463498
O'Higgins,Santa Cruz,2019,13,66.71000000000001,5.131538461538463,16.5,0,20.804301076923075,9.657098338461538e-05,1.6437913238461537,-7.782137292307694,7,2.289465591703143,-0.0943425971483381,2.383808188851481,119,False,False,False,False,False,False,False,False,False,False,False,False,True,False,False,False,alto,catastrofico,0.43129843
O'Higgins,Peralillo,2019,7,66.05000000000001,9.435714285714289,63.0,0,18.937102,6.386212e-06,1.0123970814285714,-5.8186233000000005,5,1.299702213426236,-0.0152712993437422,1.3149735127699782,120,False,False,False,False,False,False,False,False,False,False,False,False,True,False,False,False,alto,catastrofico,0.46145654
Valparaíso,Olmué,2019,13,64.79,4.983846153846154,26.8,0,18.40592903846154,0.1901392460052307,0.790919881,-4.864459876923077,10,0.9525181446134632,0.0231531480887388,0.9293649965247244,121,False,False,False,False,False,False,False,False,False,False,False,False,False,False,True,False,alto,catastrofico,0.7207353
Biobío,Penco,2019,63,63.89660000000001,1.014231746031746,23.5,0,16.685165134920638,0.0099883610363174,-0.0425749461904761,-6.0018932236984135,54,-0.3540548339072543,-0.0226516341782046,-0.3314031997290497,122,False,False,False,False,False,True,False,False,False,False,False,False,False,False,False,False,alto,normal,0.11389891
O'Higgins,Codegua,2019,4,61.75,15.4375,60.0,0,18.44846825,2.2351742e-05,0.48565601875,-6.851944825,4,0.4739914630752554,-0.056883467299391,0.5308749303746464,123,False,False,False,False,False,False,False,False,False,False,False,False,True,False,False,False,alto,bajo,0.32376775
Biobío,Tomé,2019,221,61.52600000000002,0.2783981900452489,4.25,0,15.793756990950223,0.1326801241769412,-0.0155728431357464,-11.334442326945714,153,-0.3117267749156188,-0.2373949870915884,-0.0743317878240304,124,False,False,False,False,False,True,False,False,False,False,False,False,False,False,False,False,alto,normal,0.111995265
Biobío,Hualqui,2019,59,60.17000000000001,1.0198305084745765,14.39,0,17.395420822033902,0.1021055660416271,0.2404528476271187,-13.337875374237274,49,0.089614947246521,-0.318073837221797,0.4076887844683181,125,False,False,False,False,False,True,False,False,False,False,False,False,False,False,False,False,alto,alto,0.2925294
Biobío,Curanilahue,2019,196,59.983000000000025,0.3060357142857144,9.0,0,14.450808124999998,0.1099757263412449,0.1796287105459185,-20.43408455178565,140,-0.0057319839636168,-0.6038403106769583,0.5981083267133415,126,False,False,False,False,False,True,False,False,False,False,False,False,False,False,False,False,alto,catastrofico,0.4554441
Atacama,Vallenar,2019,22,59.24999999999999,2.693181818181818,20.0,0,18.386786409090917,0.0019116665873636,-0.091944435,-0.3494088485454547,14,-0.4314456441889884,0.2049756081610521,-0.6364212523500405,127,False,False,False,True,False,False,False,False,False,False,False,False,False,False,False,False,alto,bajo,0.08337545
Biobío,Santa Juana,2019,30,57.64639999999999,1.9215466666666663,30.0,0,17.816529300000003,0.0887012703278,0.0528863259999999,-17.086470570000003,26,-0.2044112912355926,-0.4690308908685957,0.2646195996330029,128,False,False,False,False,False,True,False,False,False,False,False,False,False,False,False,False,alto,alto,0.29132754
Biobío,San Pedro de la Paz,2019,60,57.43000000000001,0.9571666666666668,14.0,0,15.577967266666668,0.3851967442217333,-0.0768294628833334,-10.278468590100006,53,-0.4077516589421939,-0.1948706077660172,-0.2128810511761766,129,False,False,False,False,False,True,False,False,False,False,False,False,False,False,False,False,alto,normal,0.09386196
Maule,Río Claro,2019,30,57.106,1.9035333333333333,8.6,0,19.496122466666662,0.0709318283717333,0.6228453659666666,-10.936112166666671,21,0.6890472596641766,-0.2213541119812668,0.9104013716454434,130,False,False,False,False,False,False,False,False,False,False,True,False,False,False,False,False,alto,alto,0.32547918
Los Lagos,Puerto Montt,2019,55,55.88000000000002,1.0160000000000002,13.0,0,13.779288309090902,0.082465868817309,-0.2297269096727271,-43.43839994545451,47,-0.6474312177622726,-1.5302309961570324,0.8827997783947598,131,False,False,False,False,False,False,False,True,False,False,False,False,False,False,False,False,alto,bajo,0.17271566
Maule,Yerbas Buenas,2019,26,55.080000000000005,2.118461538461539,11.5,0,19.430809153846155,0.1549006478699999,0.476687903076923,-13.303374280769232,17,0.4599331903368538,-0.3166844678325881,0.776617658169442,132,False,False,False,False,False,False,False,False,False,False,True,False,False,False,False,False,alto,catastrofico,0.7084995
O'Higgins,Malloa,2019,14,54.95,3.925,45.5,0,16.521973964285717,0.3979072087285714,0.6333928799285714,-11.298202343571427,5,0.7055813715550059,-0.23593559208394,0.941516963638946,133,False,False,False,False,False,False,False,False,False,False,False,False,True,False,False,False,alto,catastrofico,0.42086345
Antofagasta,Calama,2019,7,53.978,7.711142857142858,50.08,0,14.346958728571432,1.9158636e-05,1.1425226314285717,-2.394238304285714,2,1.503684916016294,0.1226297122377851,1.3810552037785089,134,True,False,False,False,False,False,False,False,False,False,False,False,False,False,False,False,alto,bajo,0.12447852
Metropolitana,El Monte,2019,20,52.73,2.6365000000000003,20.0,0,20.341074975,0.1015211428984,1.0927875986000004,-8.021557500000004,12,1.425721084856486,-0.1039841207723318,1.5297052056288176,135,False,False,False,False,False,False,False,False,False,False,False,True,False,False,False,False,alto,catastrofico,0.57104003
O'Higgins,Pichidegua,2019,18,50.35,2.7972222222222225,28.5,0,19.55948219444444,0.1377222434944444,0.6251051122222222,-4.627936408888889,15,0.6925896012594742,0.0326780191372647,0.6599115821222095,136,False,False,False,False,False,False,False,False,False,False,False,False,True,False,False,False,alto,catastrofico,0.48911086
Biobío,Yumbel,2019,40,49.47000000000001,1.2367500000000002,8.0,0,16.186894549999998,0.0253194940852999,0.31160590225,-15.099705694999995,24,0.2011533221430216,-0.3890232730393979,0.5901765951824196,137,False,False,False,False,False,True,False,False,False,False,False,False,False,False,False,False,alto,alto,0.1966081
O'Higgins,La Estrella,2019,5,48.45,9.69,44.0,0,20.3802674,0.000181049108,1.603548812,-4.207912524,3,2.226382082543022,0.0495925070488376,2.176789575494184,138,False,False,False,False,False,False,False,False,False,False,False,False,True,False,False,False,alto,catastrofico,0.5179092
Magallanes,Punta Arenas,2019,5,48.397,9.6794,48.356,0,9.655149,1.7917560460000002,-0.299562074,-13.397582999999996,5,-0.7569036891969597,-0.3204782812320691,-0.4364254079648906,139,False,False,False,False,False,False,False,False,False,True,False,False,False,False,False,False,alto,bajo,0.015498361
Biobío,Ninhue,2019,10,46.295,4.6295,22.9,0,18.0554,0.112724858285,0.1639278539999999,-13.220612138000002,8,-0.030344392143373,-0.3133516115028193,0.2830072193594463,140,False,False,False,False,False,True,False,False,False,False,False,False,False,False,False,False,alto,normal,0.20456523
Biobío,Florida,2019,61,44.29399999999998,0.7261311475409833,9.0,0,17.417132688524593,0.139853503292918,0.1570617189344261,-13.558646208196729,45,-0.0411076341586737,-0.3269643449680956,0.2858567108094219,141,False,False,False,False,False,True,False,False,False,False,False,False,False,False,False,False,alto,normal,0.34449396
Metropolitana,Puente Alto,2019,14,44.29,3.1635714285714287,42.0,0,16.912704428571427,0.4507842939845714,0.747129705,-8.819521978571428,12,0.8838733746403543,-0.1361183898276056,1.01999176446796,142,False,False,False,False,False,False,False,False,False,False,False,True,False,False,False,False,alto,catastrofico,0.39198142
Maule,Pelarco,2019,15,42.87,2.858,12.9,0,19.036852666666668,0.0759806494866666,0.4321382537333333,-18.04220491333333,9,0.3900978822628836,-0.5075185997313024,0.8976164819941861,143,False,False,False,False,False,False,False,False,False,False,True,False,False,False,False,False,alto,catastrofico,0.47506794
Valparaíso,Limache,2019,41,42.62000000000001,1.0395121951219517,18.5,0,17.069136268292677,0.3699875835723902,0.4228546169195121,-4.025073790097557,26,0.375545003699467,0.0569554777407978,0.3185895259586691,144,False,False,False,False,False,False,False,False,False,False,False,False,False,False,True,False,alto,alto,0.21203585
Biobío,Cabrero,2019,53,42.29999999999999,0.7981132075471696,9.44,0,17.33204521698113,0.0884031768181131,0.2181408590566038,-17.382983220754713,36,0.0546390356844019,-0.4809715443105915,0.5356105799949934,145,False,False,False,False,False,True,False,False,False,False,False,False,False,False,False,False,alto,alto,0.3251532
Biobío,San Rosendo,2019,16,41.260000000000005,2.5787500000000003,26.5,0,18.3624531875,0.146699949375,0.3237032875,-14.333931225000002,14,0.220116987138621,-0.3581853052908914,0.5783022924295124,146,False,False,False,False,False,True,False,False,False,False,False,False,False,False,False,False,alto,catastrofico,0.50538665
Valparaíso,Viña del Mar,2019,60,39.54899999999999,0.6591499999999999,6.699999999999999,0,15.980581625000005,0.0427205851697333,0.0983698723016666,-5.629755039899998,39,-0.1331120214304392,-0.0076655178220881,-0.1254465036083511,147,False,False,False,False,False,False,False,False,False,False,False,False,False,False,True,False,alto,alto,0.13201037
Biobío,Bulnes,2019,22,39.48,1.7945454545454549,11.63,0,16.92624284090909,0.8948901259016364,-0.167274439090909,-12.569811145454548,16,-0.5495317373550404,-0.2871436601998554,-0.2623880771551849,148,False,False,False,False,False,True,False,False,False,False,False,False,False,False,False,False,alto,normal,0.082629465
Coquimbo,Los Vilos,2019,7,38.31999999999999,5.474285714285713,36.0,0,16.333040285714283,0.0622291117714285,-0.2396031757142857,0.4601762342857142,6,-0.6629130922954104,0.2375778424377052,-0.9004909347331156,149,False,False,False,False,False,False,True,False,False,False,False,False,False,False,False,False,alto,normal,0.065363966
Maule,San Rafael,2019,19,37.440000000000005,1.970526315789474,14.7,0,18.61572136842105,0.0181177535439999,0.2737792283157895,-6.900447363157896,17,0.1418568413281997,-0.0588366790686915,0.2006935203968912,150,False,False,False,False,False,False,False,False,False,False,True,False,False,False,False,False,alto,alto,0.2305951
O'Higgins,Pumanque,2019,7,34.01,4.8585714285714285,31.3,0,19.23420985714285,0.1201384836285714,0.8477747685714286,-4.826268914285714,6,1.0416429446413895,0.0246911096168836,1.016951835024506,151,False,False,False,False,False,False,False,False,False,False,False,False,True,False,False,False,normal,catastrofico,0.69718033
Ñuble,Chillán,2019,20,33.471999999999994,1.6735999999999998,24.7,0,18.626672350000003,0.0142578946254,0.7163851688999998,-14.698539505,13,0.8356787382791196,-0.3728681901609999,1.2085469284401196,152,False,False,False,False,False,False,False,False,False,False,False,False,False,False,False,True,normal,catastrofico,0.38043305
Biobío,San Ignacio,2019,10,33.440000000000005,3.3440000000000003,12.5,0,18.0238059,0.1159239551484,0.0005547420000000192,-24.49548942,7,-0.2864454339165544,-0.7673943037209193,0.4809488698043649,153,False,False,False,False,False,True,False,False,False,False,False,False,False,False,False,False,normal,catastrofico,0.41271117
Valparaíso,Quintero,2019,10,33.08,3.308,7.5,0,16.994242500000002,0.0272782522,0.149807258,-1.4018078294,8,-0.0524796095104647,0.1625951853321819,-0.2150747948426467,154,False,False,False,False,False,False,False,False,False,False,False,False,False,False,True,False,normal,alto,0.17068242
Araucanía,Loncoche,2019,14,30.88,2.205714285714285,11.41,0,15.080411928571433,0.0640886967142857,0.1092267747142857,-38.323739571428575,11,-0.1160929172200626,-1.3242620877671014,1.2081691705470388,155,False,True,False,False,False,False,False,False,False,False,False,False,False,False,False,False,normal,catastrofico,0.47268632
Coquimbo,Coquimbo,2019,11,28.825,2.6204545454545456,26.0,0,17.559218090909095,0.0809608966763636,0.1685122568181818,-0.968597403818182,4,-0.0231579566077367,0.1800406991953028,-0.2031986558030395,156,False,False,False,False,False,False,True,False,False,False,False,False,False,False,False,False,normal,alto,0.11318786
Valparaíso,San Esteban,2019,3,28.55,9.516666666666667,28.5,0,14.354923333333332,0.5347902666666666,1.8569510666666664,-17.029908866666666,2,2.6236113488117963,-0.4667531340987806,3.090364482910577,157,False,False,False,False,False,False,False,False,False,False,False,False,False,False,True,False,normal,bajo,0.2152365
Ñuble,Chillán Viejo,2019,10,27.7906,2.7790600000000003,21.0,0,18.3872882,0.236973789,0.7114460119999999,-12.010980839999998,9,0.8279361959960837,-0.2646393960703714,1.092575592066455,158,False,False,False,False,False,False,False,False,False,False,False,False,False,False,False,True,normal,catastrofico,0.61439747
Los Ríos,Valdivia,2019,14,23.6,1.6857142857142855,20.6,0,13.03848292857143,0.2382029636048571,-0.4006942199785713,-32.16248921428571,8,-0.915436801682872,-1.0761466866307223,0.1607098849478505,159,False,False,False,False,False,False,False,False,True,False,False,False,False,False,False,False,normal,bajo,0.027020955
Araucanía,Gorbea,2019,8,23.57,2.94625,16.2,0,15.235338425,0.4346282379355,0.1912457951249999,-44.43837875,6,0.0124787694868647,-1.570500442752404,1.5829792122392687,160,False,True,False,False,False,False,False,False,False,False,False,False,False,False,False,False,normal,catastrofico,0.47338215
Valparaíso,Hijuelas,2019,20,23.15,1.1575,6.6,0,16.344792249999994,0.2923809931777,0.1589702614249999,-8.859480304,11,-0.0381158338916607,-0.1377275235858133,0.0996116896941525,161,False,False,False,False,False,False,False,False,False,False,False,False,False,False,True,False,normal,normal,0.1120179
Araucanía,Toltén,2019,6,23.09,3.848333333333333,12.0,0,15.430230333333332,0.054108907764,0.1643284166666666,-17.286728766666666,2,-0.0297164766010114,-0.4770953485543954,0.4473788719533839,162,False,True,False,False,False,False,False,False,False,False,False,False,False,False,False,False,normal,catastrofico,0.4287394
Biobío,Quirihue,2019,15,22.919999999999995,1.5279999999999996,15.4,0,17.9032686,0.000532219794,-0.0147935953333333,-6.724429236000001,14,-0.3105052386936886,-0.0517483762574895,-0.2587568624361991,163,False,False,False,False,False,True,False,False,False,False,False,False,False,False,False,False,normal,normal,0.07163239
Maule,Villa Alegre,2019,12,22.58,1.8816666666666664,5.6,0,19.669402666666663,0.001971609871,0.6067151258333334,-11.9887591,10,0.6637617567339378,-0.2637445199308788,0.9275062766648166,164,False,False,False,False,False,False,False,False,False,False,True,False,False,False,False,False,normal,catastrofico,0.38255224
Metropolitana,Talagante,2019,24,22.530000000000005,0.9387500000000002,4.800000000000001,0,21.19707610416667,0.0318674522701666,1.3990965793333334,-5.5665291125000005,13,1.905886077185749,-0.0051193907488904,1.91100546793464,165,False,False,False,False,False,False,False,False,False,False,False,True,False,False,False,False,normal,catastrofico,0.3500889
Valparaíso,Catemu,2019,13,21.86,1.6815384615384614,4.2,0,16.588081153846154,0.1919808523076923,0.59379923,-7.055570076923077,3,0.6435150078175642,-0.0650835173109635,0.7085985251285277,166,False,False,False,False,False,False,False,False,False,False,False,False,False,False,True,False,normal,catastrofico,0.45109278
Biobío,El Carmen,2019,18,21.62,1.201111111111111,12.2,0,15.901655472222224,0.253202505803,-0.0085061888888888,-20.93560888888889,11,-0.3006492022825463,-0.6240368462609678,0.3233876439784214,167,False,False,False,False,False,True,False,False,False,False,False,False,False,False,False,False,normal,catastrofico,0.40467274
Los Lagos,Dalcahue,2019,10,19.71,1.971,11.71,0,13.06660315,0.8033167599484001,-0.0061503396999999,0.9687984499999972,4,-0.296956211286972,0.2580602117237577,-0.5550164230107297,168,False,False,False,False,False,False,False,True,False,False,False,False,False,False,False,False,normal,normal,0.028220726
Los Ríos,Río Bueno,2019,7,19.35,2.7642857142857147,15.66,0,15.26575742857143,0.2078198376405714,0.2424870902857142,-31.06911071428571,6,0.092803793059079,-1.0321160062661616,1.1249197993252409,169,False,False,False,False,False,False,False,False,True,False,False,False,False,False,False,False,normal,normal,0.111529775
Araucanía,Renaico,2019,12,19.290000000000003,1.6075000000000002,6.8,0,15.478604833333334,0.0897920650203333,-0.3333876250000001,-18.34315464166667,8,-0.80992807456615,-0.519637935619146,-0.290290138947004,170,False,True,False,False,False,False,False,False,False,False,False,False,False,False,False,False,normal,bajo,0.18614174
Valparaíso,San Felipe,2019,14,18.46,1.3185714285714285,5.8,0,19.858301857142852,0.070909039405,0.6013360057142857,-10.486189702857144,12,0.6553295352413877,-0.2032355993227201,0.8585651345641078,171,False,False,False,False,False,False,False,False,False,False,False,False,False,False,True,False,normal,alto,0.3173817
O'Higgins,Marchigue,2019,11,18.3425,1.6674999999999998,9.5,0,18.965102454545452,0.0051122836,0.7662823354545455,-4.645060656363636,8,0.9138967276392608,0.031988420551739,0.8819083070875215,172,False,False,False,False,False,False,False,False,False,False,False,False,True,False,False,False,normal,catastrofico,0.61960894
O'Higgins,Rancagua,2019,6,18.3,3.0500000000000003,9.8,0,19.676026333333336,0.001121312414,0.7052432816666667,-7.446339566666668,5,0.8182128964839538,-0.0808199219495424,0.8990328184334963,173,False,False,False,False,False,False,False,False,False,False,False,False,True,False,False,False,normal,catastrofico,0.48204917
Valparaíso,La Cruz,2019,15,18.18,1.212,10.9,0,16.811574133333334,0.1685149937656,0.068118864,-8.296392053333333,10,-0.1805330116160578,-0.1150517907246462,-0.0654812208914115,174,False,False,False,False,False,False,False,False,False,False,False,False,False,False,True,False,normal,normal,0.11704301
Valparaíso,Zapallar,2019,7,18.11,2.587142857142857,17.0,0,17.435149714285714,0.0530454710405714,0.4678906,-3.556586677142857,3,0.4461426806549768,0.0758215943924644,0.3703210862625123,175,False,False,False,False,False,False,False,False,False,False,False,False,False,False,True,False,normal,catastrofico,0.44516116
O'Higgins,Chimbarongo,2019,7,18.07,2.5814285714285714,5.0,0,17.906491857142857,0.2028098357142857,0.6652800695714286,-6.962714528571428,5,0.7555672130853718,-0.0613441965089288,0.8169114095943006,176,False,False,False,False,False,False,False,False,False,False,False,False,True,False,False,False,normal,catastrofico,0.5204361
Biobío,Lota,2019,82,18.04399999999999,0.2200487804878047,5.1855,0,15.457369335365858,0.054517533987317,-0.1820613437804879,-10.06922767024391,71,-0.5727114494217475,-0.1864444131212804,-0.386267036300467,177,False,False,False,False,False,True,False,False,False,False,False,False,False,False,False,False,normal,normal,0.06459395
Los Ríos,Paillaco,2019,11,17.61,1.6009090909090908,13.2,0,14.670433090909093,0.1378951885049091,-0.0045448636181818,-31.462311454545446,10,-0.2944394930090245,-1.047950318092748,0.7535108250837232,178,False,False,False,False,False,False,False,False,True,False,False,False,False,False,False,False,normal,bajo,0.13790388
Biobío,San Fabián,2019,17,16.770999999999997,0.9865294117647058,13.011,0,18.60362294117647,0.3256014466717646,0.6674436805882352,-26.566070352941185,15,0.7589588546389471,-0.850777219360185,1.609736073999132,179,False,False,False,False,False,True,False,False,False,False,False,False,False,False,False,False,normal,catastrofico,0.46463946
O'Higgins,Doñihue,2019,10,16.1,1.61,6.0,0,17.06187385,0.8248263330000001,0.3993113464,-8.31582822,6,0.338638954515591,-0.1158344909899362,0.4544734455055272,180,False,False,False,False,False,False,False,False,False,False,False,False,True,False,False,False,normal,alto,0.14734423
O'Higgins,Coinco,2019,13,15.55,1.196153846153846,3.1000000000000005,0,21.779680384615386,6.877459076923077e-06,1.1932846083076922,-14.482611869230768,8,1.58325856802097,-0.3641727194594723,1.9474312874804425,181,False,False,False,False,False,False,False,False,False,False,False,False,True,False,False,False,normal,catastrofico,0.54494965
Los Ríos,Los Lagos,2019,18,15.53,0.8627777777777778,5.45,0,14.60951311111111,0.2483898323444444,-0.0567559723333333,-29.485896666666665,17,-0.3762847805865981,-0.9683595013784247,0.5920747207918268,182,False,False,False,False,False,False,False,False,True,False,False,False,False,False,False,False,normal,bajo,0.12029383
Maule,Constitución,2019,35,14.698999999999998,0.4199714285714285,4.2,0,15.935523557142863,0.0434986702338857,0.3755166198285715,-9.003965108571421,23,0.3013387269013257,-0.1435459700319619,0.4448846969332876,183,False,False,False,False,False,False,False,False,False,False,True,False,False,False,False,False,normal,alto,0.13850887
Biobío,Treguaco,2019,8,14.54,1.8175,7.4,0,17.991412125,0.0791805794355,0.4224169249999999,-14.98455247,6,0.3748588849422826,-0.3843860181062497,0.7592449030485324,184,False,False,False,False,False,True,False,False,False,False,False,False,False,False,False,False,normal,alto,0.33503857
Metropolitana,Peñaflor,2019,13,13.69,1.053076923076923,4.0,0,17.62046069230769,0.2223928238436922,0.910905023846154,-23.867595615384623,4,1.140604909345006,-0.7421088317513246,1.8827137410963308,185,False,False,False,False,False,False,False,False,False,False,False,True,False,False,False,False,normal,catastrofico,0.65126854
Metropolitana,San Bernardo,2019,15,13.579999999999998,0.9053333333333332,5.5,0,21.3914022,0.0006706764311999999,0.998745336,-5.638588979999999,13,1.27830195861393,-0.0080212632413576,1.2863232218552878,186,False,False,False,False,False,False,False,False,False,False,False,True,False,False,False,False,normal,catastrofico,0.3763367
Coquimbo,Monte Patria,2019,5,13.31,2.662,11.0,0,18.1802006,8.9406968e-06,0.98040886,-13.8289326848,3,1.2495579961065075,-0.3378488625054186,1.587406858611926,187,False,False,False,False,False,False,True,False,False,False,False,False,False,False,False,False,normal,alto,0.110997096
Metropolitana,Buin,2019,11,12.55,1.1409090909090909,5.0,0,19.005868,0.0391724423167272,1.083396998,-11.758172218181818,4,1.411000531595947,-0.2544587169910943,1.6654592485870414,188,False,False,False,False,False,False,False,False,False,False,False,True,False,False,False,False,normal,catastrofico,0.49845105
Los Lagos,San Juan de la Costa,2019,8,12.11,1.5137500000000002,4.0,0,13.827807937499998,0.3136231056125,-0.3402789788749999,-35.183840874999994,7,-0.8207308491782607,-1.1978174248442917,0.377086575666031,189,False,False,False,False,False,False,False,True,False,False,False,False,False,False,False,False,normal,bajo,0.111334
Los Ríos,Máfil,2019,12,12.083,1.006916666666667,5.6,0,15.696495083333335,0.068225978002,0.0463864031666666,-38.94132858333334,10,-0.2146004648926504,-1.3491325826413314,1.134532117748681,190,False,False,False,False,False,False,False,False,True,False,False,False,False,False,False,False,normal,normal,0.071045674
Metropolitana,La Florida,2019,8,12.02,1.5025,10.8,0,16.735007375000002,0.1900554575,0.685676929375,-9.4018643,7,0.7875409998404173,-0.1595694898973231,0.9471104897377404,191,False,False,False,False,False,False,False,False,False,False,False,True,False,False,False,False,normal,catastrofico,0.3834122
Coquimbo,Illapel,2019,3,12.0,4.0,8.0,0,17.157128000000004,0.0,0.1307833986666666,-3.7681311,2,-0.0823011029873908,0.0673026369904958,-0.1496037399778867,192,False,False,False,False,False,False,True,False,False,False,False,False,False,False,False,False,normal,bajo,0.0146026695
Magallanes,Torres del Paine,2019,3,11.902,3.967333333333334,11.9,0,5.130868333333333,2.34225213,-0.9542395333333332,10.8142802,2,-1.783165460844465,0.6545407168456026,-2.4377061776900675,193,False,False,False,False,False,False,False,False,False,True,False,False,False,False,False,False,normal,bajo,0.006276458
Atacama,Freirina,2019,8,11.66,1.4575,3.5,0,18.534531125,0.014491844875,0.0578577515,-1.1414635024999995,3,-0.1966181652183337,0.1730793295168907,-0.3696974947352244,194,False,False,False,True,False,False,False,False,False,False,False,False,False,False,False,False,normal,bajo,0.23973967
Araucanía,Pucón,2019,3,11.29,3.763333333333333,10.0,0,14.189078666666669,0.0155114879999999,-0.0996923603333333,-33.90627533333333,3,-0.4435911663324822,-1.146369477029421,0.7027783106969387,195,False,True,False,False,False,False,False,False,False,False,False,False,False,False,False,False,normal,bajo,0.21505395
Biobío,Talcahuano,2019,27,10.949999999999998,0.4055555555555554,5.5,0,16.74964918518518,0.0914527017148148,-0.0320545866666667,-10.296492024592592,23,-0.3375632888733567,-0.1955964168826357,-0.141966871990721,196,False,False,False,False,False,True,False,False,False,False,False,False,False,False,False,False,normal,normal,0.09384452
Coquimbo,Vicuña,2019,4,10.93,2.7325000000000004,6.0,0,11.4021733,0.119452818371,1.192782745,-1.1807685999999995,2,1.5824718552360184,0.1714965014434281,1.4109753537925902,197,False,False,False,False,False,False,True,False,False,False,False,False,False,False,False,False,normal,bajo,0.2050627
Coquimbo,Salamanca,2019,3,10.3,3.4333333333333336,4.3,0,10.457156,2.9802322666666667e-05,3.1062703,-46.05822633333333,0,4.582023925074278,-1.635732191118643,6.217756116192922,198,False,False,False,False,False,False,True,False,False,False,False,False,False,False,False,False,normal,bajo,0.05296582
Metropolitana,María Pinto,2019,27,10.019999999999998,0.371111111111111,6.0,0,17.38841233333333,0.050079009258074,0.9158491749629628,-6.860912040740737,10,1.148355280481346,-0.0572445797687146,1.2055998602500606,199,False,False,False,False,False,False,False,False,False,False,False,True,False,False,False,False,normal,alto,0.36275256
Los Lagos,San Pablo,2019,5,9.9,1.98,5.4,0,14.3062173,0.0493384892,0.1858635879999999,-47.0408954,3,0.0040417088538301,-1.6753045693742437,1.679346278228074,200,False,False,False,False,False,False,False,True,False,False,False,False,False,False,False,False,normal,normal,0.115880355
Biobío,Santa Bárbara,2019,12,9.11,0.7591666666666667,6.0,0,16.54085333333333,0.1244995120723333,-0.00401974,-21.555755,9,-0.2936163177384447,-0.6490103162877322,0.3553939985492874,201,False,False,False,False,False,True,False,False,False,False,False,False,False,False,False,False,normal,catastrofico,0.4239298
Valparaíso,Calera,2019,24,8.91,0.37125,1.9,0,17.340291229166667,0.0176846506659999,0.3286550883333333,-6.374514995000001,15,0.2278793498465674,-0.0376572247482191,0.2655365745947865,202,False,False,False,False,False,False,False,False,False,False,False,False,False,False,True,False,normal,alto,0.23749349
Los Lagos,Osorno,2019,9,8.42,0.9355555555555556,3.6,0,14.195528444444443,1.2962320870204445,-0.277445474,-30.222233888888884,7,-0.7222340655903483,-0.9980120223235458,0.2757779567331975,203,False,False,False,False,False,False,False,True,False,False,False,False,False,False,False,False,normal,bajo,0.05687734
Metropolitana,Curacaví,2019,39,8.16,0.2092307692307692,1.2000000000000002,0,17.713423192307694,0.3357954851013333,0.7201165327179487,-12.784116146153847,21,0.8415279637074233,-0.2957737869000949,1.1373017506075185,204,False,False,False,False,False,False,False,False,False,False,False,True,False,False,False,False,normal,catastrofico,0.5786662
Arica y Parinacota,Arica,2019,11,8.12,0.7381818181818182,2.6,0,18.94769945454545,1.064313471818182,0.0317303065181818,3.292898800000004,7,-0.237575124394793,0.3516524303799813,-0.5892275547747744,205,False,False,True,False,False,False,False,False,False,False,False,False,False,False,False,False,normal,bajo,0.10311721
Coquimbo,La Serena,2019,11,7.96,0.7236363636363636,7.0,0,16.92425090909091,0.0623319897727272,0.0676317177909091,-1.463943187272727,6,-0.1812966541158349,0.160092975821174,-0.3413896299370089,206,False,False,False,False,False,False,True,False,False,False,False,False,False,False,False,False,normal,normal,0.06298049
Valparaíso,Llay-Llay,2019,7,7.528,1.0754285714285714,6.0,0,18.33784728571429,1.011754773497714,0.9224907942857145,-4.5770512071428575,5,1.158766575258038,0.0347271814843986,1.1240393937736397,207,False,False,False,False,False,False,False,False,False,False,False,False,False,False,True,False,normal,catastrofico,0.38392112
Biobío,Chiguayante,2019,9,7.521999999999999,0.8357777777777777,3.3,0,17.679315666666664,0.00040357311488888894,0.0485810211111111,-6.349090422222223,9,-0.2111602173819931,-0.0366333695714584,-0.1745268478105347,208,False,False,False,False,False,True,False,False,False,False,False,False,False,False,False,False,normal,bajo,0.07502235
Los Ríos,Lanco,2019,3,7.440000000000001,2.4800000000000004,4.32,0,15.331706333333337,1.1606807393333334,0.0884307199999999,-43.06837733333333,3,-0.1486924754454128,-1.5153300745073313,1.3666375990619184,209,False,False,False,False,False,False,False,False,True,False,False,False,False,False,False,False,normal,normal,0.048696265
Los Lagos,Castro,2019,13,7.15,0.55,2.5,0,15.557110846153844,0.5141731264195385,-0.2882760892307692,-15.53691307692308,11,-0.7392119624406237,-0.4066297455340388,-0.3325822169065849,210,False,False,False,False,False,False,False,True,False,False,False,False,False,False,False,False,normal,normal,0.049187284
Biobío,Hualpén,2019,12,6.960000000000001,0.5800000000000001,1.4,0,17.17769708333333,0.0012648912583333,-0.2871516566666667,-3.690126699833333,11,-0.73744932018239,0.0704438975976577,-0.8078932177800477,211,False,False,False,False,False,True,False,False,False,False,False,False,False,False,False,False,bajo,normal,0.105831064
Tarapacá,Huara,2019,6,6.728000000000001,1.1213333333333335,4.9910000000000005,0,17.77965383333333,3.725290333333333e-06,0.33161386,-0.3883494233333334,0,0.2325174723437523,0.2034074595266155,0.0291100128171368,212,False,False,False,False,False,False,False,False,False,False,False,False,False,True,False,False,bajo,bajo,0.02543317
Biobío,Concepción,2019,26,6.6556,0.2559846153846153,2.24,0,16.58066498076923,0.0006343739526923077,-0.0017719653846153,-10.53223068580769,22,-0.2900927426921953,-0.2050896835250029,-0.0850030591671924,213,False,False,False,False,False,True,False,False,False,False,False,False,False,False,False,False,bajo,normal,0.04055675
Metropolitana,Maipú,2019,4,6.5,1.625,3.0,0,19.62895875,1.1175871e-05,0.3564758275,-6.614967050000001,3,0.2714906895355812,-0.0473403011729949,0.3188309907085762,214,False,False,False,False,False,False,False,False,False,False,False,True,False,False,False,False,bajo,alto,0.100231476
Metropolitana,Quilicura,2019,4,6.4,1.6,3.6,0,22.52260825,0.0031339005,0.86300993,-6.398559975,4,1.0655253367050217,-0.0386255233097439,1.1041508600147656,215,False,False,False,False,False,False,False,False,False,False,False,True,False,False,False,False,bajo,catastrofico,0.29084456
Metropolitana,Lo Barnechea,2019,5,6.35,1.27,4.8,0,15.509778799999998,0.023905188,0.926253692,-20.0038056,3,1.1646652327110127,-0.5865128481434696,1.7511780808544823,216,False,False,False,False,False,False,False,False,False,False,False,True,False,False,False,False,bajo,alto,0.24656792
Valparaíso,Algarrobo,2019,12,6.069999999999999,0.5058333333333332,3.2,0,15.155493124999998,0.015038686175,-0.0204541649999999,-2.6372284133333337,10,-0.319378655934238,0.1128444276147333,-0.4322230835489713,217,False,False,False,False,False,False,False,False,False,False,False,False,False,False,True,False,bajo,catastrofico,0.34853855
Biobío,Antuco,2019,4,5.715000000000001,1.4287500000000002,5.0,0,15.669617424999998,0.0006509945,1.114744175,-37.5774805,3,1.4601398580620322,-1.29421001097647,2.754349869038502,218,False,False,False,False,False,True,False,False,False,False,False,False,False,False,False,False,bajo,alto,0.21816501
Valparaíso,Cartagena,2019,15,5.33,0.3553333333333333,1.8,0,15.771340266666668,0.0506858033522666,-0.0999020389333333,-1.2406208466666666,12,-0.4439198551065416,0.1690862335059473,-0.613006088612489,219,False,False,False,False,False,False,False,False,False,False,False,False,False,False,True,False,bajo,bajo,0.2143406
Metropolitana,Tiltil,2019,3,5.11,1.7033333333333334,5.0,0,17.860585333333333,0.3013306689893333,0.8755922133333334,-11.444461600000002,2,1.085249120074907,-0.2418254962389648,1.3270746163138718,220,False,False,False,False,False,False,False,False,False,False,False,True,False,False,False,False,bajo,catastrofico,0.6009047
Metropolitana,Vitacura,2019,7,5.1,0.7285714285714285,2.5,0,19.237777285714287,0.0523972714285714,0.6550401971428571,-4.606592657142857,7,0.7395153550747241,0.0335375384262485,0.7059778166484756,221,False,False,False,False,False,False,False,False,False,False,False,True,False,False,False,False,bajo,alto,0.3229014
Ñuble,San Nicolás,2019,4,4.909999999999999,1.2274999999999998,2.51,0,16.879618,1.1175871e-05,0.63423967,-14.01089515,2,0.7069087859428523,-0.3451765455937257,1.052085331536578,222,False,False,False,False,False,False,False,False,False,False,False,False,False,False,False,True,bajo,bajo,0.10237429
Metropolitana,Isla de Maipo,2019,9,4.649999999999999,0.5166666666666665,2.5,0,21.93594733333333,0.1777131118853333,1.7744290377777778,-7.857044711111111,4,2.494251154169235,-0.0973591413864657,2.5916102955557005,223,False,False,False,False,False,False,False,False,False,False,False,True,False,False,False,False,bajo,catastrofico,0.51893544
Los Lagos,Calbuco,2019,6,4.6450000000000005,0.7741666666666668,3.0,0,14.995719333333332,0.5577759096639999,-0.308757615,-7.603885166666672,4,-0.7713184701908358,-0.0871643305477022,-0.6841541396431335,224,False,False,False,False,False,False,False,True,False,False,False,False,False,False,False,False,bajo,alto,0.040880207
Ñuble,Coelemu,2019,15,4.5257000000000005,0.3017133333333334,3.0,0,15.461356999999998,0.4800709612568,0.5881956727999998,-10.842293093333332,9,0.6347309623954775,-0.2175759897390245,0.8523069521345021,225,False,False,False,False,False,False,False,False,False,False,False,False,False,False,False,True,bajo,alto,0.2974004
Metropolitana,Colina,2019,7,4.319999999999999,0.6171428571428571,2.0,0,20.40295585714286,0.0949182514285714,0.8351780957142856,-11.934484914285711,5,1.0218966044872622,-0.2615588821821645,1.2834554866694263,226,False,False,False,False,False,False,False,False,False,False,False,True,False,False,False,False,bajo,catastrofico,0.5254402
Araucanía,Teodoro Schmidt,2019,5,3.99,0.798,2.2,0,14.2685958,0.1579079862,-0.026129528,-37.2973612,2,-0.3282752629642919,-1.2829295226897106,0.9546542597254188,227,False,True,False,False,False,False,False,False,False,False,False,False,False,False,False,False,bajo,catastrofico,0.5070338
Valparaíso,El Tabo,2019,7,3.75,0.5357142857142857,1.9,0,15.69796357142857,0.1087103551757142,0.293239188,-2.4712712485714285,5,0.1723619586451203,0.1195275724505245,0.0528343861945958,228,False,False,False,False,False,False,False,False,False,False,False,False,False,False,True,False,bajo,alto,0.16431181
Valparaíso,Calle Larga,2019,3,3.74,1.2466666666666668,3.2,0,13.696413333333334,0.5724100933333333,1.5662261666666666,-17.929596,1,2.167875708791644,-0.5029838049926274,2.670859513784271,229,False,False,False,False,False,False,False,False,False,False,False,False,False,False,True,False,bajo,bajo,0.20779674
Aysén,Lago Verde,2019,2,3.5,1.75,3.0,0,5.5546028,1.1719613,-0.278632404,-52.070905,1,-0.7240946778158891,-1.87786456568684,1.1537698878709506,230,False,False,False,False,True,False,False,False,False,False,False,False,False,False,False,False,bajo,bajo,0.33411458
Valparaíso,Concón,2019,16,3.48,0.2175,0.7,0,15.0439210625,0.0244764381855,0.29800075329375,-13.746625112125,6,0.1798261112053066,-0.3345343118497802,0.5143604230550869,231,False,False,False,False,False,False,False,False,False,False,False,False,False,False,True,False,bajo,alto,0.26417515
Metropolitana,Providencia,2019,4,3.3599999999999994,0.8399999999999999,3.3,0,13.1802285,0.4791729194355,1.914605385,-46.67844225,0,2.7139893235417465,-1.6607084722360816,4.374697795777828,232,False,False,False,False,False,False,False,False,False,False,False,True,False,False,False,False,bajo,bajo,0.31391478
Araucanía,Saavedra,2019,3,3.1000000000000005,1.0333333333333334,1.3,0,15.679874666666668,0.001674518,0.0666500766666666,-21.748573333333336,3,-0.1828354588278727,-0.6567751684440782,0.4739397096162055,233,False,True,False,False,False,False,False,False,False,False,False,False,False,False,False,False,bajo,bajo,0.16845651
Valparaíso,Cabildo,2019,2,3.1,1.55,2.5,0,19.808118,0.2696728,0.31153393,-1.4402189,2,0.2010404996107327,0.161048359990318,0.0399921396204147,234,False,False,False,False,False,False,False,False,False,False,False,False,False,False,True,False,bajo,alto,0.19785362
Ñuble,San Fabián,2019,2,3.01,1.505,2.07,0,8.9824315,0.430552125,0.615164285,-82.56120250000001,1,0.6770065216661914,-3.105717997451651,3.782724519117842,235,False,False,False,False,False,False,False,False,False,False,False,False,False,False,False,True,bajo,bajo,0.22594355
Metropolitana,Calera de Tango,2019,3,3.01,1.0033333333333332,1.5,0,21.18549966666667,0.011810412,0.6999549800000001,-11.0631218,2,0.8099230405250115,-0.2264688280366125,1.036391868561624,235,False,False,False,False,False,False,False,False,False,False,False,True,False,False,False,False,bajo,alto,0.20029457
Metropolitana,Recoleta,2019,3,2.91,0.97,2.8,0,15.83214833333333,0.5996295666666667,0.5430799999999999,-10.4010311,2,0.564008365127587,-0.199806236825931,0.763814601953518,237,False,False,False,False,False,False,False,False,False,False,False,True,False,False,False,False,bajo,normal,0.19033305
Metropolitana,Peñalolén,2019,6,2.87,0.4783333333333333,1.3,0,16.717349666666667,0.5779098693333333,0.8376146200000001,-11.784257966666669,4,1.025716060456719,-0.2555091979120258,1.281225258368745,238,False,False,False,False,False,False,False,False,False,False,False,True,False,False,False,False,bajo,catastrofico,0.3484652
Valparaíso,Papudo,2019,12,2.77,0.2308333333333333,1.0,0,16.860811666666667,0.0637827111236666,0.2857626291666666,-4.474826753333334,7,0.1606418262276443,0.0388437909212303,0.1217980353064139,239,False,False,False,False,False,False,False,False,False,False,False,False,False,False,True,False,bajo,alto,0.17600483
Aysén,Coihaique,2019,20,2.6139999999999985,0.1306999999999999,1.02,0,9.86220412,2.01737969067,-0.4800992969999999,-26.381034155,16,-1.0399109131098956,-0.8433257561318319,-0.1965851569780636,240,False,False,False,False,True,False,False,False,False,False,False,False,False,False,False,False,bajo,bajo,0.07572818
O'Higgins,Peumo,2019,2,2.5,1.25,2.3,0,22.5652695,0.0,0.29068756,-3.541064,2,0.1683620679592062,0.0764466972600253,0.0919153706991808,241,False,False,False,False,False,False,False,False,False,False,False,False,True,False,False,False,bajo,bajo,0.04422114
Ñuble,Quillón,2019,7,2.273,0.3247142857142857,0.94,0,17.444646999999996,0.981248205,1.0056798185714286,-17.31799285714286,3,1.2891723410713618,-0.4783543628615597,1.7675267039329214,242,False,False,False,False,False,False,False,False,False,False,False,False,False,False,False,True,bajo,catastrofico,0.3637891
Los Lagos,Los Muermos,2019,1,2.1,2.1,2.1,0,23.814707,0.0,0.26909637,-32.575783,1,0.13451606855067,-1.092790151428544,1.2273062199792142,243,False,False,False,False,False,False,False,True,False,False,False,False,False,False,False,False,bajo,bajo,0.018145865
O'Higgins,Graneros,2019,3,2.06,0.6866666666666665,2.0,0,19.160031666666665,1.4901161333333334e-05,0.7257712833333333,-9.311255333333332,2,0.8503922590975211,-0.1559206396140378,1.006312898711559,244,False,False,False,False,False,False,False,False,False,False,False,False,True,False,False,False,bajo,alto,0.34554154
Ñuble,Coihueco,2019,6,2.03,0.3383333333333334,0.95,0,15.832459333333333,0.0192730994999999,0.4481603166666666,-23.597650833333333,5,0.4152138083681667,-0.731238074356167,1.1464518827243335,245,False,False,False,False,False,False,False,False,False,False,False,False,False,False,False,True,bajo,catastrofico,0.27058214
Los Lagos,Llanquihue,2019,1,2.03,2.03,2.03,0,14.856629,0.7689651,0.089211464,-34.094666,1,-0.1474685938084017,-1.1539560257201684,1.0064874319117667,246,False,False,False,False,False,False,False,True,False,False,False,False,False,False,False,False,bajo,alto,0.16692457
O'Higgins,Nancagua,2019,4,1.91,0.4775,1.1,0,20.077619,0.000133179125,0.39318705,-6.2164638,3,0.3290386067657865,-0.0312924556876587,0.3603310624534452,247,False,False,False,False,False,False,False,False,False,False,False,False,True,False,False,False,bajo,alto,0.22579323
Ñuble,Cobquecura,2019,3,1.9,0.6333333333333333,1.2,0,12.961926,0.0,0.2601356533333332,-12.410814133333332,1,0.1204693943747649,-0.2807408027999437,0.4012101971747086,248,False,False,False,False,False,False,False,False,False,False,False,False,False,False,False,True,bajo,bajo,0.026707675
Maule,Chanco,2019,5,1.84,0.368,1.2,0,12.5044984,0.54336787362,-0.0801815019999999,-19.890890520000003,1,-0.4130062611183633,-0.5819657239812343,0.1689594628628709,249,False,False,False,False,False,False,False,False,False,False,True,False,False,False,False,False,bajo,normal,0.09421087
Los Lagos,Chonchi,2019,6,1.8,0.3,0.6,0,14.951184333333336,0.3354868985833333,0.0946772876666666,-33.193271333333335,6,-0.1389004572402384,-1.117656591946485,0.9787561347062466,250,False,False,False,False,False,False,False,True,False,False,False,False,False,False,False,False,bajo,alto,0.23658857
Los Lagos,Río Negro,2019,6,1.71,0.285,0.7,0,14.24899,0.0443014632666666,-1.2399578116666663,-26.88045033333334,6,-2.23105280190709,-0.8634373955294291,-1.367615406377661,251,False,False,False,False,False,False,False,True,False,False,False,False,False,False,False,False,bajo,bajo,0.03338128
Atacama,Alto del Carmen,2019,3,1.71,0.57,1.5,0,15.368173333333331,0.0256815299999999,0.6325537386666666,-4.654695866666667,1,0.7042659473169668,0.0316004077408981,0.6726655395760687,251,False,False,False,True,False,False,False,False,False,False,False,False,False,False,False,False,bajo,alto,0.14273036
Ñuble,Ñiquén,2019,2,1.7,0.85,1.0,0,23.175575,0.0,0.6781883,-8.564209,2,0.7758019458375116,-0.1258368595502108,0.9016388053877225,253,False,False,False,False,False,False,False,False,False,False,False,False,False,False,False,True,bajo,bajo,0.050294504
Valparaíso,Rinconada,2019,3,1.64,0.5466666666666667,1.5,0,20.776816333333333,0.0004346172,1.7364470333333333,-7.5568328,2,2.434711179764782,-0.0852695176196116,2.519980697384393,254,False,False,False,False,False,False,False,False,False,False,False,False,False,False,True,False,bajo,bajo,0.16353014
Ñuble,San Ignacio,2019,3,1.6,0.5333333333333333,0.97,0,17.859405,0.4299711,0.7438119333333333,-18.9187,2,0.878672489563262,-0.5428153199449595,1.4214878095082215,255,False,False,False,False,False,False,False,False,False,False,False,False,False,False,False,True,bajo,catastrofico,0.46734676
Los Lagos,Puerto Octay,2019,2,1.58,0.79,0.93,0,17.2777775,0.0,0.394495485,-38.605912,1,0.3310896882594933,-1.3356252561576634,1.6667149444171567,256,False,False,False,False,False,False,False,True,False,False,False,False,False,False,False,False,bajo,bajo,0.013754737
Maule,Pelluhue,2019,5,1.5700000000000005,0.314,0.5,0,15.2017504,1.7881394e-05,-0.237897682,-4.46071908,4,-0.6602395879982884,0.0394119111606787,-0.6996514991589672,257,False,False,False,False,False,False,False,False,False,False,True,False,False,False,False,False,bajo,bajo,0.047556464
Ñuble,Ninhue,2019,2,1.53,0.765,1.5,0,16.0117005,0.0004367903,0.326954365,-13.501037,1,0.2252133235212893,-0.3246444048630307,0.54985772838432,258,False,False,False,False,False,False,False,False,False,False,False,False,False,False,False,True,bajo,bajo,0.078257725
Coquimbo,Canela,2019,1,1.5,1.5,1.5,0,10.129185,0.0005532056,0.5060091,-6.525879,0,0.5058966232794584,-0.0437526986603682,0.5496493219398266,259,False,False,False,False,False,False,True,False,False,False,False,False,False,False,False,False,bajo,normal,0.039129406
Los Lagos,Cochamó,2019,1,1.5,1.5,1.5,0,10.846326,4.4703484e-05,0.31819534,-105.627945,1,0.211482817932234,-4.034622641240719,4.246105459172953,259,False,False,False,False,False,False,False,True,False,False,False,False,False,False,False,False,bajo,bajo,0.011093208
Ñuble,Pemuco,2019,4,1.304,0.326,1.03,0,12.173117325,0.000289641325,0.40604710125,-42.74421125,1,0.3491978146186766,-1.502275809035419,1.851473623654096,261,False,False,False,False,False,False,False,False,False,False,False,False,False,False,False,True,bajo,normal,0.07347389
Ñuble,San Carlos,2019,2,1.3,0.65,1.0,0,17.065444499999998,0.0,0.26885701,-18.563358,1,0.1341408516951643,-0.5285055909516568,0.6626464426468213,262,False,False,False,False,False,False,False,False,False,False,False,False,False,False,False,True,bajo,bajo,0.031193707
Ñuble,Bulnes,2019,4,1.1700000000000002,0.2925,0.56,0,16.34342775,0.000671017925,0.957685705,-14.67134275,2,1.2139375467153404,-0.3717729686742428,1.5857105153895832,263,False,False,False,False,False,False,False,False,False,False,False,False,False,False,False,True,bajo,alto,0.11341852
Arica y Parinacota,Putre,2019,2,1.1,0.55,0.6,0,7.616894999999999,0.0,0.43918609,1.214330499999999,1,0.4011459561352852,0.267947861071907,0.1331980950633782,264,False,False,True,False,False,False,False,False,False,False,False,False,False,False,False,False,bajo,bajo,0.018209336
Los Lagos,Maullín,2019,2,1.08,0.54,1.0,0,16.847756,0.006926245992,-0.054989815,-22.9934465,1,-0.3735161809837332,-0.7069065845053217,0.3333904035215885,265,False,False,False,False,False,False,False,True,False,False,False,False,False,False,False,False,bajo,bajo,0.0534592
Metropolitana,Las Condes,2019,2,1.01,0.505,1.0,0,15.461569,0.0,0.3668455949999999,-6.624053,1,0.2877461689543467,-0.0477061951065763,0.3354523640609231,266,False,False,False,False,False,False,False,False,False,False,False,True,False,False,False,False,bajo,bajo,0.014631773
Los Lagos,Purranque,2019,1,1.0,1.0,1.0,0,19.070932,0.0016950071,0.41087723,-72.14608,1,0.3567694461413325,-2.686297888353801,3.0430673344951336,267,False,False,False,False,False,False,False,True,False,False,False,False,False,False,False,False,bajo,bajo,0.095130555
Ñuble,Ránquil,2019,4,0.95,0.2375,0.7000000000000001,0,14.475185499999998,0.00790739434,0.036255835,-13.5243575,1,-0.2304809793143722,-0.3255835283975082,0.095102549083136,268,False,False,False,False,False,False,False,False,False,False,False,False,False,False,False,True,bajo,bajo,0.14704467
Valparaíso,Petorca,2019,2,0.95,0.475,0.8999999999999999,0,17.896992,0.0201687215,1.84088085,-13.6421027,0,2.598419937694806,-0.330325162941869,2.928745100636675,269,False,False,False,False,False,False,False,False,False,False,False,False,False,False,True,False,bajo,bajo,0.14228086
Los Ríos,Lago Ranco,2019,2,0.84,0.42,0.7,0,13.4621395,0.004773959485,-1.5156703,-40.858476,2,-2.663255228779162,-1.4263366845282743,-1.236918544250888,270,False,False,False,False,False,False,False,False,True,False,False,False,False,False,False,False,bajo,bajo,0.017092062
Biobío,Cobquecura,2019,3,0.75,0.25,0.55,0,13.996632666666663,0.0243646404946666,-0.2522439999999999,-5.9160821666666665,3,-0.6827286435131845,-0.0191959971559749,-0.6635326463572095,271,False,False,False,False,False,True,False,False,False,False,False,False,False,False,False,False,bajo,alto,0.10584268
Valparaíso,Putaendo,2019,3,0.71,0.2366666666666666,0.4,0,16.910066,0.0,1.1862351,-8.795480593333334,1,1.5722078730841638,-0.1351502360282216,1.7073581091123855,272,False,False,False,False,False,False,False,False,False,False,False,False,False,False,True,False,bajo,bajo,0.04967801
Araucanía,Curarrehue,2019,2,0.7,0.35,0.3999999999999999,0,11.625398,0.005049631,-0.88960695,-26.732704,2,-1.6818484710318533,-0.8574876063411141,-0.8243608646907392,273,False,True,False,False,False,False,False,False,False,False,False,False,False,False,False,False,bajo,bajo,0.040180825
Araucanía,Melipeuco,2019,3,0.7,0.2333333333333333,0.5,0,11.800145666666666,0.0914347649999999,0.1622552888333333,-35.54243866666667,3,-0.0329662781830835,-1.2122582655452132,1.1792919873621297,273,False,True,False,False,False,False,False,False,False,False,False,False,False,False,False,False,bajo,bajo,0.18998584
Ñuble,Treguaco,2019,1,0.68,0.68,0.68,0,17.7116,0.0,1.2812948,-15.585753,0,1.7212219177003063,-0.4085965438952921,2.1298184615955984,275,False,False,False,False,False,False,False,False,False,False,False,False,False,False,False,True,bajo,bajo,0.07425606
Metropolitana,Huechuraba,2019,6,0.6700000000000002,0.1116666666666666,0.4,0,16.40428833333333,0.3540671031236667,1.6980525666666668,-28.636770316666667,3,2.374524636267594,-0.9341649284048608,3.308689564672455,276,False,False,False,False,False,False,False,False,False,False,False,True,False,False,False,False,bajo,alto,0.2798018
Ñuble,Quirihue,2019,4,0.53,0.1325,0.39,0,18.61629825,0.0,0.8147149124999999,-5.5374818,4,0.9898188502288134,-0.003949646756177,0.9937684969849904,277,False,False,False,False,False,False,False,False,False,False,False,False,False,False,False,True,bajo,bajo,0.12655374
Los Lagos,Puyehue,2019,1,0.5,0.5,0.5,0,23.498362,0.0,0.38696384,-87.45508,1,0.3192832036602052,-3.302795913238192,3.622079116898397,278,False,False,False,False,False,False,False,True,False,False,False,False,False,False,False,False,bajo,bajo,0.026948178
Arica y Parinacota,Camarones,2019,1,0.5,0.5,0.5,0,15.3074045,0.0,0.4972601,0.4862969,0,0.4921818327178783,0.2386297294859463,0.253552103231932,278,False,False,True,False,False,False,False,False,False,False,False,False,False,False,False,False,bajo,bajo,0.02616411
Los Ríos,Corral,2019,4,0.45,0.1125,0.2,0,13.3586945,0.0284588892425,-0.2951095,-16.1632195,3,-0.749923906379502,-0.4318512931726389,-0.3180726132068631,280,False,False,False,False,False,False,False,False,True,False,False,False,False,False,False,False,bajo,normal,0.016363189
Maule,Licantén,2019,5,0.426,0.0852,0.2,0,19.922105800000004,0.003169477,1.23300132,-3.73996332,5,1.645517841384173,0.068436961945449,1.5770808794387237,281,False,False,False,False,False,False,False,False,False,False,True,False,False,False,False,False,bajo,catastrofico,0.710264
Magallanes,Natales,2019,4,0.411,0.10275,0.15,0,10.86860375,1.4599975900000002,0.1485593324999999,10.388031,4,-0.054435837292949,0.6373755336260224,-0.6918113709189715,282,False,False,False,False,False,False,False,False,False,True,False,False,False,False,False,False,bajo,bajo,0.0065218154
O'Higgins,Palmilla,2019,4,0.39,0.0975,0.2,0,18.979351,0.0,0.390550615,-3.4881081499999995,4,0.3249057740015598,0.0785792452338364,0.2463265287677233,283,False,False,False,False,False,False,False,False,False,False,False,False,True,False,False,False,bajo,bajo,0.14116547
Valparaíso,Los Andes,2019,3,0.37,0.1233333333333333,0.3,0,11.405789666666667,0.88779195,0.6979641900000001,-12.543023233333336,2,0.8068023103956152,-0.2860649029385383,1.0928672133341537,284,False,False,False,False,False,False,False,False,False,False,False,False,False,False,True,False,bajo,normal,0.1453969
O'Higgins,Placilla,2019,1,0.3,0.3,0.3,0,24.691582,0.0,1.0050659,-3.0533624,1,1.2882099722716125,0.0960865870720938,1.1921233851995183,285,False,False,False,False,False,False,False,False,False,False,False,False,True,False,False,False,bajo,bajo,0.3218042
Valparaíso,Santa María,2019,1,0.25,0.25,0.25,0,25.869858,0.0,1.0439625,-0.97961664,1,1.3491836518415694,0.1795969512469178,1.1695867005946514,286,False,False,False,False,False,False,False,False,False,False,False,False,False,False,True,False,bajo,bajo,0.30909994
Metropolitana,La Reina,2019,2,0.21,0.105,0.2,0,14.634991,2.5878494,1.27477813,-23.24975,1,1.7110064914562866,-0.7172280033779428,2.4282344948342294,287,False,False,False,False,False,False,False,False,False,False,False,True,False,False,False,False,bajo,bajo,0.23440886
Atacama,Copiapó,2019,1,0.2,0.2,0.2,0,19.469006,0.0,1.4790258,-3.926848,0,2.0311818276936533,0.060911059789779,1.9702707679038745,288,False,False,False,True,False,False,False,False,False,False,False,False,False,False,False,False,bajo,bajo,0.08334998
Antofagasta,San Pedro de Atacama,2019,3,0.1249999999999999,0.0416666666666666,0.105,0,12.439335,0.0,0.2349704113333333,9.111088713333334,0,0.0810207689934096,0.5859526844770672,-0.5049319154836576,289,True,False,False,False,False,False,False,False,False,False,False,False,False,False,False,False,bajo,bajo,0.0037142246
Magallanes,Río Verde,2019,1,0.08,0.08,0.08,0,8.886574,0.8313953,-0.266366,-19.74356,1,-0.7048660617679147,-0.576032679720656,-0.1288333820472587,290,False,False,False,False,False,False,False,False,False,True,False,False,False,False,False,False,bajo,bajo,0.020344313
Aysén,Río Ibáñez,2019,2,0.07,0.035,0.05,0,9.735533,1.20873188,0.355405095,-18.2294803,2,0.2698122266272514,-0.515060235761707,0.7848724623889585,291,False,False,False,False,True,False,False,False,False,False,False,False,False,False,False,False,bajo,alto,0.111519486
Los Lagos,Palena,2019,1,0.06,0.06,0.06,0,9.573264,0.0,-2.3234282,-30.079674,1,-3.92948341748207,-0.9922710928096824,-2.937212324672388,292,False,False,False,False,False,False,False,True,False,False,False,False,False,False,False,False,bajo,bajo,0.0043140263
Tarapacá,Pozo Almonte,2019,1,0.05,0.05,0.05,0,18.546099,0.0,1.0111618,0.055210233,0,1.297765806285138,0.2212697400183458,1.0764960662667922,293,False,False,False,False,False,False,False,False,False,False,False,False,False,True,False,False,bajo,bajo,0.15665954
Aysén,Cisnes,2019,2,0.02,0.01,0.01,0,21.3919355,2.2351742e-05,-0.1826725049999999,-128.18291499999998,2,-0.5736694958413345,-4.942918052850013,4.369248557008678,294,False,False,False,False,True,False,False,False,False,False,False,False,False,False,False,False,bajo,bajo,0.022984317
Ñuble,El Carmen,2019,1,0.02,0.02,0.02,0,16.137003,0.0,-0.17471886,-34.9681,0,-0.5612014908834927,-1.189129475054996,0.6279279841715032,294,False,False,False,False,False,False,False,False,False,False,False,False,False,False,False,True,bajo,bajo,0.014310176
Aysén,Aisén,2019,1,0.012,0.012,0.012,0,8.077361,0.042445958,-2.4197626,-18.826912,1,-4.08049566115283,-0.5391189896354625,-3.541376671517368,296,False,False,False,False,True,False,False,False,False,False,False,False,False,False,False,False,bajo,bajo,0.054360356
Ñuble,Yungay,2019,2,0.011,0.0055,0.01,0,14.6776125,1.66128125,0.6750183000000001,-21.4049585,1,0.7708327052294184,-0.6429376959722655,1.4137704012016838,297,False,False,False,False,False,False,False,False,False,False,False,False,False,False,False,True,bajo,bajo,0.20289138
Aysén,"\Villa O\""\""Higgins\""""",2019,1,0.01,0.01,0.01,0,4.069589,0.0012088567,-0.010633945,-50.56366,1,-0.3039846382672315,-1.8171673571482756,1.5131827188810438,298,False,False,False,False,True,False,False,False,False,False,False,False,False,False,False,False,bajo,bajo,0.11099507
Ñuble,Pinto,2019,1,0.01,0.01,0.01,0,11.633896,0.9341892,0.6745205,-35.3413,1,0.7700523620197309,-1.2041583510682463,1.9742107130879771,298,False,False,False,False,False,False,False,False,False,False,False,False,False,False,False,True,bajo,alto,0.15586667
Metropolitana,Santiago,2019,1,0.01,0.01,0.01,0,14.1618,0.0,0.68282986,-6.0730057,0,0.7830779800447363,-0.0255153549427592,0.8085933349874955,298,False,False,False,False,False,False,False,False,False,False,False,True,False,False,False,False,bajo,bajo,0.0150019955
